{"type":"FeatureCollection","meta":{"source":"서울 열린데이터광장 OA-20957 의제처리구역","zones":1547},"features":[{"type":"Feature","properties":{"name":"가재울8재정비촉진구역","cat":"재개발","gu":"서대문구"},"geometry":{"type":"Polygon","coordinates":[[[126.91538,37.57133],[126.91552,37.57084],[126.91508,37.57023],[126.9137,37.571],[126.91387,37.57138],[126.91538,37.57133]]]}},{"type":"Feature","properties":{"name":"장미_세림연립주택재건축사업","cat":"정비예정구역","gu":"성동구"},"geometry":{"type":"Polygon","coordinates":[[[127.06904,37.55374],[127.06979,37.55359],[127.06968,37.5531],[127.06995,37.55303],[127.06957,37.55236],[127.06867,37.55221],[127.06841,37.55247],[127.06861,37.55288],[127.06914,37.55296],[127.06919,37.55312],[127.06868,37.5531],[127.06904,37.55374]]]}},{"type":"Feature","properties":{"name":"천왕3역세권 장기전세주택 도시정비형 재개발정비구역","cat":"정비구역","gu":"구로구"},"geometry":{"type":"Polygon","coordinates":[[[126.83766,37.48948],[126.83811,37.48875],[126.83693,37.48843],[126.83654,37.48861],[126.83654,37.48885],[126.83735,37.48938],[126.83766,37.48948]]]}},{"type":"Feature","properties":{"name":"서소문16구역도시환경정비사업","cat":"재건축","gu":"중구"},"geometry":{"type":"Polygon","coordinates":[[[126.97517,37.5628],[126.97506,37.56258],[126.97466,37.5626],[126.97489,37.56285],[126.97517,37.5628]]]}},{"type":"Feature","properties":{"name":"청진5-1구역도시환경정비사업","cat":"재건축","gu":"종로구"},"geometry":{"type":"Polygon","coordinates":[[[126.98083,37.57086],[126.98095,37.57038],[126.98024,37.57038],[126.98024,37.57089],[126.98083,37.57086]]]}},{"type":"Feature","properties":{"name":"이문1제정비촉진구역","cat":"재개발","gu":"성북구"},"geometry":{"type":"Polygon","coordinates":[[[127.05931,37.60133],[127.06054,37.60187],[127.06001,37.60208],[127.05993,37.60231],[127.0601,37.60305],[127.06039,37.60338],[127.06086,37.60357],[127.06141,37.60314],[127.06192,37.60312],[127.06183,37.59986],[127.0616,37.59978],[127.06163,37.59904],[127.06142,37.5991],[127.06089,37.59847],[127.06102,37.59826],[127.06077,37.59785],[127.06097,37.59781],[127.06077,37.59747],[127.0586,37.59847],[127.059,37.59995],[127.0582,37.59993],[127.05823,37.59978],[127.05748,37.59952],[127.05743,37.60033],[127.05688,37.60091],[127.05741,37.60119],[127.05917,37.60104],[127.05931,37.60133]]]}},{"type":"Feature","properties":{"name":"신촌지역 마포4-1지구 도시정비형 재개발사업","cat":"재개발","gu":"서대문구"},"geometry":{"type":"MultiPolygon","coordinates":[[[[126.93645,37.55424],[126.93623,37.55442],[126.9368,37.55456],[126.93684,37.55428],[126.93645,37.55424]]],[[[126.93435,37.55329],[126.93449,37.553],[126.93424,37.55321],[126.93435,37.55329]]]]}},{"type":"Feature","properties":{"name":"신촌지역 마포4-10지구 도시정비형 재개발사업","cat":"재개발","gu":"마포구"},"geometry":{"type":"MultiPolygon","coordinates":[[[[126.93517,37.55282],[126.93469,37.55317],[126.9355,37.55359],[126.93573,37.55315],[126.93517,37.55282]]],[[[126.93447,37.55321],[126.93453,37.55304],[126.93439,37.55315],[126.93447,37.55321]]],[[[126.93447,37.55301],[126.9343,37.55309],[126.93428,37.55312],[126.93432,37.55314],[126.93447,37.55301]]]]}},{"type":"Feature","properties":{"name":"반포미도1차아파트 재건축정비사업","cat":"정비예정구역","gu":"서초구"},"geometry":{"type":"Polygon","coordinates":[[[127.01016,37.50216],[127.00963,37.50133],[127.00926,37.50115],[127.0095,37.49895],[127.00923,37.49882],[127.00927,37.49852],[127.00851,37.49851],[127.00857,37.49949],[127.00835,37.49987],[127.00794,37.49998],[127.00732,37.50114],[127.00798,37.50184],[127.00783,37.5021],[127.00834,37.50243],[127.00784,37.50336],[127.00887,37.50374],[127.00919,37.50324],[127.00954,37.5032],[127.00965,37.50293],[127.01002,37.50294],[127.01016,37.50216]]]}},{"type":"Feature","properties":{"name":"신월7동 2구역 주택정비형 공공재개발구역","cat":"재개발","gu":"양천구"},"geometry":{"type":"Polygon","coordinates":[[[126.83361,37.5221],[126.83447,37.52068],[126.83353,37.52019],[126.83326,37.52026],[126.8335,37.5207],[126.83286,37.52078],[126.83192,37.51968],[126.83158,37.51878],[126.83105,37.51885],[126.83163,37.5202],[126.8303,37.52081],[126.83026,37.52171],[126.82967,37.52218],[126.82988,37.5222],[126.82943,37.52232],[126.83005,37.52265],[126.83015,37.52251],[126.83042,37.52263],[126.83032,37.52277],[126.83173,37.52342],[126.83361,37.5221]]]}},{"type":"Feature","properties":{"name":"자양4재정비촉진구역(도시환경정비사","cat":"재개발","gu":"광진구"},"geometry":{"type":"Polygon","coordinates":[[[127.08166,37.53801],[127.0823,37.53775],[127.08207,37.53767],[127.08195,37.53707],[127.08128,37.53723],[127.08135,37.53736],[127.08083,37.53768],[127.08109,37.53821],[127.08177,37.53868],[127.08166,37.53801]]]}},{"type":"Feature","properties":{"name":"청량리3 재정비촉진구역","cat":"재개발","gu":"동대문구"},"geometry":{"type":"Polygon","coordinates":[[[127.04265,37.57867],[127.04281,37.57822],[127.0432,37.57833],[127.04211,37.5776],[127.04169,37.57846],[127.04265,37.57867]]]}},{"type":"Feature","properties":{"name":"아현3주택재개발사업구역","cat":"재개발","gu":"마포구"},"geometry":{"type":"Polygon","coordinates":[[[126.95445,37.55625],[126.95534,37.55527],[126.95558,37.55415],[126.9564,37.55401],[126.9561,37.55337],[126.95583,37.55344],[126.95523,37.55291],[126.95496,37.55161],[126.95357,37.55136],[126.95317,37.55078],[126.9526,37.55086],[126.95248,37.55104],[126.95271,37.55137],[126.95161,37.55158],[126.95158,37.55183],[126.95136,37.5519],[126.95034,37.55187],[126.94969,37.55225],[126.95018,37.5525],[126.94987,37.55312],[126.95051,37.55343],[126.95042,37.55424],[126.95156,37.555],[126.95251,37.55536],[126.9525,37.55568],[126.95214,37.55592],[126.95217,37.55611],[126.95445,37.55625]]]}},{"type":"Feature","properties":{"name":"만리제2주택재개발사업","cat":"재개발","gu":"마포구"},"geometry":{"type":"Polygon","coordinates":[[[126.96297,37.55612],[126.96345,37.55583],[126.96338,37.55565],[126.96403,37.55497],[126.96487,37.55489],[126.96564,37.55422],[126.96453,37.55346],[126.96369,37.55362],[126.96358,37.55352],[126.96409,37.55307],[126.96348,37.55253],[126.96322,37.55302],[126.96282,37.55292],[126.96275,37.55263],[126.96341,37.5525],[126.96239,37.55167],[126.9623,37.55261],[126.96254,37.55286],[126.96262,37.55334],[126.96313,37.55379],[126.96247,37.55416],[126.96208,37.55468],[126.96198,37.55523],[126.96247,37.55591],[126.96297,37.55612]]]}},{"type":"Feature","properties":{"name":"문래동1가A 도시정비형 재개발구역 5지구","cat":"재건축","gu":"영등포구"},"geometry":{"type":"MultiPolygon","coordinates":[[[[126.89257,37.51013],[126.8923,37.51037],[126.8921,37.51057],[126.89257,37.51013]]],[[[126.89335,37.51081],[126.89317,37.51106],[126.89392,37.5114],[126.89401,37.51115],[126.89335,37.51081]]]]}},{"type":"Feature","properties":{"name":"중림동 398번지일대 주택정비형 재개발사업","cat":"재개발","gu":"서대문구"},"geometry":{"type":"Polygon","coordinates":[[[126.96284,37.55805],[126.96208,37.55846],[126.96157,37.55842],[126.96156,37.55863],[126.96188,37.55891],[126.96271,37.55905],[126.96416,37.55904],[126.96428,37.55876],[126.96432,37.55819],[126.96411,37.55795],[126.96422,37.5576],[126.96402,37.55719],[126.96304,37.55754],[126.96305,37.5582],[126.96284,37.55805]]]}},{"type":"Feature","properties":{"name":"명륜2구역주거환경개선사업","cat":"주거환경개선","gu":"종로구"},"geometry":{"type":"Polygon","coordinates":[[[126.99519,37.58865],[126.99546,37.58836],[126.99494,37.58807],[126.99489,37.58781],[126.99454,37.58808],[126.99469,37.58846],[126.99519,37.58865]]]}},{"type":"Feature","properties":{"name":"주택재개발사업구역","cat":"재개발","gu":"종로구"},"geometry":{"type":"Polygon","coordinates":[[[126.9603,37.57363],[126.95963,37.57307],[126.95828,37.57438],[126.9586,37.5746],[126.95929,37.57399],[126.95985,37.57415],[126.9603,37.57363]]]}},{"type":"Feature","properties":{"name":"신림3구역주택재개발사업","cat":"재개발","gu":"관악구"},"geometry":{"type":"Polygon","coordinates":[[[126.93145,37.47596],[126.93457,37.47598],[126.93484,37.47552],[126.93478,37.47507],[126.93531,37.4746],[126.93512,37.47452],[126.93477,37.47487],[126.93428,37.47479],[126.93369,37.47436],[126.93284,37.47433],[126.93214,37.47384],[126.93197,37.47452],[126.93148,37.47468],[126.93098,37.47478],[126.93071,37.47449],[126.93029,37.47445],[126.92945,37.47467],[126.92948,37.47489],[126.9304,37.47543],[126.93102,37.47548],[126.93145,37.47596]]]}},{"type":"Feature","properties":{"name":"수송 도시정비형재개발구역 제1-2지구","cat":"재건축","gu":"종로구"},"geometry":{"type":"Polygon","coordinates":[[[126.97967,37.57342],[126.97866,37.5733],[126.97864,37.57367],[126.97953,37.5737],[126.97967,37.57342]]]}},{"type":"Feature","properties":{"name":"도시환경정비사업구역","cat":"재개발","gu":"영등포구"},"geometry":{"type":"Polygon","coordinates":[[[126.90677,37.52107],[126.90718,37.52131],[126.90714,37.5224],[126.90845,37.5222],[126.90869,37.52188],[126.90889,37.52197],[126.90949,37.5212],[126.90872,37.52083],[126.90731,37.52103],[126.90726,37.52082],[126.90661,37.52075],[126.90677,37.52107]]]}},{"type":"Feature","properties":{"name":"정릉동 주거환경관리사업(지구단위계","cat":"주거환경개선","gu":"성북구"},"geometry":{"type":"Polygon","coordinates":[[[127.0058,37.6102],[127.00691,37.61014],[127.00683,37.60978],[127.00799,37.60946],[127.00798,37.60861],[127.00482,37.60863],[127.00514,37.60903],[127.00525,37.60978],[127.00568,37.60975],[127.0058,37.6102]]]}},{"type":"Feature","properties":{"name":"상봉1 주택재건축 정비구역","cat":"정비예정구역","gu":"중랑구"},"geometry":{"type":"Polygon","coordinates":[[[127.08641,37.59898],[127.0864,37.59766],[127.08623,37.59759],[127.08318,37.59671],[127.08326,37.59749],[127.08361,37.59758],[127.08373,37.59737],[127.08425,37.59724],[127.08453,37.59791],[127.08439,37.59811],[127.08451,37.59858],[127.08503,37.59872],[127.08516,37.59819],[127.08545,37.59809],[127.08553,37.59883],[127.08641,37.59898]]]}},{"type":"Feature","properties":{"name":"도시환경정비사업지구","cat":"재건축","gu":"종로구"},"geometry":{"type":"MultiPolygon","coordinates":[[[[126.9833,37.567],[126.98332,37.56682],[126.98313,37.56682],[126.9833,37.567]]],[[[126.9831,37.5675],[126.98294,37.56714],[126.98295,37.5675],[126.9831,37.5675]]],[[[126.98344,37.56722],[126.98312,37.56705],[126.98314,37.56751],[126.98337,37.56756],[126.98325,37.56736],[126.98344,37.56722]]],[[[126.98297,37.56753],[126.98307,37.56862],[126.98463,37.56828],[126.98448,37.56774],[126.98396,37.56751],[126.98386,37.5677],[126.98297,37.56753]],[[126.98328,37.56794],[126.98328,37.5679],[126.98326,37.56794],[126.98328,37.56794]],[[126.98328,37.56786],[126.98328,37.56786],[126.98328,37.56786],[126.98328,37.56786]],[[126.98343,37.56786],[126.98345,37.56787],[126.9834,37.56786],[126.98343,37.56786]]],[[[126.98428,37.56622],[126.98391,37.56621],[126.98391,37.56675],[126.98427,37.56675],[126.98428,37.56622]]],[[[126.98395,37.56735],[126.9843,37.56755],[126.98434,37.56737],[126.98395,37.56735]]]]}},{"type":"Feature","properties":{"name":"소공2구역도시환경정비사업","cat":"재건축","gu":"중구"},"geometry":{"type":"Polygon","coordinates":[[[126.97726,37.56408],[126.97748,37.5646],[126.97802,37.56439],[126.97771,37.56393],[126.97726,37.56408]]]}},{"type":"Feature","properties":{"name":"금호1-4구역주택재개발사업","cat":"재건축","gu":"성동구"},"geometry":{"type":"Polygon","coordinates":[[[127.03015,37.55124],[127.02992,37.55091],[127.02981,37.55005],[127.03052,37.55],[127.02908,37.54922],[127.02876,37.5494],[127.02941,37.55137],[127.03015,37.55124]]]}},{"type":"Feature","properties":{"name":"서소문15구역도시환경정비사업","cat":"재건축","gu":"중구"},"geometry":{"type":"Polygon","coordinates":[[[126.97343,37.56237],[126.97335,37.56268],[126.9737,37.56276],[126.97376,37.56243],[126.97343,37.56237]]]}},{"type":"Feature","properties":{"name":"11지구","cat":"재건축","gu":"중구"},"geometry":{"type":"Polygon","coordinates":[[[126.98016,37.56126],[126.98004,37.56077],[126.97927,37.56063],[126.97938,37.56112],[126.98016,37.56126]]]}},{"type":"Feature","properties":{"name":"주택재개발사업구역","cat":"재개발","gu":"동대문구"},"geometry":{"type":"Polygon","coordinates":[[[127.05715,37.5754],[127.05695,37.57327],[127.05588,37.57325],[127.05594,37.57299],[127.05497,37.57298],[127.055,37.57341],[127.05432,37.5735],[127.0531,37.57402],[127.05341,37.57436],[127.05422,37.57357],[127.05538,37.57426],[127.05457,37.57521],[127.05526,37.57574],[127.05715,37.5754]]]}},{"type":"Feature","properties":{"name":"신용산역 북측2 재개발정비구역","cat":"재개발","gu":"용산구"},"geometry":{"type":"Polygon","coordinates":[[[126.96964,37.53273],[126.96854,37.53139],[126.96883,37.53121],[126.9695,37.53165],[126.96979,37.53148],[126.96871,37.53035],[126.9687,37.53056],[126.96857,37.53042],[126.96797,37.53074],[126.96746,37.5302],[126.96681,37.53075],[126.96832,37.53147],[126.96946,37.53287],[126.96964,37.53273]]]}},{"type":"Feature","properties":{"name":"녹번제1구역_주택재개발정비사업","cat":"재개발","gu":"은평구"},"geometry":{"type":"Polygon","coordinates":[[[126.93753,37.60848],[126.93718,37.60666],[126.93744,37.60601],[126.93767,37.6059],[126.9379,37.60483],[126.93781,37.60393],[126.93732,37.60347],[126.9377,37.60317],[126.93773,37.60276],[126.93751,37.6023],[126.93776,37.60222],[126.93776,37.60204],[126.93728,37.60133],[126.9378,37.60095],[126.93798,37.60101],[126.938,37.60064],[126.9367,37.60052],[126.93667,37.60082],[126.93614,37.60064],[126.93555,37.60168],[126.93533,37.60233],[126.93558,37.60248],[126.93529,37.60259],[126.93522,37.60301],[126.93559,37.60315],[126.93549,37.60364],[126.93561,37.60374],[126.93547,37.60384],[126.93562,37.60393],[126.93499,37.60447],[126.93479,37.60508],[126.9339,37.60633],[126.93458,37.60671],[126.93465,37.60689],[126.93434,37.60705],[126.93501,37.60692],[126.93605,37.60838],[126.93774,37.60866],[126.93753,37.60848]]]}},{"type":"Feature","properties":{"name":"제기4구역주거환경개선사업","cat":"주거환경개선","gu":"동대문구"},"geometry":{"type":"Polygon","coordinates":[[[127.03441,37.5806],[127.03431,37.58005],[127.03387,37.57995],[127.03372,37.5806],[127.03441,37.5806]]]}},{"type":"Feature","properties":{"name":"신영제1주택재개발정비구역","cat":"재개발","gu":"종로구"},"geometry":{"type":"Polygon","coordinates":[[[126.96283,37.60029],[126.96312,37.59962],[126.96285,37.59902],[126.96082,37.59966],[126.96112,37.59975],[126.96152,37.60026],[126.96211,37.6],[126.96283,37.60029]]]}},{"type":"Feature","properties":{"name":"신월4동주택재건축사업","cat":"정비예정구역","gu":"양천구"},"geometry":{"type":"Polygon","coordinates":[[[126.84092,37.52377],[126.84141,37.52389],[126.8417,37.52336],[126.84002,37.52269],[126.8394,37.52362],[126.84064,37.52415],[126.84092,37.52377]]]}},{"type":"Feature","properties":{"name":"등촌1 주택재건축정비사업","cat":"정비예정구역","gu":"강서구"},"geometry":{"type":"Polygon","coordinates":[[[126.85868,37.54967],[126.86144,37.54913],[126.86131,37.54864],[126.86168,37.54857],[126.86163,37.54845],[126.8606,37.54801],[126.85838,37.54903],[126.85792,37.54963],[126.85868,37.54967]]]}},{"type":"Feature","properties":{"name":"종로구 옥인동 47번지일대 관리형 주거환경개선사업","cat":"주거환경개선","gu":"종로구"},"geometry":{"type":"Polygon","coordinates":[[[126.96706,37.58371],[126.96774,37.58227],[126.96724,37.58227],[126.96705,37.58198],[126.96584,37.58252],[126.96567,37.58286],[126.96542,37.58272],[126.96509,37.58292],[126.96535,37.58317],[126.96514,37.58334],[126.96524,37.58366],[126.96501,37.58383],[126.96563,37.58403],[126.96572,37.58385],[126.96619,37.58382],[126.96649,37.584],[126.96671,37.58371],[126.96706,37.58371]]]}},{"type":"Feature","properties":{"name":"신당 제9주택재개발정비구역","cat":"재개발","gu":"중구"},"geometry":{"type":"Polygon","coordinates":[[[127.00748,37.55075],[127.00735,37.54968],[127.00693,37.54965],[127.00695,37.54942],[127.00596,37.54939],[127.00602,37.55033],[127.0065,37.55058],[127.00667,37.55115],[127.00697,37.5513],[127.00712,37.55128],[127.00704,37.55096],[127.00748,37.55075]]]}},{"type":"Feature","properties":{"name":"미아3구역주택재개발사업","cat":"재개발","gu":"강북구"},"geometry":{"type":"Polygon","coordinates":[[[127.01438,37.6203],[127.02095,37.61982],[127.02112,37.61927],[127.02057,37.61952],[127.01931,37.61946],[127.01808,37.61972],[127.01677,37.61954],[127.0167,37.61973],[127.01596,37.61985],[127.01546,37.61956],[127.01566,37.61993],[127.01484,37.61992],[127.01437,37.62007],[127.01438,37.6203]]]}},{"type":"Feature","properties":{"name":"정비구역","cat":"재개발","gu":"양천구"},"geometry":{"type":"Polygon","coordinates":[[[126.86642,37.54637],[126.86711,37.54512],[126.86656,37.54465],[126.86557,37.54477],[126.86518,37.54512],[126.86502,37.54615],[126.86642,37.54637]]]}},{"type":"Feature","properties":{"name":"역촌역세권 장기전세주택 도시정비형 재개발정비구역","cat":"재개발","gu":"은평구"},"geometry":{"type":"Polygon","coordinates":[[[126.92244,37.60813],[126.92501,37.60967],[126.92632,37.60885],[126.92499,37.60812],[126.92457,37.60837],[126.92435,37.60807],[126.92442,37.60788],[126.92328,37.60724],[126.92244,37.60813]]]}},{"type":"Feature","properties":{"name":"월계동신아파트주택재건축사업","cat":"정비예정구역","gu":"노원구"},"geometry":{"type":"Polygon","coordinates":[[[127.06138,37.61606],[127.06058,37.61611],[127.05991,37.61652],[127.06112,37.61749],[127.06013,37.61799],[127.06137,37.61888],[127.06113,37.61972],[127.06144,37.61972],[127.06126,37.61964],[127.06136,37.61937],[127.06165,37.61891],[127.062,37.61874],[127.06219,37.61748],[127.06192,37.61719],[127.06233,37.61665],[127.06138,37.61606]]]}},{"type":"Feature","properties":{"name":"마포로3-2구역도시환경정비사업","cat":"재건축","gu":"마포구"},"geometry":{"type":"Polygon","coordinates":[[[126.95517,37.55185],[126.95532,37.55252],[126.95591,37.55237],[126.95568,37.55189],[126.95517,37.55185]]]}},{"type":"Feature","properties":{"name":"북창8구역도시환경정비사업","cat":"재건축","gu":"중구"},"geometry":{"type":"Polygon","coordinates":[[[126.97784,37.56327],[126.97784,37.56291],[126.97742,37.56303],[126.97755,37.56325],[126.97784,37.56327]]]}},{"type":"Feature","properties":{"name":"주택재개발사업구역","cat":"재개발","gu":"동대문구"},"geometry":{"type":"Polygon","coordinates":[[[127.0473,37.58767],[127.04708,37.58726],[127.04734,37.58677],[127.04651,37.58697],[127.04373,37.58687],[127.04364,37.5871],[127.04362,37.58727],[127.04472,37.5875],[127.04554,37.58821],[127.04715,37.58868],[127.04745,37.58859],[127.0468,37.58821],[127.04676,37.58802],[127.04711,37.58765],[127.0473,37.58767]]]}},{"type":"Feature","properties":{"name":"가락1구역주택재개발사업","cat":"재개발","gu":"송파구"},"geometry":{"type":"Polygon","coordinates":[[[127.11833,37.49834],[127.11863,37.49804],[127.11815,37.49744],[127.1182,37.49624],[127.11837,37.49563],[127.11863,37.49561],[127.11864,37.49544],[127.11856,37.4952],[127.11831,37.49525],[127.1181,37.49466],[127.11777,37.4947],[127.11769,37.49519],[127.11739,37.49533],[127.11734,37.49626],[127.11705,37.49648],[127.11666,37.49731],[127.11748,37.49742],[127.1178,37.49845],[127.11833,37.49834]]]}},{"type":"Feature","properties":{"name":"금호1-1구역주택재개발사업","cat":"재건축","gu":"성동구"},"geometry":{"type":"Polygon","coordinates":[[[127.03388,37.55443],[127.03282,37.55289],[127.03222,37.55161],[127.03139,37.552],[127.03297,37.55413],[127.03388,37.55443]]]}},{"type":"Feature","properties":{"name":"마포로5 도시정비형 재개발구역 제9-1지구","cat":"재건축","gu":"중구"},"geometry":{"type":"Polygon","coordinates":[[[126.97033,37.56282],[126.97052,37.56237],[126.97016,37.56229],[126.97002,37.56275],[126.97033,37.56282]]]}},{"type":"Feature","properties":{"name":"주택재개발사업구역","cat":"재개발","gu":"성북구"},"geometry":{"type":"Polygon","coordinates":[[[126.99203,37.59421],[126.99268,37.59403],[126.99299,37.59419],[126.99343,37.59399],[126.99386,37.59419],[126.99406,37.59353],[126.99396,37.59296],[126.99442,37.5925],[126.99425,37.59225],[126.99352,37.59194],[126.99374,37.59166],[126.99215,37.59205],[126.99127,37.59155],[126.99093,37.5921],[126.99008,37.59201],[126.98979,37.59273],[126.98928,37.59264],[126.98975,37.59279],[126.98995,37.59309],[126.99055,37.59303],[126.99072,37.59324],[126.99152,37.59336],[126.99142,37.59421],[126.99175,37.59406],[126.99203,37.59421]]]}},{"type":"Feature","properties":{"name":"마천1-2구역주거환경개선사업","cat":"주거환경개선","gu":"송파구"},"geometry":{"type":"Polygon","coordinates":[[[127.15472,37.49257],[127.15542,37.49253],[127.15559,37.49192],[127.15538,37.49188],[127.15472,37.49257]]]}},{"type":"Feature","properties":{"name":"무교다동 23-5 지구","cat":"재건축","gu":"종로구"},"geometry":{"type":"Polygon","coordinates":[[[126.98174,37.56737],[126.98153,37.56722],[126.98151,37.5673],[126.98174,37.56737]]]}},{"type":"Feature","properties":{"name":"북창21구역도시환경정비사업","cat":"재건축","gu":"중구"},"geometry":{"type":"Polygon","coordinates":[[[126.97782,37.56207],[126.9775,37.56185],[126.97749,37.56208],[126.97782,37.56207]]]}},{"type":"Feature","properties":{"name":"옥수 제13주택재개발구역 정비사업","cat":"재개발","gu":"중구"},"geometry":{"type":"Polygon","coordinates":[[[127.01535,37.55084],[127.015,37.55036],[127.01528,37.55002],[127.01506,37.54982],[127.01516,37.54961],[127.01488,37.54905],[127.01539,37.54815],[127.01488,37.54746],[127.01529,37.54675],[127.01526,37.54642],[127.01453,37.54689],[127.01415,37.54691],[127.01307,37.54633],[127.01206,37.54563],[127.01205,37.54546],[127.01072,37.54579],[127.0107,37.54717],[127.01128,37.54776],[127.01217,37.54766],[127.01258,37.54863],[127.01242,37.54933],[127.01317,37.54952],[127.0143,37.55038],[127.01535,37.55084]]]}},{"type":"Feature","properties":{"name":"주택재개발사업구역","cat":"재개발","gu":"중구"},"geometry":{"type":"Polygon","coordinates":[[[127.01126,37.56376],[127.01107,37.56324],[127.01044,37.56328],[127.01027,37.56438],[127.01124,37.56422],[127.01135,37.56467],[127.0135,37.56474],[127.01348,37.56488],[127.01369,37.56491],[127.01368,37.56474],[127.01399,37.56465],[127.01455,37.56492],[127.01476,37.56468],[127.01445,37.56398],[127.01497,37.56359],[127.01457,37.56338],[127.01395,37.56241],[127.01126,37.56376]]]}},{"type":"Feature","properties":{"name":"동선주택재개발사업","cat":"재개발","gu":"성북구"},"geometry":{"type":"Polygon","coordinates":[[[127.0132,37.59581],[127.01296,37.59669],[127.01321,37.59687],[127.01465,37.59649],[127.01433,37.59585],[127.01375,37.59598],[127.0132,37.59581]]]}},{"type":"Feature","properties":{"name":"자양5 재정비촉진구역","cat":"재개발","gu":"광진구"},"geometry":{"type":"Polygon","coordinates":[[[127.08552,37.53258],[127.08463,37.53435],[127.08764,37.53508],[127.08841,37.53355],[127.08552,37.53258]]]}},{"type":"Feature","properties":{"name":"미아제8구역주택재개발","cat":"재개발","gu":"강북구"},"geometry":{"type":"Polygon","coordinates":[[[127.01591,37.61988],[127.01844,37.61964],[127.01757,37.61889],[127.01923,37.61879],[127.01925,37.61815],[127.01888,37.61816],[127.01821,37.61777],[127.01806,37.6174],[127.01732,37.61738],[127.0174,37.6166],[127.01705,37.61631],[127.01626,37.61643],[127.01566,37.61679],[127.01559,37.61662],[127.0156,37.61676],[127.01593,37.61725],[127.01613,37.61737],[127.0158,37.61765],[127.01543,37.61765],[127.01555,37.61881],[127.01535,37.61927],[127.01591,37.61988]]]}},{"type":"Feature","properties":{"name":"석관1구역주택재개발사업","cat":"재개발","gu":"성북구"},"geometry":{"type":"Polygon","coordinates":[[[127.05451,37.60684],[127.05435,37.60704],[127.05452,37.60734],[127.05384,37.60757],[127.0537,37.60779],[127.05388,37.60794],[127.0532,37.60868],[127.05439,37.60931],[127.05591,37.60963],[127.05593,37.60945],[127.05616,37.60961],[127.05624,37.60951],[127.05534,37.6088],[127.05532,37.60737],[127.05451,37.60684]]]}},{"type":"Feature","properties":{"name":"을지로2가구역 제16지구 도시환경정비","cat":"재건축","gu":"종로구"},"geometry":{"type":"Polygon","coordinates":[[[126.98725,37.56685],[126.9859,37.56685],[126.98586,37.56794],[126.98696,37.5679],[126.9873,37.5677],[126.98725,37.56685]]]}},{"type":"Feature","properties":{"name":"광화문도시환경정비사업","cat":"재개발","gu":"종로구"},"geometry":{"type":"MultiPolygon","coordinates":[[[[126.97815,37.57125],[126.97822,37.57109],[126.9785,37.57123],[126.97848,37.57041],[126.97762,37.57041],[126.97748,37.57122],[126.97792,37.5711],[126.97815,37.57125]]],[[[126.9775,37.57156],[126.97776,37.57155],[126.97782,37.5713],[126.97748,37.57126],[126.9775,37.57156]]]]}},{"type":"Feature","properties":{"name":"세운재정비촉진지구22구역도시환경정","cat":"재건축","gu":"중구"},"geometry":{"type":"Polygon","coordinates":[[[126.9979,37.56443],[126.998,37.56473],[126.99814,37.56474],[126.99816,37.5645],[126.9979,37.56443]]]}},{"type":"Feature","properties":{"name":"주택재개발사업구역","cat":"재개발","gu":"은평구"},"geometry":{"type":"Polygon","coordinates":[[[126.93244,37.6007],[126.93272,37.60014],[126.93347,37.60029],[126.934,37.59917],[126.9338,37.59848],[126.93347,37.59824],[126.93362,37.59739],[126.93097,37.59684],[126.93095,37.59703],[126.93047,37.5971],[126.93011,37.59742],[126.92958,37.59896],[126.92977,37.59941],[126.9305,37.59962],[126.93009,37.60042],[126.93164,37.6004],[126.93182,37.60105],[126.93258,37.60098],[126.93244,37.6007]]]}},{"type":"Feature","properties":{"name":"방배3구역주택재건축사업","cat":"정비예정구역","gu":"서초구"},"geometry":{"type":"Polygon","coordinates":[[[127.00252,37.48022],[127.00291,37.48031],[127.00352,37.47939],[127.00243,37.4789],[127.00151,37.48022],[127.00227,37.4806],[127.00252,37.48022]]]}},{"type":"Feature","properties":{"name":"만리2구역주택재개발사업","cat":"재개발","gu":"마포구"},"geometry":{"type":"Polygon","coordinates":[[[126.96294,37.55614],[126.96345,37.55583],[126.96338,37.55565],[126.96403,37.55497],[126.96487,37.55489],[126.96564,37.55422],[126.96453,37.55346],[126.96369,37.55362],[126.96358,37.55352],[126.96409,37.55307],[126.96348,37.55253],[126.96322,37.55302],[126.96282,37.55292],[126.96275,37.55263],[126.96341,37.5525],[126.96239,37.55167],[126.9623,37.55261],[126.96254,37.55286],[126.96262,37.55334],[126.96313,37.55379],[126.96247,37.55416],[126.96208,37.55468],[126.96198,37.55523],[126.96247,37.55591],[126.96294,37.55614]],[[126.96322,37.55305],[126.96293,37.55315],[126.96297,37.55299],[126.96322,37.55305]]]}},{"type":"Feature","properties":{"name":"신림1구역주택재개발사업","cat":"재개발","gu":"관악구"},"geometry":{"type":"Polygon","coordinates":[[[126.91861,37.4618],[126.91911,37.46171],[126.91955,37.46055],[126.91978,37.46047],[126.92101,37.46088],[126.92006,37.46192],[126.92025,37.46246],[126.92086,37.4623],[126.92112,37.46242],[126.92167,37.46217],[126.92168,37.462],[126.92239,37.46187],[126.92232,37.46169],[126.92265,37.46149],[126.92267,37.46089],[126.92231,37.46018],[126.92264,37.46007],[126.92254,37.45939],[126.92229,37.45892],[126.92093,37.45753],[126.91981,37.45732],[126.91969,37.45782],[126.91869,37.4579],[126.91851,37.4577],[126.91688,37.45802],[126.91733,37.4588],[126.91796,37.45893],[126.91786,37.4599],[126.91814,37.46138],[126.91858,37.46135],[126.91861,37.4618]]]}},{"type":"Feature","properties":{"name":"종암5구역 주택재개발사업","cat":"재개발","gu":"성북구"},"geometry":{"type":"MultiPolygon","coordinates":[[[[127.03929,37.60018],[127.03987,37.59992],[127.03981,37.59977],[127.04008,37.59989],[127.03928,37.59779],[127.03629,37.59965],[127.03673,37.59992],[127.03707,37.59965],[127.03733,37.59989],[127.03766,37.59967],[127.03854,37.60013],[127.03843,37.60161],[127.0393,37.60115],[127.03929,37.60018]]],[[[127.04009,37.5999],[127.0401,37.59992],[127.0401,37.5999],[127.04009,37.5999]]]]}},{"type":"Feature","properties":{"name":"봉천13구역주택재개발사업","cat":"재개발","gu":"관악구"},"geometry":{"type":"Polygon","coordinates":[[[126.94612,37.48131],[126.94345,37.48158],[126.94348,37.48202],[126.94624,37.48175],[126.94612,37.48131]]]}},{"type":"Feature","properties":{"name":"흑석1-2구역주택재개발사업","cat":"재건축","gu":"동작구"},"geometry":{"type":"Polygon","coordinates":[[[126.96949,37.50789],[126.97033,37.50723],[126.9723,37.50662],[126.97336,37.50565],[126.97212,37.50587],[126.97117,37.50558],[126.96827,37.50649],[126.96874,37.50705],[126.96874,37.50733],[126.96934,37.5079],[126.96918,37.50799],[126.96949,37.50789]]]}},{"type":"Feature","properties":{"name":"동자동구역도시환경정비사업","cat":"재개발","gu":"중구"},"geometry":{"type":"Polygon","coordinates":[[[126.97413,37.55351],[126.97394,37.55038],[126.97224,37.55039],[126.97289,37.55315],[126.9735,37.55378],[126.97413,37.55351]]]}},{"type":"Feature","properties":{"name":"마포로4-6-1구역도시환경정비사업","cat":"재건축","gu":"서대문구"},"geometry":{"type":"Polygon","coordinates":[[[126.96497,37.5639],[126.96457,37.56336],[126.96427,37.56344],[126.96459,37.56401],[126.96497,37.5639]]]}},{"type":"Feature","properties":{"name":"마포로1-39,40구역도시환경정비사업","cat":"재건축","gu":"마포구"},"geometry":{"type":"Polygon","coordinates":[[[126.94957,37.54159],[126.94933,37.54175],[126.94986,37.54214],[126.95029,37.54218],[126.94957,37.54159]]]}},{"type":"Feature","properties":{"name":"서울역~서대문11구역도시환경정비사","cat":"재건축","gu":"중구"},"geometry":{"type":"Polygon","coordinates":[[[126.97261,37.56105],[126.97212,37.56083],[126.97194,37.5611],[126.9723,37.5613],[126.97261,37.56105]]]}},{"type":"Feature","properties":{"name":"마포로5-12-1구역도시환경정비사업","cat":"재건축","gu":"서대문구"},"geometry":{"type":"Polygon","coordinates":[[[126.96655,37.56077],[126.96674,37.56054],[126.96605,37.5601],[126.96576,37.56032],[126.96655,37.56077]]]}},{"type":"Feature","properties":{"name":"성수전략정비구역 제2주택정비형 재개발정비구역","cat":"재개발","gu":"성동구"},"geometry":{"type":"Polygon","coordinates":[[[127.05482,37.53877],[127.05323,37.53493],[127.05005,37.53581],[127.0511,37.5382],[127.0513,37.5383],[127.05121,37.53851],[127.05144,37.53896],[127.051,37.5392],[127.05151,37.53963],[127.05482,37.53877]]]}},{"type":"Feature","properties":{"name":"흑석1구역주택재개발사업","cat":"재개발","gu":"동작구"},"geometry":{"type":"MultiPolygon","coordinates":[[[[126.96946,37.5079],[126.97033,37.50723],[126.9723,37.50662],[126.97336,37.50565],[126.97212,37.50587],[126.97117,37.50558],[126.96827,37.50649],[126.96874,37.50705],[126.96874,37.50733],[126.96934,37.5079],[126.96918,37.50799],[126.96946,37.5079]]],[[[126.96608,37.50893],[126.9683,37.50824],[126.96768,37.50669],[126.96631,37.50719],[126.96642,37.50729],[126.96578,37.5077],[126.96585,37.50798],[126.96523,37.50817],[126.96589,37.50828],[126.96608,37.50893]]]]}},{"type":"Feature","properties":{"name":"오금주택재개발사업","cat":"재개발","gu":"송파구"},"geometry":{"type":"MultiPolygon","coordinates":[[[[127.13066,37.51036],[127.1301,37.50948],[127.12869,37.50988],[127.12833,37.50936],[127.12772,37.50969],[127.12859,37.51121],[127.13066,37.51036]]],[[[127.12826,37.50887],[127.12947,37.5083],[127.12898,37.50748],[127.12757,37.50808],[127.12773,37.50878],[127.12826,37.50887]]]]}},{"type":"Feature","properties":{"name":"주택재개발사업지구","cat":"재개발","gu":"송파구"},"geometry":{"type":"MultiPolygon","coordinates":[[[[127.14667,37.49779],[127.15018,37.49542],[127.14853,37.49399],[127.14756,37.4936],[127.14769,37.49339],[127.14713,37.49341],[127.14685,37.49373],[127.14659,37.49368],[127.14659,37.49344],[127.14604,37.49348],[127.14574,37.49381],[127.14543,37.49386],[127.14579,37.49466],[127.14569,37.49481],[127.14615,37.49529],[127.14568,37.49561],[127.14667,37.49779]]],[[[127.14557,37.49616],[127.14524,37.49637],[127.14581,37.4967],[127.14557,37.49616]]]]}},{"type":"Feature","properties":{"name":"상도1 주택재건축정비구역","cat":"정비예정구역","gu":"동작구"},"geometry":{"type":"Polygon","coordinates":[[[126.94761,37.50592],[126.94974,37.50658],[126.95015,37.50611],[126.94968,37.50534],[126.94951,37.50579],[126.94884,37.5055],[126.94876,37.50534],[126.94934,37.50508],[126.94929,37.50493],[126.94791,37.50416],[126.94692,37.50435],[126.94644,37.50487],[126.94689,37.50547],[126.94707,37.50538],[126.94761,37.50592]]]}},{"type":"Feature","properties":{"name":"노량진3 재정비촉진구역","cat":"재개발","gu":"동작구"},"geometry":{"type":"Polygon","coordinates":[[[126.94185,37.51097],[126.94248,37.51087],[126.94254,37.51118],[126.94394,37.51083],[126.94283,37.51023],[126.94298,37.50974],[126.94268,37.50951],[126.94145,37.5092],[126.94151,37.50811],[126.94021,37.50811],[126.94035,37.5119],[126.94188,37.51188],[126.94184,37.51136],[126.94201,37.51129],[126.94185,37.51097]]]}},{"type":"Feature","properties":{"name":"봉천11구역주택재개발사업","cat":"재개발","gu":"관악구"},"geometry":{"type":"Polygon","coordinates":[[[126.95751,37.48866],[126.95738,37.48798],[126.95772,37.48789],[126.95716,37.48712],[126.95696,37.48712],[126.95681,37.48764],[126.95702,37.48821],[126.95688,37.48865],[126.95751,37.48866]]]}},{"type":"Feature","properties":{"name":"대현2구역주택재개발사업","cat":"재개발","gu":"서대문구"},"geometry":{"type":"Polygon","coordinates":[[[126.94576,37.55737],[126.94469,37.55735],[126.94466,37.55791],[126.94571,37.55801],[126.94576,37.55737]]]}},{"type":"Feature","properties":{"name":"산골마을 주거환경관리사업","cat":"주거환경개선","gu":"은평구"},"geometry":{"type":"MultiPolygon","coordinates":[[[[126.93809,37.59931],[126.93864,37.59927],[126.93873,37.59893],[126.93815,37.5984],[126.93755,37.59892],[126.93809,37.59931]]],[[[126.93678,37.59914],[126.93776,37.59826],[126.93747,37.5983],[126.93728,37.59796],[126.93722,37.59832],[126.93708,37.59828],[126.93663,37.59773],[126.93632,37.59781],[126.9367,37.59828],[126.9366,37.59854],[126.93683,37.5989],[126.93655,37.599],[126.93678,37.59914]]]]}},{"type":"Feature","properties":{"name":"제기 제6구역 주택재개발정비구역","cat":"재개발","gu":"성북구"},"geometry":{"type":"Polygon","coordinates":[[[127.04044,37.58677],[127.03862,37.58671],[127.03821,37.58716],[127.03952,37.58849],[127.03986,37.58833],[127.04038,37.58752],[127.04044,37.58677]]]}},{"type":"Feature","properties":{"name":"상수1구역주택재개발사업","cat":"재개발","gu":"마포구"},"geometry":{"type":"Polygon","coordinates":[[[126.92507,37.54747],[126.92609,37.54754],[126.92597,37.547],[126.92666,37.54579],[126.92568,37.54579],[126.9252,37.546],[126.92435,37.54591],[126.92437,37.54628],[126.92511,37.54674],[126.92493,37.54718],[126.92521,37.54714],[126.92507,37.54747]]]}},{"type":"Feature","properties":{"name":"신림6구역주택재개발사업","cat":"재개발","gu":"관악구"},"geometry":{"type":"Polygon","coordinates":[[[126.91445,37.47306],[126.91546,37.47339],[126.91554,37.47295],[126.91536,37.47272],[126.91461,37.47256],[126.91445,37.47306]]]}},{"type":"Feature","properties":{"name":"사당5구역주택재개발사업","cat":"재개발","gu":"동작구"},"geometry":{"type":"Polygon","coordinates":[[[126.97609,37.49082],[126.97656,37.49161],[126.97772,37.49106],[126.97671,37.49022],[126.97609,37.49082]]]}},{"type":"Feature","properties":{"name":"신공덕2구역주택재개발사업","cat":"재개발","gu":"마포구"},"geometry":{"type":"Polygon","coordinates":[[[126.95841,37.5457],[126.95724,37.54606],[126.95715,37.54637],[126.95814,37.54723],[126.95851,37.54725],[126.95849,37.5469],[126.95915,37.54656],[126.95915,37.54622],[126.95884,37.54626],[126.95883,37.54598],[126.95841,37.5457]]]}},{"type":"Feature","properties":{"name":"천호2구역주택재개발사업","cat":"재개발","gu":"강동구"},"geometry":{"type":"Polygon","coordinates":[[[127.13241,37.53309],[127.1294,37.52688],[127.1287,37.52588],[127.12059,37.52946],[127.12067,37.52966],[127.12183,37.52985],[127.12202,37.5302],[127.12158,37.53021],[127.12153,37.53041],[127.12259,37.53082],[127.12363,37.53169],[127.12434,37.53137],[127.12415,37.53117],[127.12536,37.53049],[127.12522,37.53024],[127.12552,37.52984],[127.12682,37.52994],[127.12694,37.53016],[127.12664,37.53024],[127.12684,37.5309],[127.12724,37.53133],[127.12715,37.5315],[127.12773,37.53134],[127.12802,37.53158],[127.12802,37.53138],[127.12826,37.5313],[127.12838,37.53176],[127.12876,37.53194],[127.12894,37.53237],[127.12974,37.53273],[127.13016,37.53237],[127.13083,37.53274],[127.13241,37.53309]]]}},{"type":"Feature","properties":{"name":"연희제1주택재개발 정비사업","cat":"재개발","gu":"서대문구"},"geometry":{"type":"Polygon","coordinates":[[[126.92279,37.57042],[126.9216,37.56985],[126.92057,37.56967],[126.92034,37.56939],[126.91998,37.56948],[126.91917,37.56895],[126.91903,37.56915],[126.92296,37.5722],[126.92332,37.57185],[126.92361,37.57202],[126.9238,37.57181],[126.92279,37.57042]]]}},{"type":"Feature","properties":{"name":"홍은4구역주택재개발사업","cat":"재개발","gu":"서대문구"},"geometry":{"type":"Polygon","coordinates":[[[126.94416,37.60119],[126.9455,37.59982],[126.94543,37.59904],[126.94658,37.59782],[126.94641,37.59698],[126.94664,37.59619],[126.94525,37.59687],[126.94507,37.59678],[126.94314,37.59749],[126.94308,37.59856],[126.94369,37.59955],[126.94366,37.60004],[126.94299,37.60083],[126.94416,37.60119]]]}},{"type":"Feature","properties":{"name":"불광제7구역주택재개발정비사업","cat":"재개발","gu":"은평구"},"geometry":{"type":"Polygon","coordinates":[[[126.92727,37.61756],[126.92824,37.6175],[126.92817,37.61717],[126.92934,37.6171],[126.92929,37.61688],[126.92852,37.61639],[126.92825,37.61646],[126.92719,37.6156],[126.92698,37.61517],[126.92669,37.61521],[126.92641,37.61561],[126.92584,37.61522],[126.92479,37.61591],[126.92532,37.61733],[126.92611,37.6172],[126.92727,37.61756]]]}},{"type":"Feature","properties":{"name":"돈암정릉주택재개발정비구역","cat":"재개발","gu":"성북구"},"geometry":{"type":"Polygon","coordinates":[[[127.01419,37.59833],[127.01363,37.59828],[127.01362,37.59842],[127.01136,37.59874],[127.01134,37.5997],[127.01185,37.59982],[127.01235,37.59951],[127.01261,37.59957],[127.01263,37.5999],[127.01338,37.60008],[127.01423,37.59856],[127.01419,37.59833]]]}},{"type":"Feature","properties":{"name":"재건축사업구역","cat":"정비예정구역","gu":"서초구"},"geometry":{"type":"Polygon","coordinates":[[[127.00269,37.48094],[127.00095,37.47998],[126.99985,37.48159],[127.00219,37.48217],[127.00297,37.48138],[127.00269,37.48094]]]}},{"type":"Feature","properties":{"name":"미아2구역주택재개발사업","cat":"재개발","gu":"강북구"},"geometry":{"type":"Polygon","coordinates":[[[127.01832,37.62654],[127.01977,37.62651],[127.01993,37.62608],[127.02083,37.62563],[127.01922,37.62522],[127.01891,37.62529],[127.01887,37.62554],[127.01844,37.62554],[127.01859,37.62595],[127.01839,37.62597],[127.01836,37.62623],[127.01861,37.6264],[127.01832,37.62654]]]}},{"type":"Feature","properties":{"name":"주택재개발사업구역","cat":"재개발","gu":"성북구"},"geometry":{"type":"Polygon","coordinates":[[[127.04947,37.62051],[127.05189,37.622],[127.05412,37.61976],[127.05145,37.6181],[127.05152,37.61828],[127.04947,37.62051]]]}},{"type":"Feature","properties":{"name":"다동2구역도시환경정비사업","cat":"재건축","gu":"종로구"},"geometry":{"type":"Polygon","coordinates":[[[126.98109,37.56827],[126.98045,37.56828],[126.98046,37.56882],[126.98095,37.56876],[126.98109,37.56827]]]}},{"type":"Feature","properties":{"name":"마포로4구역 도시정비형 재개발사업","cat":"재개발","gu":"서대문구"},"geometry":{"type":"MultiPolygon","coordinates":[[[[126.96711,37.56514],[126.96651,37.56506],[126.9666,37.5646],[126.96607,37.5647],[126.96648,37.56527],[126.96711,37.56514]]],[[[126.96611,37.56564],[126.96406,37.56252],[126.96353,37.56256],[126.96385,37.56308],[126.9643,37.56314],[126.96432,37.56337],[126.96403,37.56337],[126.96551,37.56551],[126.96611,37.56564]]],[[[126.9653,37.56256],[126.96459,37.56256],[126.96504,37.56326],[126.96551,37.56319],[126.96557,37.56292],[126.9653,37.56256]]],[[[126.96386,37.56221],[126.96264,37.56023],[126.96198,37.55971],[126.96196,37.56007],[126.96302,37.56222],[126.96386,37.56221]]],[[[126.96163,37.5593],[126.96077,37.55862],[126.95975,37.55836],[126.95976,37.55857],[126.96103,37.5589],[126.96163,37.5593]]],[[[126.95946,37.55766],[126.95931,37.55777],[126.95938,37.55826],[126.96006,37.55834],[126.96019,37.55817],[126.95946,37.55766]]]]}},{"type":"Feature","properties":{"name":"마포로4구역 제1지구","cat":"재건축","gu":"서대문구"},"geometry":{"type":"MultiPolygon","coordinates":[[[[126.96118,37.55901],[126.96115,37.55892],[126.9611,37.55896],[126.96118,37.55901]]],[[[126.95953,37.55769],[126.95934,37.55775],[126.9594,37.55826],[126.96006,37.55834],[126.96019,37.55817],[126.95953,37.55769]]]]}},{"type":"Feature","properties":{"name":"임광3차아파트 재건축 정비구역","cat":"정비예정구역","gu":"서초구"},"geometry":{"type":"Polygon","coordinates":[[[127.00154,37.47585],[127.00363,37.4767],[127.00399,37.47636],[127.00194,37.47537],[127.00154,37.47585]]]}},{"type":"Feature","properties":{"name":"회현도시환경정비사업","cat":"재개발","gu":"중구"},"geometry":{"type":"MultiPolygon","coordinates":[[[[126.98201,37.5599],[126.98291,37.55799],[126.98148,37.55779],[126.98135,37.55811],[126.98044,37.55874],[126.97997,37.55931],[126.98165,37.55993],[126.98201,37.5599]]],[[[126.983,37.55885],[126.98239,37.56022],[126.98259,37.56045],[126.98351,37.56053],[126.98393,37.55908],[126.983,37.55885]]]]}},{"type":"Feature","properties":{"name":"마포로1-14구역도시환경정비사업","cat":"재건축","gu":"마포구"},"geometry":{"type":"Polygon","coordinates":[[[126.94867,37.54188],[126.94844,37.54214],[126.94857,37.54223],[126.94887,37.54203],[126.94867,37.54188]]]}},{"type":"Feature","properties":{"name":"신당2-1구역주거환경개선사업","cat":"주거환경개선","gu":"중구"},"geometry":{"type":"MultiPolygon","coordinates":[[[[127.00504,37.5498],[127.00481,37.5498],[127.00513,37.54981],[127.00504,37.5498]]],[[[127.00609,37.55002],[127.006,37.54989],[127.00601,37.55003],[127.00609,37.55002]]],[[[127.00639,37.55051],[127.00647,37.55056],[127.00639,37.55049],[127.00639,37.55051]]],[[[127.00442,37.55112],[127.00453,37.55091],[127.00417,37.55125],[127.00442,37.55112]]],[[[127.00448,37.5535],[127.00448,37.55378],[127.0045,37.55342],[127.00448,37.5535]]],[[[127.00582,37.55398],[127.00582,37.55399],[127.00582,37.55398],[127.00582,37.55398]]],[[[127.00657,37.55069],[127.00667,37.55054],[127.0065,37.55058],[127.00657,37.55069]]],[[[127.00653,37.55075],[127.00652,37.55078],[127.00653,37.55075],[127.00653,37.55075]]],[[[127.00659,37.55086],[127.00653,37.55082],[127.00652,37.55079],[127.00655,37.55086],[127.00659,37.55086],[127.0066,37.55091],[127.00662,37.55098],[127.00663,37.55099],[127.00659,37.55086]]],[[[127.00663,37.55099],[127.00668,37.55112],[127.00667,37.55107],[127.00663,37.55099]]],[[[127.00667,37.55114],[127.00686,37.55124],[127.00697,37.5513],[127.00703,37.55131],[127.00676,37.55116],[127.00667,37.55114]]],[[[127.00701,37.55138],[127.00703,37.55131],[127.00698,37.55145],[127.00701,37.55138]]]]}},{"type":"Feature","properties":{"name":"강북구 미아동(양지마을) 주거환경관","cat":"주거환경개선","gu":"강북구"},"geometry":{"type":"Polygon","coordinates":[[[127.01832,37.62477],[127.01871,37.62352],[127.01753,37.62339],[127.01748,37.62358],[127.01647,37.62404],[127.01632,37.62437],[127.017,37.62443],[127.01694,37.62479],[127.0176,37.62504],[127.01832,37.62477]]]}},{"type":"Feature","properties":{"name":"주택재개발사업구역","cat":"재개발","gu":"서대문구"},"geometry":{"type":"Polygon","coordinates":[[[126.94297,37.55603],[126.94574,37.55623],[126.94577,37.5544],[126.94417,37.55465],[126.94419,37.55307],[126.94382,37.55267],[126.94381,37.55286],[126.94297,37.55306],[126.94332,37.5538],[126.94335,37.5546],[126.9429,37.5547],[126.94297,37.55507],[126.94246,37.55512],[126.94291,37.55561],[126.94297,37.55603]]]}},{"type":"Feature","properties":{"name":"도렴1,2구역도시환경정비사업","cat":"재건축","gu":"종로구"},"geometry":{"type":"Polygon","coordinates":[[[126.97274,37.57032],[126.97271,37.57096],[126.97325,37.57093],[126.97325,37.57033],[126.97274,37.57032]]]}},{"type":"Feature","properties":{"name":"주택재개발사업","cat":"재개발","gu":"동작구"},"geometry":{"type":"Polygon","coordinates":[[[126.96216,37.5032],[126.96412,37.50322],[126.9642,37.50168],[126.96314,37.50164],[126.96318,37.50212],[126.96232,37.50201],[126.96239,37.50105],[126.96273,37.50088],[126.96267,37.5007],[126.96284,37.5006],[126.96206,37.49988],[126.96132,37.49974],[126.96152,37.49949],[126.96132,37.4994],[126.96107,37.49965],[126.96106,37.4995],[126.9609,37.49942],[126.96079,37.49957],[126.96053,37.49929],[126.96064,37.49912],[126.96009,37.49919],[126.96005,37.50152],[126.96074,37.50314],[126.96125,37.50314],[126.96108,37.50304],[126.96121,37.503],[126.96216,37.5032]]]}},{"type":"Feature","properties":{"name":"도시환경정비사업구역","cat":"재개발","gu":"종로구"},"geometry":{"type":"MultiPolygon","coordinates":[[[[126.98534,37.57117],[126.98546,37.57115],[126.98533,37.57115],[126.98534,37.57117]]],[[[126.98563,37.57136],[126.98555,37.57126],[126.98557,37.57135],[126.98563,37.57136]]],[[[126.98516,37.57128],[126.98542,37.57138],[126.98532,37.57122],[126.98516,37.57128]]],[[[126.9855,37.57129],[126.98548,37.57149],[126.98532,37.57163],[126.98564,37.57158],[126.9855,37.57129]]],[[[126.98567,37.57036],[126.98568,37.57114],[126.98724,37.57121],[126.98746,37.57045],[126.98567,37.57036]]],[[[126.98575,37.57134],[126.98576,37.57154],[126.98582,37.57137],[126.98575,37.57134]]],[[[126.9856,37.5717],[126.98574,37.57183],[126.98578,37.57179],[126.98572,37.57164],[126.9856,37.5717]]]]}},{"type":"Feature","properties":{"name":"도시환경정비사업구역","cat":"재개발","gu":"영등포구"},"geometry":{"type":"MultiPolygon","coordinates":[[[[126.90101,37.51344],[126.90062,37.51415],[126.90309,37.515],[126.90419,37.5148],[126.90101,37.51344]]],[[[126.90053,37.51446],[126.90086,37.51818],[126.90109,37.51837],[126.90145,37.51757],[126.90095,37.51737],[126.90268,37.51533],[126.90053,37.51446]]]]}},{"type":"Feature","properties":{"name":"개봉3구역 재건축정비사업","cat":"정비예정구역","gu":"구로구"},"geometry":{"type":"Polygon","coordinates":[[[126.85132,37.50329],[126.85156,37.50338],[126.8521,37.50301],[126.85288,37.50317],[126.85302,37.50282],[126.85355,37.50302],[126.85344,37.50339],[126.8549,37.50369],[126.85457,37.50259],[126.85609,37.50219],[126.85568,37.4999],[126.85469,37.49968],[126.854,37.49975],[126.8535,37.49924],[126.85271,37.49972],[126.85242,37.50016],[126.85191,37.5023],[126.85132,37.50329]]]}},{"type":"Feature","properties":{"name":"행당2구역주택재개발사업","cat":"재개발","gu":"성동구"},"geometry":{"type":"Polygon","coordinates":[[[127.03612,37.56102],[127.03658,37.56106],[127.03711,37.56057],[127.038,37.56066],[127.0384,37.55902],[127.03864,37.5587],[127.03707,37.55953],[127.03718,37.5598],[127.03656,37.56019],[127.03659,37.56035],[127.03603,37.56085],[127.03612,37.56102]]]}},{"type":"Feature","properties":{"name":"효창2-3구역주택재개발사업","cat":"재건축","gu":"마포구"},"geometry":{"type":"Polygon","coordinates":[[[126.95865,37.54283],[126.95871,37.54317],[126.95901,37.54327],[126.96007,37.54328],[126.95865,37.54283]]]}},{"type":"Feature","properties":{"name":"면목1 주택재건축 정비구역","cat":"정비예정구역","gu":"중랑구"},"geometry":{"type":"Polygon","coordinates":[[[127.09397,37.57862],[127.09256,37.57972],[127.09326,37.58043],[127.09407,37.58036],[127.09512,37.57938],[127.09397,37.57862]]]}},{"type":"Feature","properties":{"name":"신반포4지구 재건축정비사업구역","cat":"정비예정구역","gu":"서초구"},"geometry":{"type":"Polygon","coordinates":[[[127.01467,37.51207],[127.01534,37.50996],[127.01209,37.50897],[127.01231,37.50852],[127.0118,37.50837],[127.01138,37.50898],[127.0126,37.51017],[127.01203,37.51053],[127.01167,37.51039],[127.01122,37.51069],[127.01111,37.51044],[127.01061,37.51043],[127.00979,37.51195],[127.01083,37.51246],[127.01116,37.51224],[127.01132,37.51239],[127.01102,37.51256],[127.0136,37.51385],[127.01459,37.51393],[127.01467,37.51207]]]}},{"type":"Feature","properties":{"name":"본동5구역주택재개발사업","cat":"재개발","gu":"동작구"},"geometry":{"type":"Polygon","coordinates":[[[126.94989,37.51507],[126.95178,37.51413],[126.95203,37.51305],[126.95121,37.51289],[126.95098,37.51314],[126.95072,37.51304],[126.95092,37.51328],[126.9505,37.51359],[126.95062,37.51384],[126.94966,37.51405],[126.94951,37.51448],[126.94971,37.51486],[126.94989,37.51507]]]}},{"type":"Feature","properties":{"name":"회기제1주택재개발구역","cat":"재개발","gu":"동대문구"},"geometry":{"type":"Polygon","coordinates":[[[127.05456,37.59003],[127.05484,37.5896],[127.05422,37.58909],[127.05385,37.58939],[127.05415,37.58967],[127.05387,37.58992],[127.0535,37.5901],[127.05318,37.5899],[127.05226,37.59056],[127.05245,37.59083],[127.05456,37.59003]]]}},{"type":"Feature","properties":{"name":"도렴6,7구역도시환경정비사업","cat":"재건축","gu":"종로구"},"geometry":{"type":"Polygon","coordinates":[[[126.97336,37.57118],[126.97337,37.57155],[126.97409,37.5715],[126.97405,37.57118],[126.97336,37.57118]]]}},{"type":"Feature","properties":{"name":"중계4구역주택재개발사업","cat":"재개발","gu":"노원구"},"geometry":{"type":"Polygon","coordinates":[[[127.07328,37.65494],[127.07344,37.65506],[127.0727,37.65299],[127.07301,37.65265],[127.07244,37.65224],[127.072,37.65224],[127.0718,37.65172],[127.07111,37.65093],[127.07121,37.65064],[127.06904,37.65029],[127.06912,37.6506],[127.0717,37.65323],[127.07227,37.65447],[127.07235,37.65519],[127.07328,37.65494]]]}},{"type":"Feature","properties":{"name":"역촌주택재개발사업","cat":"재개발","gu":"은평구"},"geometry":{"type":"Polygon","coordinates":[[[126.90703,37.60438],[126.90784,37.60424],[126.90852,37.60358],[126.90833,37.60349],[126.90795,37.60375],[126.90675,37.60372],[126.90664,37.6031],[126.90706,37.60302],[126.9071,37.60241],[126.90728,37.60223],[126.90674,37.60177],[126.90534,37.60291],[126.90554,37.60321],[126.90537,37.60368],[126.90579,37.60393],[126.90649,37.60383],[126.90653,37.60417],[126.9056,37.60429],[126.90567,37.60456],[126.90706,37.60471],[126.90703,37.60438]]]}},{"type":"Feature","properties":{"name":"방화2재정비촉진구역","cat":"재개발","gu":"강서구"},"geometry":{"type":"Polygon","coordinates":[[[126.81156,37.56768],[126.81158,37.56649],[126.8108,37.56647],[126.80977,37.56682],[126.80788,37.56708],[126.8077,37.56765],[126.81156,37.56768]]]}},{"type":"Feature","properties":{"name":"정릉5구역주택재개발사업","cat":"재개발","gu":"성북구"},"geometry":{"type":"Polygon","coordinates":[[[127.01007,37.61615],[127.01032,37.616],[127.01113,37.61606],[127.01133,37.61506],[127.01144,37.6152],[127.01166,37.61509],[127.01118,37.61483],[127.01027,37.61368],[127.00993,37.61455],[127.00948,37.61495],[127.0089,37.6149],[127.00898,37.61585],[127.01007,37.61615]]]}},{"type":"Feature","properties":{"name":"신설 제1 주택정비형 공공재개발사업","cat":"재개발","gu":"동대문구"},"geometry":{"type":"Polygon","coordinates":[[[127.02755,37.57624],[127.02774,37.5749],[127.02681,37.57496],[127.02665,37.57612],[127.02755,37.57624]]]}},{"type":"Feature","properties":{"name":"남대문13구역도시환경정비사업","cat":"재건축","gu":"중구"},"geometry":{"type":"Polygon","coordinates":[[[126.97781,37.56038],[126.97766,37.5608],[126.97847,37.56079],[126.97852,37.56054],[126.97781,37.56038]]]}},{"type":"Feature","properties":{"name":"북창10구역도시환경정비사업","cat":"재건축","gu":"중구"},"geometry":{"type":"Polygon","coordinates":[[[126.97851,37.563],[126.97825,37.56301],[126.97822,37.56324],[126.97851,37.56327],[126.97851,37.563]]]}},{"type":"Feature","properties":{"name":"북아현3 재정비촉진구역","cat":"재개발","gu":"서대문구"},"geometry":{"type":"Polygon","coordinates":[[[126.95857,37.56586],[126.95911,37.5655],[126.96041,37.56579],[126.96175,37.5656],[126.96191,37.56544],[126.96173,37.56499],[126.96056,37.56486],[126.96057,37.56457],[126.96151,37.56423],[126.96148,37.56396],[126.96194,37.56399],[126.96262,37.56476],[126.96323,37.56492],[126.96382,37.56485],[126.96393,37.56464],[126.9642,37.56474],[126.96429,37.56455],[126.96544,37.56456],[126.96519,37.56419],[126.96277,37.56463],[126.96204,37.56371],[126.96225,37.56339],[126.96172,37.56217],[126.9618,37.56099],[126.96143,37.56083],[126.96181,37.56069],[126.96182,37.56036],[126.96133,37.56063],[126.96077,37.56046],[126.96075,37.56066],[126.96038,37.56071],[126.9603,37.56052],[126.96004,37.56058],[126.95983,37.56023],[126.95935,37.56018],[126.95933,37.56071],[126.95889,37.56169],[126.95782,37.56161],[126.95775,37.56199],[126.95596,37.56169],[126.9553,37.56295],[126.95279,37.56514],[126.95876,37.56436],[126.95886,37.56465],[126.95818,37.56538],[126.95857,37.56586]],[[126.95937,37.56407],[126.95917,37.56431],[126.95913,37.5641],[126.95937,37.56407]]]}},{"type":"Feature","properties":{"name":"양동2구역도시환경정비사업","cat":"재건축","gu":"중구"},"geometry":{"type":"Polygon","coordinates":[[[126.97529,37.55425],[126.9752,37.55357],[126.97418,37.55383],[126.97457,37.55428],[126.97529,37.55425]]]}},{"type":"Feature","properties":{"name":"신정2재정비촉진구역","cat":"재개발","gu":"양천구"},"geometry":{"type":"Polygon","coordinates":[[[126.85208,37.52007],[126.85384,37.51598],[126.85253,37.51568],[126.85252,37.51604],[126.85227,37.51604],[126.85226,37.5164],[126.85199,37.5164],[126.85177,37.51685],[126.85056,37.51651],[126.84983,37.51817],[126.84996,37.51842],[126.85061,37.51876],[126.85077,37.51926],[126.85035,37.52152],[126.85092,37.52119],[126.85062,37.52088],[126.851,37.52062],[126.8513,37.52089],[126.85158,37.52072],[126.85208,37.52007]]]}},{"type":"Feature","properties":{"name":"가락극동아파트 주택재건축 정비사업","cat":"정비예정구역","gu":"송파구"},"geometry":{"type":"Polygon","coordinates":[[[127.13272,37.4944],[127.1312,37.49576],[127.13256,37.49693],[127.13424,37.49574],[127.13272,37.4944]]]}},{"type":"Feature","properties":{"name":"미아재정비촉진지구6구역주택재개발","cat":"재개발","gu":"강북구"},"geometry":{"type":"Polygon","coordinates":[[[127.02054,37.6157],[127.02201,37.61585],[127.0221,37.61536],[127.02191,37.61233],[127.0204,37.6126],[127.01986,37.61324],[127.02023,37.61337],[127.01979,37.61373],[127.01978,37.61419],[127.0188,37.61503],[127.01903,37.61541],[127.01941,37.61549],[127.01936,37.61563],[127.01991,37.6156],[127.01965,37.61577],[127.02054,37.6157]]]}},{"type":"Feature","properties":{"name":"동자동3-1구역도시환경정비사업","cat":"재개발","gu":"중구"},"geometry":{"type":"Polygon","coordinates":[[[126.9739,37.55234],[126.97334,37.55229],[126.97334,37.5525],[126.9739,37.55249],[126.9739,37.55234]]]}},{"type":"Feature","properties":{"name":"염리2재정비촉진구역","cat":"재개발","gu":"마포구"},"geometry":{"type":"Polygon","coordinates":[[[126.94914,37.55195],[126.94987,37.55177],[126.95054,37.55189],[126.95037,37.55138],[126.94953,37.55056],[126.94927,37.54975],[126.94858,37.55002],[126.94852,37.54989],[126.94723,37.55013],[126.94612,37.54922],[126.94582,37.54945],[126.94651,37.55098],[126.94711,37.55082],[126.94763,37.55108],[126.94883,37.55124],[126.94911,37.55153],[126.94879,37.55164],[126.94914,37.55195]]]}},{"type":"Feature","properties":{"name":"6-3·3구역","cat":"재개발","gu":"중구"},"geometry":{"type":"Polygon","coordinates":[[[126.99653,37.56541],[126.99606,37.56492],[126.99584,37.56639],[126.9962,37.56641],[126.99613,37.56594],[126.99649,37.56596],[126.99653,37.56541]]]}},{"type":"Feature","properties":{"name":"답십리제17구역 주택재개발사업","cat":"재개발","gu":"동대문구"},"geometry":{"type":"Polygon","coordinates":[[[127.06175,37.56719],[127.06112,37.56639],[127.0605,37.56596],[127.05927,37.56673],[127.06175,37.56719]]]}},{"type":"Feature","properties":{"name":"도시환경정비사업구역","cat":"재개발","gu":"중구"},"geometry":{"type":"MultiPolygon","coordinates":[[[[126.98733,37.56486],[126.98738,37.56478],[126.98733,37.56474],[126.98733,37.56486]]],[[[126.98711,37.56487],[126.98716,37.56471],[126.98707,37.56468],[126.98711,37.56487]]],[[[126.98652,37.56486],[126.98695,37.56481],[126.98701,37.56466],[126.98652,37.56486]]],[[[126.98688,37.56599],[126.9869,37.56539],[126.98644,37.56538],[126.98641,37.56597],[126.98688,37.56599]]],[[[126.9865,37.56459],[126.98678,37.56453],[126.98653,37.56438],[126.9865,37.56459]]],[[[126.98659,37.56466],[126.9865,37.5646],[126.98649,37.56465],[126.98659,37.56466]]],[[[126.98593,37.56535],[126.98597,37.56536],[126.98597,37.56535],[126.98593,37.56535]]],[[[126.98594,37.56572],[126.98595,37.56571],[126.98594,37.56571],[126.98594,37.56572]]],[[[126.98587,37.56535],[126.98592,37.56531],[126.98585,37.56532],[126.98587,37.56535]]]]}},{"type":"Feature","properties":{"name":"홍은2-2 주거환경개선구역","cat":"주거환경개선","gu":"서대문구"},"geometry":{"type":"Polygon","coordinates":[[[126.95134,37.60096],[126.95153,37.60074],[126.95112,37.6002],[126.94956,37.60052],[126.94978,37.60122],[126.94942,37.60134],[126.94945,37.60164],[126.95027,37.60184],[126.95062,37.60151],[126.95121,37.60194],[126.9513,37.60222],[126.95143,37.60199],[126.9518,37.60193],[126.95134,37.60096]]]}},{"type":"Feature","properties":{"name":"돈암제6구역 재개발사업","cat":"재개발","gu":"성북구"},"geometry":{"type":"Polygon","coordinates":[[[127.02173,37.60088],[127.02148,37.59823],[127.02111,37.59822],[127.02016,37.59869],[127.01859,37.59821],[127.01877,37.59854],[127.0184,37.59868],[127.01846,37.59889],[127.01913,37.5988],[127.0193,37.59905],[127.02018,37.59938],[127.02075,37.6003],[127.02066,37.60092],[127.02101,37.60171],[127.02149,37.60157],[127.02126,37.60101],[127.02173,37.60088]]]}},{"type":"Feature","properties":{"name":"소공4-5구역도시환경정비사업","cat":"재건축","gu":"중구"},"geometry":{"type":"Polygon","coordinates":[[[126.9817,37.56322],[126.98119,37.56331],[126.98137,37.56377],[126.98182,37.56363],[126.9817,37.56322]]]}},{"type":"Feature","properties":{"name":"공덕5구역주택재개발사업","cat":"재개발","gu":"마포구"},"geometry":{"type":"Polygon","coordinates":[[[126.95167,37.55156],[126.95271,37.55137],[126.95248,37.55104],[126.9526,37.55086],[126.95428,37.55032],[126.95343,37.54862],[126.95323,37.5487],[126.95324,37.54892],[126.95196,37.54917],[126.95273,37.54966],[126.95107,37.55076],[126.95106,37.55095],[126.95167,37.55156]]]}},{"type":"Feature","properties":{"name":"무교4,5구역도시환경정비사업","cat":"재건축","gu":"종로구"},"geometry":{"type":"Polygon","coordinates":[[[126.97913,37.56809],[126.97911,37.56754],[126.97837,37.56758],[126.97836,37.56807],[126.97913,37.56809]]]}},{"type":"Feature","properties":{"name":"길음5재정비촉진구역(주택정비형재개발사업)","cat":"재개발","gu":"성북구"},"geometry":{"type":"Polygon","coordinates":[[[127.0165,37.60524],[127.01653,37.6048],[127.01608,37.60416],[127.01703,37.60381],[127.01693,37.60336],[127.01545,37.60387],[127.0149,37.60388],[127.01485,37.60518],[127.01509,37.60607],[127.01568,37.60582],[127.01653,37.60611],[127.01645,37.60562],[127.01674,37.60556],[127.0165,37.60524]]]}},{"type":"Feature","properties":{"name":"성북구 삼선동1가 369성곽마을 주거환","cat":"주거환경개선","gu":"성북구"},"geometry":{"type":"Polygon","coordinates":[[[127.00597,37.58822],[127.00793,37.58751],[127.0082,37.58643],[127.00788,37.58564],[127.00816,37.5854],[127.00799,37.58506],[127.00768,37.585],[127.00712,37.58522],[127.00696,37.58506],[127.00702,37.58535],[127.00663,37.5856],[127.00666,37.58622],[127.00599,37.58698],[127.00468,37.58715],[127.00421,37.58758],[127.00597,37.58822]]]}},{"type":"Feature","properties":{"name":"개화산역세권 장기전세주택 도시환경","cat":"재개발","gu":"강서구"},"geometry":{"type":"Polygon","coordinates":[[[126.80756,37.5709],[126.80758,37.57157],[126.80881,37.57155],[126.80881,37.5708],[126.80756,37.5709]]]}},{"type":"Feature","properties":{"name":"마천2-1구역주거환경개선사업","cat":"주거환경개선","gu":"송파구"},"geometry":{"type":"Polygon","coordinates":[[[127.15356,37.49838],[127.153,37.49842],[127.1531,37.49897],[127.15356,37.49838]]]}},{"type":"Feature","properties":{"name":"홍제13구역주택재개발사업","cat":"재개발","gu":"서대문구"},"geometry":{"type":"Polygon","coordinates":[[[126.94737,37.59223],[126.94708,37.59156],[126.94635,37.59186],[126.94655,37.59223],[126.94706,37.59252],[126.94697,37.59239],[126.94737,37.59223]]]}},{"type":"Feature","properties":{"name":"수표 도시정비형 재개발구역","cat":"재개발","gu":"종로구"},"geometry":{"type":"Polygon","coordinates":[[[126.9922,37.56813],[126.99243,37.56695],[126.99197,37.56696],[126.99192,37.56734],[126.99087,37.56732],[126.99092,37.56801],[126.9922,37.56813]]]}},{"type":"Feature","properties":{"name":"마포로1-17구역도시환경정비사업","cat":"재건축","gu":"마포구"},"geometry":{"type":"Polygon","coordinates":[[[126.94831,37.5425],[126.9486,37.54286],[126.94879,37.54276],[126.94863,37.54239],[126.94831,37.5425]]]}},{"type":"Feature","properties":{"name":"세종로1구역도시환경정비사업","cat":"재건축","gu":"종로구"},"geometry":{"type":"Polygon","coordinates":[[[126.9751,37.571],[126.97505,37.57153],[126.97544,37.5715],[126.97576,37.57103],[126.9751,37.571]]]}},{"type":"Feature","properties":{"name":"주거환경개선사업","cat":"주거환경개선","gu":"중구"},"geometry":{"type":"Polygon","coordinates":[[[127.0063,37.55054],[127.0059,37.55021],[127.00585,37.54982],[127.00458,37.5498],[127.00436,37.55015],[127.00452,37.5503],[127.00452,37.55098],[127.00392,37.55167],[127.00431,37.55252],[127.00448,37.55384],[127.00628,37.55556],[127.00677,37.55576],[127.0072,37.55629],[127.0079,37.55654],[127.00828,37.55713],[127.00814,37.55769],[127.00828,37.55769],[127.009,37.55657],[127.00849,37.55629],[127.00867,37.5557],[127.00855,37.55512],[127.00788,37.555],[127.00795,37.55455],[127.00726,37.55454],[127.00714,37.5543],[127.0066,37.55439],[127.00662,37.55407],[127.00581,37.55402],[127.00591,37.55392],[127.00496,37.55346],[127.00549,37.55256],[127.00592,37.55263],[127.00596,37.55232],[127.00712,37.55237],[127.00689,37.55187],[127.00703,37.55131],[127.00656,37.55119],[127.0063,37.55054]]]}},{"type":"Feature","properties":{"name":"주택재개발사업구역","cat":"재개발","gu":"동대문구"},"geometry":{"type":"Polygon","coordinates":[[[127.04392,37.58462],[127.04373,37.5852],[127.04418,37.58525],[127.04445,37.5857],[127.04438,37.58589],[127.04413,37.58587],[127.0436,37.58559],[127.04329,37.58652],[127.04536,37.5867],[127.04543,37.58628],[127.04567,37.58611],[127.04526,37.58592],[127.04468,37.58522],[127.04491,37.58502],[127.04422,37.5839],[127.04395,37.58453],[127.04419,37.58462],[127.04392,37.58462]]]}},{"type":"Feature","properties":{"name":"소공4-8구역도시환경정비사업","cat":"재건축","gu":"중구"},"geometry":{"type":"Polygon","coordinates":[[[126.98104,37.56296],[126.98152,37.56279],[126.98135,37.56252],[126.98092,37.56273],[126.98104,37.56296]]]}},{"type":"Feature","properties":{"name":"사당2-1구역주택재개발사업","cat":"재건축","gu":"동작구"},"geometry":{"type":"Polygon","coordinates":[[[126.97108,37.48813],[126.97093,37.48718],[126.96931,37.4889],[126.97025,37.48879],[126.97068,37.48829],[126.97108,37.48813]]]}},{"type":"Feature","properties":{"name":"용두1구역주거환경개선사업","cat":"주거환경개선","gu":"동대문구"},"geometry":{"type":"Polygon","coordinates":[[[127.03415,37.57418],[127.03391,37.57562],[127.03406,37.57755],[127.03415,37.57418]]]}},{"type":"Feature","properties":{"name":"회현5구역도시환경정비사업","cat":"재건축","gu":"중구"},"geometry":{"type":"Polygon","coordinates":[[[126.98261,37.55872],[126.9828,37.55816],[126.98146,37.55799],[126.98151,37.55851],[126.98261,37.55872]]]}},{"type":"Feature","properties":{"name":"도시환경정비사업","cat":"재개발","gu":"양천구"},"geometry":{"type":"Polygon","coordinates":[[[126.85359,37.51822],[126.85297,37.51805],[126.85208,37.52007],[126.85158,37.52072],[126.85048,37.52149],[126.84972,37.52167],[126.8498,37.52226],[126.85073,37.52208],[126.85236,37.521],[126.85359,37.51822]]]}},{"type":"Feature","properties":{"name":"마포로1-23구역도시환경정비사업","cat":"재건축","gu":"마포구"},"geometry":{"type":"Polygon","coordinates":[[[126.94409,37.53583],[126.94361,37.5359],[126.94381,37.53684],[126.94425,37.53661],[126.94409,37.53583]]]}},{"type":"Feature","properties":{"name":"소공1구역도시환경정비사업","cat":"재건축","gu":"중구"},"geometry":{"type":"Polygon","coordinates":[[[126.97863,37.56452],[126.97826,37.56448],[126.97752,37.56467],[126.97847,37.56475],[126.97863,37.56452]]]}},{"type":"Feature","properties":{"name":"신촌지역(마포)4-15지구 도시정비형 재개발구역","cat":"재개발","gu":"마포구"},"geometry":{"type":"MultiPolygon","coordinates":[[[[126.9378,37.55065],[126.93761,37.55105],[126.9379,37.55048],[126.93789,37.55047],[126.93758,37.55074],[126.93754,37.55089],[126.9378,37.55065]]],[[[126.93679,37.55225],[126.93642,37.55267],[126.93705,37.55301],[126.93712,37.55253],[126.93679,37.55225]]]]}},{"type":"Feature","properties":{"name":"대방역세권 장기전세주택 도시정비형 재개발구역","cat":"재개발","gu":"영등포구"},"geometry":{"type":"Polygon","coordinates":[[[126.9262,37.51403],[126.92586,37.51355],[126.92556,37.51349],[126.92393,37.51381],[126.92422,37.51469],[126.9262,37.51403]]]}},{"type":"Feature","properties":{"name":"관수동구역 제3지구 도시정비형 재개발구역","cat":"재건축","gu":"종로구"},"geometry":{"type":"MultiPolygon","coordinates":[[[[126.99153,37.57],[126.99206,37.57],[126.99215,37.56931],[126.99142,37.5693],[126.99153,37.57]]],[[[126.99039,37.56976],[126.99057,37.56967],[126.99058,37.5696],[126.99035,37.56961],[126.99039,37.56976]]],[[[126.99052,37.56994],[126.99042,37.56982],[126.99038,37.56993],[126.99052,37.56994]]]]}},{"type":"Feature","properties":{"name":"명동구역 제4지구 도시환경정비구역","cat":"재개발","gu":"중구"},"geometry":{"type":"Polygon","coordinates":[[[126.98733,37.56531],[126.98738,37.5649],[126.98661,37.5649],[126.98661,37.56525],[126.98733,37.56531]]]}},{"type":"Feature","properties":{"name":"도렴22구역도시환경정비사업","cat":"재건축","gu":"종로구"},"geometry":{"type":"Polygon","coordinates":[[[126.9745,37.5733],[126.97391,37.57328],[126.97375,37.57356],[126.97405,37.57358],[126.974,37.574],[126.97442,37.57392],[126.9745,37.5733]]]}},{"type":"Feature","properties":{"name":"중계4-1구역주택재개발사업","cat":"재건축","gu":"노원구"},"geometry":{"type":"Polygon","coordinates":[[[127.072,37.65224],[127.0718,37.65172],[127.07111,37.65093],[127.07121,37.65064],[127.06904,37.65029],[127.06912,37.6506],[127.07121,37.65265],[127.072,37.65224]]]}},{"type":"Feature","properties":{"name":"재건축사업구역","cat":"정비예정구역","gu":"서초구"},"geometry":{"type":"Polygon","coordinates":[[[127.00912,37.51562],[127.01107,37.51434],[127.01019,37.51347],[127.00833,37.51485],[127.00912,37.51562]]]}},{"type":"Feature","properties":{"name":"종로구부암동성곽마을관리형주거환경개선사","cat":"주거환경개선","gu":"종로구"},"geometry":{"type":"Polygon","coordinates":[[[126.96938,37.59456],[126.96766,37.5938],[126.96753,37.59354],[126.96646,37.59294],[126.96632,37.59188],[126.96593,37.59146],[126.96516,37.59139],[126.96469,37.59112],[126.96407,37.58994],[126.96422,37.58924],[126.96406,37.58895],[126.96303,37.58866],[126.96288,37.58906],[126.96273,37.58881],[126.96285,37.58847],[126.96211,37.58867],[126.96264,37.58883],[126.96268,37.58912],[126.96294,37.58919],[126.96296,37.5899],[126.96346,37.59],[126.96349,37.59025],[126.96259,37.59033],[126.96276,37.59067],[126.96341,37.5906],[126.96326,37.59139],[126.96392,37.59209],[126.9643,37.59304],[126.96424,37.59343],[126.96453,37.59355],[126.96471,37.59343],[126.96484,37.59359],[126.96465,37.59331],[126.96536,37.59311],[126.96563,37.59349],[126.96629,37.59385],[126.96642,37.59415],[126.96805,37.59433],[126.96823,37.59421],[126.96907,37.59471],[126.96938,37.59456]]]}},{"type":"Feature","properties":{"name":"도렴15구역도시환경정비사업","cat":"재건축","gu":"종로구"},"geometry":{"type":"Polygon","coordinates":[[[126.97381,37.57328],[126.97278,37.57324],[126.97279,37.57362],[126.97362,37.57362],[126.97381,37.57328]]]}},{"type":"Feature","properties":{"name":"무교2구역도시환경정비사업","cat":"재건축","gu":"종로구"},"geometry":{"type":"Polygon","coordinates":[[[126.97915,37.56865],[126.97856,37.56866],[126.97846,37.56895],[126.97906,37.56891],[126.97915,37.56865]]]}},{"type":"Feature","properties":{"name":"주택재개발사업구역","cat":"재개발","gu":"동작구"},"geometry":{"type":"Polygon","coordinates":[[[126.96505,37.50753],[126.96655,37.50687],[126.96614,37.50641],[126.9653,37.50673],[126.96423,37.50673],[126.9639,37.50693],[126.96366,37.5068],[126.9634,37.50715],[126.96344,37.50795],[126.96394,37.50832],[126.96505,37.50753]]]}},{"type":"Feature","properties":{"name":"장교 제12지구 도시정비형 재개발구역","cat":"재개발","gu":"종로구"},"geometry":{"type":"Polygon","coordinates":[[[126.98949,37.56782],[126.98951,37.56749],[126.98907,37.56751],[126.98906,37.56781],[126.98949,37.56782]]]}},{"type":"Feature","properties":{"name":"재건축사업구역","cat":"정비예정구역","gu":"구로구"},"geometry":{"type":"Polygon","coordinates":[[[126.84061,37.49042],[126.84108,37.48974],[126.84173,37.48969],[126.84192,37.4901],[126.84229,37.48994],[126.8426,37.48927],[126.8401,37.48796],[126.83975,37.48799],[126.83979,37.48868],[126.84095,37.48873],[126.84091,37.48975],[126.84058,37.49016],[126.84061,37.49042]]]}},{"type":"Feature","properties":{"name":"홍제6구역주택재개발사업","cat":"재개발","gu":"서대문구"},"geometry":{"type":"Polygon","coordinates":[[[126.94119,37.58385],[126.94006,37.58403],[126.93998,37.58542],[126.94031,37.5859],[126.94108,37.58588],[126.94212,37.58543],[126.94191,37.58453],[126.942,37.58396],[126.94119,37.58385]]]}},{"type":"Feature","properties":{"name":"숭인4구역주택재개발사업","cat":"재개발","gu":"성북구"},"geometry":{"type":"Polygon","coordinates":[[[127.01502,37.58075],[127.0149,37.58154],[127.01507,37.58176],[127.01619,37.5818],[127.0167,37.58153],[127.01689,37.58064],[127.01612,37.58014],[127.01615,37.57968],[127.01578,37.57984],[127.01562,37.58066],[127.01502,37.58075]]]}},{"type":"Feature","properties":{"name":"남대문로5가 1구역","cat":"재개발","gu":"중구"},"geometry":{"type":"Polygon","coordinates":[[[126.97372,37.55756],[126.97346,37.55741],[126.97332,37.55757],[126.97351,37.55777],[126.97372,37.55756]]]}},{"type":"Feature","properties":{"name":"하계2구역주택재개발사업","cat":"재개발","gu":"노원구"},"geometry":{"type":"Polygon","coordinates":[[[127.06163,37.6367],[127.06474,37.63293],[127.06506,37.63208],[127.06483,37.63202],[127.06358,37.63318],[127.0623,37.63401],[127.06062,37.63601],[127.05951,37.63784],[127.06031,37.63941],[127.06059,37.63938],[127.06106,37.63764],[127.06163,37.6367]]]}},{"type":"Feature","properties":{"name":"도시환경정비사업구역","cat":"재개발","gu":"중구"},"geometry":{"type":"MultiPolygon","coordinates":[[[[126.97429,37.55476],[126.97331,37.5545],[126.97329,37.55594],[126.97373,37.55624],[126.97454,37.55572],[126.97476,37.55583],[126.97527,37.55551],[126.97503,37.55527],[126.97432,37.5558],[126.97429,37.55476]],[[126.97398,37.55496],[126.97398,37.55498],[126.97398,37.55498],[126.97398,37.55496]]],[[[126.97461,37.55578],[126.9742,37.55601],[126.97469,37.5562],[126.97489,37.55588],[126.97461,37.55578]]]]}},{"type":"Feature","properties":{"name":"적선3구역도시환경정비사업","cat":"재건축","gu":"종로구"},"geometry":{"type":"Polygon","coordinates":[[[126.97358,37.57562],[126.9737,37.57513],[126.97302,37.57513],[126.97279,37.57558],[126.97358,37.57562]]]}},{"type":"Feature","properties":{"name":"마천2 재정비촉진구역","cat":"재개발","gu":"송파구"},"geometry":{"type":"Polygon","coordinates":[[[127.15447,37.49542],[127.15518,37.49456],[127.15242,37.49324],[127.15222,37.49348],[127.1525,37.49361],[127.152,37.49399],[127.15206,37.49414],[127.15176,37.49402],[127.15155,37.49426],[127.1531,37.49526],[127.15288,37.49579],[127.15231,37.49593],[127.15152,37.49545],[127.15185,37.49502],[127.15165,37.4949],[127.15199,37.49474],[127.15174,37.4945],[127.15145,37.49459],[127.15159,37.49467],[127.15085,37.49584],[127.15186,37.49647],[127.15192,37.49622],[127.15226,37.49606],[127.15258,37.49623],[127.15228,37.49656],[127.15398,37.49725],[127.154,37.49666],[127.15447,37.49542]]]}},{"type":"Feature","properties":{"name":"옥수11구역주택재개발사업","cat":"재개발","gu":"성동구"},"geometry":{"type":"Polygon","coordinates":[[[127.01822,37.54483],[127.01767,37.54462],[127.01732,37.54489],[127.01704,37.54485],[127.01753,37.54529],[127.01822,37.54483]]]}},{"type":"Feature","properties":{"name":"월곡주택재개발사업","cat":"재개발","gu":"성북구"},"geometry":{"type":"Polygon","coordinates":[[[127.0388,37.60929],[127.03868,37.60879],[127.03919,37.60871],[127.0393,37.60759],[127.03979,37.60724],[127.04012,37.60736],[127.04035,37.6068],[127.04072,37.60656],[127.04036,37.60616],[127.04003,37.60507],[127.03933,37.60458],[127.03837,37.60546],[127.03754,37.60564],[127.03702,37.60601],[127.0362,37.60841],[127.03698,37.60847],[127.03758,37.60906],[127.0388,37.60929]]]}},{"type":"Feature","properties":{"name":"대치청실아파트 주택재건축 정비사업","cat":"정비예정구역","gu":"강남구"},"geometry":{"type":"MultiPolygon","coordinates":[[[[127.06194,37.49488],[127.06043,37.49423],[127.05978,37.49512],[127.06163,37.49596],[127.06161,37.49547],[127.06194,37.49488]]],[[[127.05927,37.49572],[127.06035,37.49416],[127.05742,37.49281],[127.0566,37.49388],[127.05627,37.49373],[127.0559,37.49456],[127.05841,37.49557],[127.05858,37.49533],[127.05927,37.49572]]]]}},{"type":"Feature","properties":{"name":"천호1구역주택재개발사업","cat":"재개발","gu":"강동구"},"geometry":{"type":"Polygon","coordinates":[[[127.1402,37.54737],[127.13852,37.54805],[127.13814,37.54801],[127.13768,37.54834],[127.13779,37.54929],[127.13864,37.55013],[127.13854,37.55035],[127.13982,37.55053],[127.13903,37.54949],[127.1389,37.54893],[127.13853,37.54864],[127.14019,37.54782],[127.1402,37.54737]]]}},{"type":"Feature","properties":{"name":"신공덕4구역주택재개발사업","cat":"재개발","gu":"마포구"},"geometry":{"type":"Polygon","coordinates":[[[126.9572,37.54241],[126.95778,37.5422],[126.95687,37.5414],[126.95606,37.5418],[126.95656,37.54173],[126.9572,37.54241]]]}},{"type":"Feature","properties":{"name":"미아5구역주택재개발사업","cat":"재개발","gu":"강북구"},"geometry":{"type":"Polygon","coordinates":[[[127.01821,37.61777],[127.01931,37.61814],[127.01909,37.61797],[127.01917,37.61741],[127.01898,37.61689],[127.01938,37.61645],[127.01889,37.61607],[127.01945,37.61545],[127.01903,37.61535],[127.01885,37.6151],[127.01973,37.61439],[127.01979,37.61372],[127.02008,37.6136],[127.02026,37.61322],[127.01952,37.61332],[127.01923,37.6138],[127.01862,37.61379],[127.01753,37.61462],[127.0169,37.61484],[127.01652,37.61494],[127.01443,37.61468],[127.01421,37.61493],[127.01437,37.61544],[127.01508,37.6159],[127.01566,37.61679],[127.01626,37.61643],[127.01705,37.61631],[127.0174,37.6166],[127.01732,37.61738],[127.01806,37.6174],[127.01821,37.61777]]]}},{"type":"Feature","properties":{"name":"성내3 촉진구역 도시환경정비사업","cat":"재개발","gu":"강동구"},"geometry":{"type":"Polygon","coordinates":[[[127.1253,37.53784],[127.12628,37.53754],[127.12582,37.53691],[127.12497,37.5373],[127.1253,37.53784]]]}},{"type":"Feature","properties":{"name":"주택재개발사업구역","cat":"재개발","gu":"성북구"},"geometry":{"type":"Polygon","coordinates":[[[127.02089,37.59638],[127.02037,37.5959],[127.02019,37.59605],[127.01986,37.59574],[127.01883,37.59608],[127.01967,37.59676],[127.01994,37.59663],[127.02035,37.59696],[127.0206,37.59677],[127.02131,37.59714],[127.02089,37.59638]]]}},{"type":"Feature","properties":{"name":"월계3구역주택재건축사업","cat":"정비예정구역","gu":"노원구"},"geometry":{"type":"Polygon","coordinates":[[[127.05397,37.62301],[127.05426,37.62216],[127.05466,37.62192],[127.05445,37.62176],[127.05469,37.6212],[127.05435,37.62073],[127.0545,37.62026],[127.05247,37.62223],[127.05397,37.62301]]]}},{"type":"Feature","properties":{"name":"대림1 주택재건축정비구역","cat":"정비예정구역","gu":"영등포구"},"geometry":{"type":"Polygon","coordinates":[[[126.9053,37.49299],[126.90481,37.49256],[126.90443,37.49297],[126.90437,37.49328],[126.90483,37.49369],[126.90642,37.49317],[126.90595,37.4927],[126.90574,37.49266],[126.9053,37.49299]]]}},{"type":"Feature","properties":{"name":"신림재정비촉진지구2구역주택재개발","cat":"재개발","gu":"관악구"},"geometry":{"type":"Polygon","coordinates":[[[126.92997,37.46692],[126.93107,37.46662],[126.93104,37.46628],[126.9306,37.46615],[126.93099,37.46564],[126.93108,37.46578],[126.93132,37.46564],[126.93149,37.46433],[126.93118,37.4646],[126.93041,37.46452],[126.93062,37.46383],[126.93161,37.4632],[126.9318,37.46151],[126.93151,37.46142],[126.93146,37.46189],[126.9307,37.46247],[126.93043,37.46141],[126.92999,37.46071],[126.93012,37.45939],[126.9299,37.45923],[126.93004,37.45976],[126.92956,37.4605],[126.9287,37.45955],[126.92816,37.45928],[126.92849,37.45994],[126.92837,37.4601],[126.92993,37.46127],[126.93013,37.4617],[126.93003,37.46251],[126.92964,37.46249],[126.92957,37.46286],[126.92967,37.46329],[126.92989,37.46333],[126.92963,37.46501],[126.92891,37.4654],[126.92934,37.46595],[126.92913,37.46629],[126.92916,37.46681],[126.92997,37.46692]]]}},{"type":"Feature","properties":{"name":"문래동1가B 도시정비형재개발구역","cat":"재개발","gu":"영등포구"},"geometry":{"type":"Polygon","coordinates":[[[126.89659,37.51199],[126.89686,37.5115],[126.89646,37.51131],[126.89266,37.50975],[126.89246,37.51002],[126.89288,37.51016],[126.89263,37.51045],[126.8941,37.51119],[126.89659,37.51199]]]}},{"type":"Feature","properties":{"name":"북아현 재정비촉진지구","cat":"재정비촉진지구","gu":"서대문구"},"geometry":{"type":"Polygon","coordinates":[[[126.9593,37.55761],[126.95857,37.55747],[126.95591,37.55758],[126.94884,37.55712],[126.94847,37.55809],[126.94783,37.55886],[126.94907,37.55901],[126.94938,37.55967],[126.94981,37.55983],[126.94979,37.56022],[126.9495,37.5605],[126.95031,37.56121],[126.94979,37.56209],[126.9497,37.56305],[126.95015,37.56384],[126.9511,37.56381],[126.95105,37.56356],[126.95168,37.5635],[126.95196,37.56383],[126.95252,37.5639],[126.95334,37.56433],[126.95353,37.56416],[126.952,37.56352],[126.95183,37.56328],[126.95227,37.56232],[126.95286,37.5616],[126.9536,37.5617],[126.95575,37.56223],[126.95516,37.5631],[126.9528,37.56515],[126.95876,37.56436],[126.95886,37.56465],[126.95818,37.56538],[126.95845,37.56577],[126.95893,37.56588],[126.95928,37.56625],[126.95967,37.56587],[126.96148,37.56689],[126.96265,37.56695],[126.96292,37.56679],[126.96413,37.56715],[126.96464,37.5661],[126.9642,37.56474],[126.96429,37.56455],[126.96544,37.56456],[126.96519,37.56419],[126.96384,37.56439],[126.9624,37.56336],[126.96186,37.56215],[126.96196,37.55975],[126.96209,37.55968],[126.96108,37.55895],[126.95977,37.55859],[126.95981,37.55833],[126.95943,37.55833],[126.9593,37.55761]]]}},{"type":"Feature","properties":{"name":"창신1도시정비형 재개발구역","cat":"재개발","gu":"종로구"},"geometry":{"type":"Polygon","coordinates":[[[127.01238,37.57189],[127.01252,37.57004],[127.00984,37.57003],[127.00989,37.57054],[127.01096,37.57158],[127.01238,37.57189]]]}},{"type":"Feature","properties":{"name":"무교10구역도시환경정비사업","cat":"재건축","gu":"종로구"},"geometry":{"type":"Polygon","coordinates":[[[126.97975,37.56747],[126.97934,37.56746],[126.97935,37.56783],[126.97977,37.56779],[126.97975,37.56747]]]}},{"type":"Feature","properties":{"name":"서린17-1구역도시환경정비사업","cat":"재건축","gu":"종로구"},"geometry":{"type":"Polygon","coordinates":[[[126.97837,37.56945],[126.97763,37.56946],[126.97756,37.56965],[126.97838,37.56965],[126.97837,37.56945]]]}},{"type":"Feature","properties":{"name":"무교8구역도시환경정비사업","cat":"재건축","gu":"종로구"},"geometry":{"type":"Polygon","coordinates":[[[126.97981,37.56863],[126.97981,37.56837],[126.97936,37.56837],[126.97937,37.56857],[126.97981,37.56863]]]}},{"type":"Feature","properties":{"name":"소공4-6구역도시환경정비사업","cat":"재건축","gu":"중구"},"geometry":{"type":"Polygon","coordinates":[[[126.9808,37.56352],[126.98055,37.5629],[126.98005,37.56342],[126.98024,37.56359],[126.9808,37.56352]]]}},{"type":"Feature","properties":{"name":"적선6구역도시환경정비사업","cat":"재건축","gu":"종로구"},"geometry":{"type":"Polygon","coordinates":[[[126.97382,37.57417],[126.97344,37.57416],[126.97326,37.57464],[126.97375,37.57472],[126.97382,37.57417]]]}},{"type":"Feature","properties":{"name":"북창13구역도시환경정비사업","cat":"재건축","gu":"중구"},"geometry":{"type":"Polygon","coordinates":[[[126.97885,37.56364],[126.97883,37.56379],[126.97925,37.56381],[126.97921,37.56369],[126.97885,37.56364]]]}},{"type":"Feature","properties":{"name":"북창6구역도시환경정비사업","cat":"재건축","gu":"중구"},"geometry":{"type":"Polygon","coordinates":[[[126.9788,37.56347],[126.97856,37.56348],[126.97856,37.56363],[126.97878,37.56365],[126.9788,37.56347]]]}},{"type":"Feature","properties":{"name":"북창25구역도시환경정비사업","cat":"재건축","gu":"중구"},"geometry":{"type":"Polygon","coordinates":[[[126.97856,37.56216],[126.97857,37.5619],[126.97834,37.5619],[126.97836,37.56218],[126.97856,37.56216]]]}},{"type":"Feature","properties":{"name":"연희1 주거환경개선사업","cat":"주거환경개선","gu":"서대문구"},"geometry":{"type":"Polygon","coordinates":[[[126.92198,37.56989],[126.92074,37.56939],[126.92058,37.5691],[126.92029,37.56905],[126.92012,37.56936],[126.91924,37.56881],[126.919,37.56888],[126.91998,37.56948],[126.92034,37.56939],[126.92057,37.56967],[126.9216,37.56985],[126.92295,37.57046],[126.92285,37.5706],[126.92323,37.57082],[126.92335,37.57136],[126.9238,37.57181],[126.92361,37.57202],[126.92332,37.57185],[126.92296,37.5722],[126.9232,37.5724],[126.92373,37.57219],[126.92414,37.57247],[126.9243,37.57235],[126.924,37.57209],[126.92413,37.57179],[126.92349,37.57093],[126.92317,37.57016],[126.92328,37.57001],[126.92309,37.57015],[126.92292,37.56987],[126.92245,37.56997],[126.92237,37.56965],[126.92198,37.56989]]]}},{"type":"Feature","properties":{"name":"신반포13차아파트 주택재건축정비사","cat":"정비예정구역","gu":"서초구"},"geometry":{"type":"Polygon","coordinates":[[[127.0145,37.51753],[127.01406,37.5163],[127.01282,37.51703],[127.0135,37.51775],[127.0145,37.51753]]]}},{"type":"Feature","properties":{"name":"반포현대아파트 주택재건축정비사업","cat":"정비예정구역","gu":"서초구"},"geometry":{"type":"Polygon","coordinates":[[[127.01681,37.5032],[127.01652,37.50293],[127.01572,37.50339],[127.01599,37.50369],[127.01681,37.5032]]]}},{"type":"Feature","properties":{"name":"천호_성내재정비촉진지구성내2구역도","cat":"재개발","gu":"강동구"},"geometry":{"type":"Polygon","coordinates":[[[127.12782,37.53631],[127.12769,37.53591],[127.12601,37.53628],[127.12611,37.53663],[127.12583,37.53667],[127.12643,37.53749],[127.12753,37.53716],[127.1276,37.53633],[127.12782,37.53631]]]}},{"type":"Feature","properties":{"name":"서소문구역 제11.12지구","cat":"재건축","gu":"중구"},"geometry":{"type":"MultiPolygon","coordinates":[[[[126.97424,37.56158],[126.9741,37.56189],[126.97454,37.56196],[126.97449,37.5619],[126.97424,37.56158]]],[[[126.9728,37.56261],[126.9731,37.56186],[126.97236,37.56154],[126.97166,37.56226],[126.9728,37.56261]]]]}},{"type":"Feature","properties":{"name":"청량리재정비촉진지구 2구역도시환경","cat":"재개발","gu":"동대문구"},"geometry":{"type":"Polygon","coordinates":[[[127.04236,37.57907],[127.04244,37.57869],[127.0421,37.57854],[127.04189,37.57897],[127.04236,37.57907]]]}},{"type":"Feature","properties":{"name":"서울역~서대문7구역도시환경정비사업","cat":"재건축","gu":"중구"},"geometry":{"type":"Polygon","coordinates":[[[126.97327,37.56029],[126.97353,37.55987],[126.97289,37.55982],[126.97257,37.56019],[126.97327,37.56029]]]}},{"type":"Feature","properties":{"name":"여의도 진주아파트 재건축사업","cat":"정비예정구역","gu":"영등포구"},"geometry":{"type":"Polygon","coordinates":[[[126.93316,37.51737],[126.93286,37.51768],[126.93325,37.51793],[126.93298,37.51821],[126.93252,37.51803],[126.93171,37.51893],[126.93242,37.51932],[126.93421,37.51748],[126.93316,37.51737]]]}},{"type":"Feature","properties":{"name":"창천주거환경개선사업","cat":"주거환경개선","gu":"서대문구"},"geometry":{"type":"Polygon","coordinates":[[[126.93013,37.55967],[126.931,37.55947],[126.93096,37.55931],[126.93134,37.55929],[126.9303,37.55864],[126.92952,37.55895],[126.93013,37.55967]]]}},{"type":"Feature","properties":{"name":"신길 재정비촉진지구","cat":"재정비촉진지구","gu":"영등포구"},"geometry":{"type":"Polygon","coordinates":[[[126.9034,37.50398],[126.90345,37.5042],[126.90738,37.50572],[126.90811,37.50544],[126.90931,37.50556],[126.91035,37.50538],[126.90987,37.50444],[126.91018,37.50446],[126.91065,37.50538],[126.91253,37.50501],[126.91267,37.50522],[126.91589,37.5043],[126.91507,37.50382],[126.91427,37.5027],[126.91479,37.50212],[126.91614,37.50245],[126.91602,37.50316],[126.91623,37.50401],[126.91607,37.50452],[126.91568,37.50462],[126.91604,37.505],[126.91606,37.50552],[126.91576,37.506],[126.9151,37.50627],[126.91524,37.50634],[126.91515,37.5076],[126.91499,37.50777],[126.91541,37.50802],[126.9153,37.50808],[126.91549,37.50832],[126.91526,37.50838],[126.91552,37.50879],[126.91454,37.50901],[126.91399,37.51079],[126.91584,37.51121],[126.91577,37.51169],[126.91594,37.51172],[126.91606,37.51124],[126.9164,37.51133],[126.91697,37.51082],[126.91697,37.51051],[126.91718,37.51053],[126.9174,37.50939],[126.91695,37.50934],[126.91689,37.50896],[126.9176,37.50887],[126.91764,37.50833],[126.91757,37.50689],[126.91731,37.50626],[126.91705,37.50601],[126.9164,37.50602],[126.91612,37.50578],[126.91629,37.50566],[126.91675,37.50583],[126.91624,37.50512],[126.9162,37.50449],[126.91639,37.50419],[126.91747,37.50401],[126.92055,37.50402],[126.92048,37.50321],[126.91986,37.50173],[126.91665,37.50149],[126.91649,37.50067],[126.91619,37.50059],[126.91601,37.50074],[126.91547,37.50014],[126.9106,37.50022],[126.911,37.50091],[126.91088,37.50096],[126.91073,37.50077],[126.91004,37.50091],[126.90971,37.50035],[126.90903,37.50053],[126.90922,37.50073],[126.90836,37.50099],[126.90839,37.5005],[126.90894,37.50044],[126.90882,37.50031],[126.90743,37.50067],[126.90739,37.5003],[126.90716,37.50031],[126.9072,37.50064],[126.90572,37.50128],[126.9053,37.50181],[126.90499,37.50165],[126.90526,37.50187],[126.90441,37.50325],[126.90398,37.50311],[126.9034,37.50398]]]}},{"type":"Feature","properties":{"name":"가리봉1구역 주택정비형 재개발사업","cat":"재개발","gu":"구로구"},"geometry":{"type":"Polygon","coordinates":[[[126.88839,37.48454],[126.89153,37.48362],[126.89081,37.48297],[126.89095,37.48301],[126.89102,37.48269],[126.89192,37.48168],[126.89126,37.48105],[126.8909,37.48197],[126.89039,37.48189],[126.89009,37.48254],[126.88929,37.48208],[126.88938,37.4818],[126.88888,37.4818],[126.88878,37.48165],[126.88857,37.48181],[126.88819,37.48162],[126.88686,37.48342],[126.88839,37.48454]],[[126.88921,37.48369],[126.88911,37.48301],[126.88949,37.48266],[126.88969,37.48342],[126.88954,37.4839],[126.88921,37.48369]]]}},{"type":"Feature","properties":{"name":"성수전략정비구역 제3주택정비형 재개발정비구역","cat":"재개발","gu":"성동구"},"geometry":{"type":"Polygon","coordinates":[[[127.05714,37.53717],[127.05718,37.53678],[127.05649,37.53641],[127.05669,37.53604],[127.05655,37.53601],[127.05656,37.53566],[127.05623,37.5355],[127.05632,37.53526],[127.05588,37.53412],[127.05323,37.53493],[127.05482,37.53877],[127.05753,37.53806],[127.05731,37.53774],[127.05738,37.53735],[127.05714,37.53717]]]}},{"type":"Feature","properties":{"name":"소공4-9구역도시환경정비사업","cat":"재건축","gu":"중구"},"geometry":{"type":"Polygon","coordinates":[[[126.98073,37.56267],[126.98135,37.56252],[126.98121,37.5623],[126.98073,37.56267]]]}},{"type":"Feature","properties":{"name":"봉천6구역주택재개발사업","cat":"재개발","gu":"관악구"},"geometry":{"type":"MultiPolygon","coordinates":[[[[126.96644,37.47266],[126.9664,37.47229],[126.96616,37.47221],[126.96644,37.47266]]],[[[126.96563,37.4738],[126.96625,37.47297],[126.96595,37.47286],[126.96578,37.47211],[126.96593,37.47163],[126.96557,37.47141],[126.96562,37.47191],[126.96512,37.47185],[126.96502,37.47264],[126.9654,37.47312],[126.96531,37.47366],[126.96563,37.4738]]]]}},{"type":"Feature","properties":{"name":"흑석3 재정비촉진구역-주택재개발사","cat":"재개발","gu":"동작구"},"geometry":{"type":"Polygon","coordinates":[[[126.96216,37.5032],[126.96412,37.50322],[126.9642,37.50168],[126.96314,37.50164],[126.96318,37.50212],[126.96232,37.50201],[126.96239,37.50105],[126.96273,37.50088],[126.96267,37.5007],[126.96284,37.5006],[126.96206,37.49988],[126.96132,37.49974],[126.96152,37.49949],[126.96132,37.4994],[126.96107,37.49965],[126.96106,37.4995],[126.9609,37.49942],[126.96079,37.49957],[126.96053,37.49929],[126.96064,37.49912],[126.96009,37.49919],[126.96005,37.50152],[126.96074,37.50314],[126.96125,37.50314],[126.96108,37.50304],[126.96121,37.503],[126.96216,37.5032]]]}},{"type":"Feature","properties":{"name":"신사동(편백마을) 관리형 주거환경개","cat":"주거환경개선","gu":"은평구"},"geometry":{"type":"Polygon","coordinates":[[[126.90732,37.59627],[126.90778,37.59583],[126.90816,37.59588],[126.90876,37.59562],[126.90783,37.59384],[126.9058,37.59398],[126.90584,37.59354],[126.90544,37.59371],[126.9054,37.59482],[126.90476,37.59528],[126.90732,37.59627]]]}},{"type":"Feature","properties":{"name":"신림3재정비촉진구역","cat":"재개발","gu":"관악구"},"geometry":{"type":"Polygon","coordinates":[[[126.93296,37.46212],[126.93305,37.46141],[126.93404,37.46138],[126.93331,37.46122],[126.93351,37.46015],[126.93284,37.45894],[126.93249,37.4592],[126.93178,37.46055],[126.93198,37.46205],[126.93296,37.46212]]]}},{"type":"Feature","properties":{"name":"무교다동 23-12 지구","cat":"재건축","gu":"종로구"},"geometry":{"type":"Polygon","coordinates":[[[126.98204,37.5672],[126.9819,37.56706],[126.9818,37.5672],[126.98204,37.5672]]]}},{"type":"Feature","properties":{"name":"쌍문3구역 주택정비형 재개발사업","cat":"재개발","gu":"도봉구"},"geometry":{"type":"Polygon","coordinates":[[[127.02583,37.64703],[127.02719,37.64586],[127.02792,37.64512],[127.02579,37.64603],[127.02537,37.64663],[127.02583,37.64703]]]}},{"type":"Feature","properties":{"name":"북창15구역도시환경정비사업","cat":"재건축","gu":"중구"},"geometry":{"type":"Polygon","coordinates":[[[126.97766,37.56279],[126.9777,37.56243],[126.97743,37.56242],[126.9774,37.56267],[126.97766,37.56279]]]}},{"type":"Feature","properties":{"name":"북창22구역도시환경정비사업","cat":"재건축","gu":"중구"},"geometry":{"type":"Polygon","coordinates":[[[126.97786,37.56164],[126.97758,37.56161],[126.9775,37.56185],[126.97784,37.56187],[126.97786,37.56164]]]}},{"type":"Feature","properties":{"name":"종암9구역 주택정비형 재개발사업","cat":"재개발","gu":"성북구"},"geometry":{"type":"Polygon","coordinates":[[[127.02756,37.59848],[127.02819,37.59923],[127.0292,37.59964],[127.0293,37.59802],[127.02981,37.59763],[127.02983,37.59704],[127.02937,37.59727],[127.02963,37.59759],[127.02953,37.59772],[127.02908,37.59738],[127.02905,37.59756],[127.02861,37.59747],[127.02824,37.59785],[127.02779,37.59759],[127.02718,37.59776],[127.02719,37.59812],[127.02751,37.59835],[127.02716,37.59826],[127.02696,37.59864],[127.02756,37.59848]]]}},{"type":"Feature","properties":{"name":"천호3구역","cat":"정비예정구역","gu":"강동구"},"geometry":{"type":"Polygon","coordinates":[[[127.12608,37.54332],[127.12699,37.54324],[127.12818,37.54265],[127.12787,37.54182],[127.12581,37.54248],[127.12608,37.54332]]]}},{"type":"Feature","properties":{"name":"불광3구역주택재개발사업","cat":"재개발","gu":"은평구"},"geometry":{"type":"Polygon","coordinates":[[[126.93367,37.62064],[126.93456,37.62057],[126.93461,37.61994],[126.9355,37.61942],[126.93538,37.61889],[126.93573,37.61893],[126.93596,37.61944],[126.93624,37.61943],[126.9365,37.61971],[126.93689,37.61948],[126.93667,37.61933],[126.93677,37.61906],[126.93657,37.61896],[126.9366,37.61786],[126.93569,37.61744],[126.93572,37.61717],[126.93605,37.6169],[126.93467,37.61731],[126.93466,37.61713],[126.93413,37.61725],[126.9339,37.61749],[126.93405,37.61762],[126.93377,37.61789],[126.93314,37.61943],[126.93375,37.61977],[126.93354,37.62036],[126.93367,37.62064]]]}},{"type":"Feature","properties":{"name":"주택재개발정비구역","cat":"재개발","gu":"관악구"},"geometry":{"type":"Polygon","coordinates":[[[126.94274,37.47707],[126.94172,37.47717],[126.94086,37.47685],[126.94068,37.47704],[126.94112,37.4774],[126.94007,37.47834],[126.94019,37.47841],[126.94054,37.47802],[126.94238,37.47908],[126.94223,37.47808],[126.94289,37.47802],[126.94274,37.47707]]]}},{"type":"Feature","properties":{"name":"옥인주택재개발사업","cat":"재개발","gu":"은평구"},"geometry":{"type":"Polygon","coordinates":[[[126.90891,37.60388],[126.90902,37.6035],[126.90848,37.60349],[126.90846,37.60275],[126.90738,37.60276],[126.90736,37.6024],[126.9071,37.60241],[126.90706,37.60302],[126.90664,37.6031],[126.90675,37.60372],[126.90694,37.60373],[126.90695,37.60388],[126.90667,37.60385],[126.90676,37.60466],[126.9071,37.60471],[126.90891,37.60388]]]}},{"type":"Feature","properties":{"name":"영천구역 주택재개발정비구역","cat":"재개발","gu":"서대문구"},"geometry":{"type":"Polygon","coordinates":[[[126.96004,37.57142],[126.96084,37.57085],[126.96057,37.57055],[126.95981,37.57044],[126.95913,37.5713],[126.96004,37.57142]]]}},{"type":"Feature","properties":{"name":"홍은4-3구역주택재개발사업","cat":"재건축","gu":"서대문구"},"geometry":{"type":"Polygon","coordinates":[[[126.94456,37.59935],[126.94542,37.59907],[126.94658,37.59782],[126.94641,37.59698],[126.94664,37.59619],[126.94538,37.59674],[126.9453,37.59698],[126.94555,37.59758],[126.94488,37.59805],[126.94422,37.59909],[126.94456,37.59935]]]}},{"type":"Feature","properties":{"name":"합정4도시환경정비사업","cat":"재개발","gu":"마포구"},"geometry":{"type":"Polygon","coordinates":[[[126.91103,37.54878],[126.91068,37.54932],[126.9116,37.54944],[126.91175,37.54896],[126.91103,37.54878]]]}},{"type":"Feature","properties":{"name":"마포로1구역제34지구","cat":"재개발","gu":"마포구"},"geometry":{"type":"Polygon","coordinates":[[[126.94817,37.54035],[126.94782,37.54066],[126.94843,37.54109],[126.94889,37.54069],[126.94817,37.54035]]]}},{"type":"Feature","properties":{"name":"마포로1구역 제36지구","cat":"재건축","gu":"마포구"},"geometry":{"type":"Polygon","coordinates":[[[126.94948,37.54104],[126.94899,37.54074],[126.94883,37.54093],[126.94925,37.54124],[126.94948,37.54104]]]}},{"type":"Feature","properties":{"name":"온수동 주민참여형재생사업 주거환경","cat":"주거환경개선","gu":"구로구"},"geometry":{"type":"Polygon","coordinates":[[[126.81859,37.49615],[126.81923,37.49588],[126.81849,37.4956],[126.81889,37.49558],[126.81897,37.49526],[126.81921,37.49531],[126.8189,37.49478],[126.81866,37.49489],[126.81843,37.49437],[126.8188,37.49365],[126.81964,37.49279],[126.82046,37.49248],[126.82084,37.4928],[126.82133,37.49249],[126.82036,37.49217],[126.8196,37.49159],[126.81861,37.49214],[126.81826,37.49258],[126.81822,37.49278],[126.81881,37.49295],[126.81869,37.49322],[126.81753,37.4947],[126.81783,37.49493],[126.81717,37.49498],[126.81692,37.49537],[126.81768,37.4955],[126.81783,37.49572],[126.81795,37.4961],[126.81731,37.49618],[126.81778,37.49698],[126.81858,37.49695],[126.81843,37.49643],[126.81859,37.49615]]]}},{"type":"Feature","properties":{"name":"고척3구역주택재개발사업","cat":"재개발","gu":"구로구"},"geometry":{"type":"Polygon","coordinates":[[[126.85893,37.50544],[126.85924,37.50504],[126.85972,37.50515],[126.86026,37.50404],[126.85818,37.50419],[126.85813,37.50462],[126.85857,37.50461],[126.85837,37.50525],[126.85893,37.50544]]]}},{"type":"Feature","properties":{"name":"주택재개발사업구역","cat":"재개발","gu":"은평구"},"geometry":{"type":"Polygon","coordinates":[[[126.91946,37.59625],[126.92035,37.59612],[126.92289,37.59517],[126.92276,37.59483],[126.92292,37.59406],[126.92168,37.59412],[126.92141,37.59392],[126.91841,37.59474],[126.91857,37.59502],[126.91889,37.59489],[126.91906,37.59545],[126.91887,37.59543],[126.91946,37.59625]]]}},{"type":"Feature","properties":{"name":"도시환경정비사업구역","cat":"재개발","gu":"종로구"},"geometry":{"type":"Polygon","coordinates":[[[126.98915,37.56525],[126.98914,37.56565],[126.98973,37.56579],[126.98976,37.5655],[126.98944,37.56547],[126.98935,37.56528],[126.98915,37.56525]]]}},{"type":"Feature","properties":{"name":"홍제1구역주택재개발사업","cat":"재개발","gu":"서대문구"},"geometry":{"type":"Polygon","coordinates":[[[126.95326,37.59525],[126.95291,37.59438],[126.95327,37.59424],[126.95304,37.59397],[126.9532,37.59379],[126.95274,37.59389],[126.95258,37.59332],[126.95274,37.59319],[126.95231,37.59281],[126.95152,37.59454],[126.95114,37.59485],[126.95132,37.59495],[126.95131,37.59549],[126.95206,37.59571],[126.95303,37.59652],[126.95432,37.5962],[126.95326,37.59525]]]}},{"type":"Feature","properties":{"name":"도시환경정비사업지구","cat":"재건축","gu":"중구"},"geometry":{"type":"MultiPolygon","coordinates":[[[[126.97161,37.5606],[126.97167,37.55977],[126.97097,37.56059],[126.97174,37.56106],[126.97199,37.56077],[126.97161,37.5606]]],[[[126.96913,37.56398],[126.96888,37.56393],[126.9688,37.56447],[126.96896,37.5645],[126.96913,37.56398]]]]}},{"type":"Feature","properties":{"name":"재건축사업구역","cat":"정비예정구역","gu":"마포구"},"geometry":{"type":"Polygon","coordinates":[[[126.92952,37.55009],[126.92989,37.55005],[126.93119,37.55069],[126.93184,37.55035],[126.93093,37.54964],[126.93108,37.5494],[126.93117,37.54943],[126.9314,37.54937],[126.93052,37.54924],[126.92952,37.55009]]]}},{"type":"Feature","properties":{"name":"재정비촉진구역","cat":"재개발","gu":"용산구"},"geometry":{"type":"Polygon","coordinates":[[[126.99549,37.5331],[126.99633,37.53174],[126.99688,37.5319],[126.99696,37.53275],[126.99625,37.53315],[126.99697,37.53325],[126.99786,37.5331],[126.9981,37.53264],[126.99764,37.53254],[126.99758,37.53235],[126.99778,37.53228],[126.99788,37.53184],[126.99937,37.53113],[127.00001,37.53109],[127.00133,37.53033],[127.00055,37.52984],[127.0001,37.52985],[126.99989,37.52952],[126.999,37.52987],[126.99836,37.52931],[126.99843,37.52919],[126.99805,37.52926],[126.99731,37.53003],[126.99514,37.53133],[126.99485,37.53177],[126.99431,37.5331],[126.99549,37.5331]]]}},{"type":"Feature","properties":{"name":"장안동 현대아파트 주택재건축 정비","cat":"정비예정구역","gu":"동대문구"},"geometry":{"type":"Polygon","coordinates":[[[127.06968,37.58002],[127.06857,37.58023],[127.06861,37.58226],[127.06996,37.58195],[127.06968,37.58002]]]}},{"type":"Feature","properties":{"name":"공릉2구역주택재건축사업","cat":"정비예정구역","gu":"노원구"},"geometry":{"type":"Polygon","coordinates":[[[127.08241,37.62168],[127.08321,37.62106],[127.08247,37.62071],[127.08261,37.62033],[127.08186,37.62018],[127.08189,37.62055],[127.08069,37.62058],[127.08084,37.6219],[127.08241,37.62168]]]}},{"type":"Feature","properties":{"name":"용두1(2지구)재정비촉진구역","cat":"재건축","gu":"동대문구"},"geometry":{"type":"Polygon","coordinates":[[[127.0398,37.57783],[127.03952,37.57753],[127.03887,37.57752],[127.03916,37.57767],[127.03896,37.57809],[127.0396,37.57824],[127.0398,37.57783]]]}},{"type":"Feature","properties":{"name":"마포로5-8","cat":"재건축","gu":"서대문구"},"geometry":{"type":"Polygon","coordinates":[[[126.96702,37.56215],[126.96796,37.56202],[126.96799,37.5618],[126.96707,37.56156],[126.96702,37.56215]]]}},{"type":"Feature","properties":{"name":"북창2구역도시환경정비사업","cat":"재건축","gu":"중구"},"geometry":{"type":"Polygon","coordinates":[[[126.97791,37.56369],[126.97787,37.56332],[126.97763,37.56332],[126.97779,37.56369],[126.97791,37.56369]]]}},{"type":"Feature","properties":{"name":"장충1구역주택재개발사업","cat":"재개발","gu":"중구"},"geometry":{"type":"Polygon","coordinates":[[[127.00068,37.55954],[127.00163,37.55947],[127.0018,37.5593],[127.00169,37.55907],[127.00211,37.55877],[127.00237,37.55896],[127.00334,37.55879],[127.0026,37.55844],[127.00239,37.5585],[127.0022,37.55822],[127.00092,37.55852],[127.00002,37.55903],[127.00008,37.55935],[127.00037,37.55937],[127.00078,37.56018],[127.00068,37.55954]]]}},{"type":"Feature","properties":{"name":"청량리1구역주거환경개선사업","cat":"주거환경개선","gu":"성북구"},"geometry":{"type":"Polygon","coordinates":[[[127.04009,37.59299],[127.03986,37.59307],[127.04076,37.59529],[127.04112,37.59698],[127.04158,37.59728],[127.04192,37.59713],[127.04177,37.59657],[127.04009,37.59299]]]}},{"type":"Feature","properties":{"name":"서소문 도시정비형  재개발구역","cat":"재개발","gu":"중구"},"geometry":{"type":"Polygon","coordinates":[[[126.97171,37.56228],[126.97635,37.5638],[126.9765,37.56364],[126.97547,37.56096],[126.9744,37.55998],[126.9736,37.56017],[126.97171,37.56228]]]}},{"type":"Feature","properties":{"name":"청운1구역주택재개발사업","cat":"재개발","gu":"종로구"},"geometry":{"type":"Polygon","coordinates":[[[126.96737,37.59212],[126.96949,37.59098],[126.96937,37.59069],[126.9684,37.59041],[126.96799,37.5914],[126.96684,37.59136],[126.96737,37.59212]]]}},{"type":"Feature","properties":{"name":"삼청1구역주택재개발사업","cat":"재개발","gu":"종로구"},"geometry":{"type":"Polygon","coordinates":[[[126.9845,37.58569],[126.985,37.58581],[126.98396,37.58512],[126.98339,37.58549],[126.98386,37.58566],[126.98375,37.58592],[126.98432,37.58609],[126.9845,37.58569]]]}},{"type":"Feature","properties":{"name":"다동도시환경정비사업","cat":"재개발","gu":"종로구"},"geometry":{"type":"Polygon","coordinates":[[[126.97937,37.56883],[126.98251,37.56858],[126.98241,37.56647],[126.98196,37.56615],[126.9793,37.56628],[126.97937,37.56883]]]}},{"type":"Feature","properties":{"name":"창신1-1구역주택재개발사업","cat":"재건축","gu":"성북구"},"geometry":{"type":"Polygon","coordinates":[[[127.01481,37.5816],[127.01501,37.58057],[127.01486,37.58052],[127.01475,37.57981],[127.01393,37.57966],[127.01307,37.57996],[127.01279,37.58058],[127.01299,37.58079],[127.01287,37.58096],[127.01418,37.5811],[127.01448,37.58118],[127.01481,37.5816]]]}},{"type":"Feature","properties":{"name":"신용산역 북측 제1구역 도시정비형 재개발구","cat":"재개발","gu":"용산구"},"geometry":{"type":"Polygon","coordinates":[[[126.97155,37.53333],[126.97061,37.53234],[126.96946,37.53287],[126.97,37.53363],[126.97035,37.53354],[126.97044,37.53369],[126.97049,37.53351],[126.97155,37.53333]]]}},{"type":"Feature","properties":{"name":"옥수8구역주택재개발사업","cat":"재개발","gu":"성동구"},"geometry":{"type":"Polygon","coordinates":[[[127.01587,37.53823],[127.01566,37.53855],[127.0159,37.53902],[127.01504,37.5397],[127.01546,37.53988],[127.0155,37.54098],[127.01637,37.54117],[127.01666,37.54099],[127.0171,37.54111],[127.01718,37.54075],[127.01759,37.54081],[127.01763,37.54065],[127.01587,37.53823]]]}},{"type":"Feature","properties":{"name":"상계재정비촉진지구4-2구역주거환경","cat":"주거환경개선","gu":"노원구"},"geometry":{"type":"Polygon","coordinates":[[[127.07944,37.67311],[127.07918,37.67312],[127.07917,37.67292],[127.07825,37.67283],[127.07827,37.6731],[127.07906,37.67393],[127.07974,37.67348],[127.07944,37.67311]]]}},{"type":"Feature","properties":{"name":"충현2구역 도시정비형 재개발구역","cat":"재개발","gu":"종로구"},"geometry":{"type":"Polygon","coordinates":[[[126.96551,37.56669],[126.96515,37.56648],[126.96487,37.56677],[126.96519,37.567],[126.96551,37.56669]]]}},{"type":"Feature","properties":{"name":"삼양사거리역세권 장기전세주택 도시정비형재개발구역","cat":"재개발","gu":"강북구"},"geometry":{"type":"Polygon","coordinates":[[[127.02142,37.62327],[127.02141,37.6229],[127.02186,37.62299],[127.02179,37.62289],[127.01996,37.62246],[127.01935,37.62312],[127.0199,37.62332],[127.01921,37.62413],[127.01961,37.62376],[127.01984,37.62392],[127.02142,37.62327]]]}},{"type":"Feature","properties":{"name":"마포로3구역 제1지구 도시정비형 재개발사업","cat":"재개발","gu":"마포구"},"geometry":{"type":"Polygon","coordinates":[[[126.95513,37.55078],[126.95458,37.55099],[126.95496,37.55161],[126.95555,37.55164],[126.95513,37.55078]]]}},{"type":"Feature","properties":{"name":"북가좌1구역주택재개발사업","cat":"재개발","gu":"서대문구"},"geometry":{"type":"Polygon","coordinates":[[[126.91061,37.57626],[126.91047,37.57554],[126.90988,37.57585],[126.90916,37.57511],[126.90752,37.5752],[126.9075,37.57547],[126.90856,37.57654],[126.90891,37.57643],[126.90974,37.57681],[126.91061,37.57626]]]}},{"type":"Feature","properties":{"name":"일원현대아파트 주택재건축정비사업","cat":"정비예정구역","gu":"강남구"},"geometry":{"type":"Polygon","coordinates":[[[127.07913,37.48835],[127.07838,37.48972],[127.07949,37.48992],[127.07931,37.49063],[127.08068,37.49086],[127.08149,37.4891],[127.07913,37.48835]]]}},{"type":"Feature","properties":{"name":"대림2 주택재건축정비구역","cat":"정비예정구역","gu":"영등포구"},"geometry":{"type":"Polygon","coordinates":[[[126.90254,37.49574],[126.90366,37.4951],[126.90288,37.49451],[126.90196,37.49533],[126.90199,37.49555],[126.90254,37.49574]]]}},{"type":"Feature","properties":{"name":"주거환경개선사업","cat":"주거환경개선","gu":"종로구"},"geometry":{"type":"Polygon","coordinates":[[[126.96307,37.577],[126.96299,37.57675],[126.96245,37.5769],[126.96223,37.57665],[126.96263,37.57596],[126.9631,37.57612],[126.96338,37.57551],[126.96355,37.57403],[126.96397,37.57361],[126.96349,37.57339],[126.96357,37.57314],[126.96389,37.57308],[126.96365,37.57275],[126.96329,37.57286],[126.96277,37.5726],[126.96289,37.57277],[126.96259,37.5729],[126.96197,37.57262],[126.96242,37.57319],[126.96264,37.57315],[126.96259,37.57368],[126.96147,37.57392],[126.96142,37.57367],[126.96074,37.57399],[126.96179,37.57483],[126.96191,37.5764],[126.96242,37.57714],[126.96286,37.57754],[126.96307,37.577]]]}},{"type":"Feature","properties":{"name":"구로3-1구역주거환경개선사업","cat":"주거환경개선","gu":"구로구"},"geometry":{"type":"Polygon","coordinates":[[[126.88997,37.48742],[126.89036,37.48757],[126.89063,37.48722],[126.88964,37.48637],[126.88952,37.48436],[126.88671,37.48502],[126.88665,37.48515],[126.8889,37.48766],[126.8894,37.48802],[126.88997,37.48742]]]}},{"type":"Feature","properties":{"name":"이문2구역주택재개발사업","cat":"재개발","gu":"동대문구"},"geometry":{"type":"Polygon","coordinates":[[[127.06836,37.60139],[127.06903,37.60067],[127.07003,37.60002],[127.06865,37.59845],[127.06811,37.59732],[127.06759,37.60222],[127.06776,37.60288],[127.06836,37.60139]]]}},{"type":"Feature","properties":{"name":"도렴14구역도시환경정비사업","cat":"재건축","gu":"종로구"},"geometry":{"type":"Polygon","coordinates":[[[126.97465,37.57213],[126.97463,37.57169],[126.97395,37.57175],[126.97395,37.57217],[126.97444,37.57239],[126.97465,37.57213]]]}},{"type":"Feature","properties":{"name":"월계4주택재개발사업구역","cat":"재개발","gu":"노원구"},"geometry":{"type":"Polygon","coordinates":[[[127.05233,37.64212],[127.05422,37.64029],[127.05354,37.64007],[127.053,37.63955],[127.05258,37.63966],[127.05257,37.64],[127.05203,37.64054],[127.05188,37.64102],[127.05236,37.64116],[127.05233,37.64212]]]}},{"type":"Feature","properties":{"name":"홍은5구역주택재개발사업","cat":"재개발","gu":"서대문구"},"geometry":{"type":"Polygon","coordinates":[[[126.93922,37.59727],[126.9403,37.59655],[126.94083,37.59666],[126.94107,37.59653],[126.94088,37.59626],[126.94138,37.59609],[126.94143,37.59543],[126.94218,37.59501],[126.94279,37.59506],[126.94331,37.59548],[126.94379,37.5966],[126.94468,37.59693],[126.94525,37.59686],[126.94641,37.59627],[126.94637,37.59593],[126.94597,37.59565],[126.94613,37.59533],[126.9459,37.59466],[126.94636,37.59435],[126.94619,37.59416],[126.94576,37.59435],[126.94511,37.59378],[126.94521,37.59366],[126.94402,37.59321],[126.94353,37.59283],[126.9434,37.59312],[126.94266,37.59291],[126.94191,37.59187],[126.94154,37.59164],[126.94103,37.59438],[126.93938,37.59632],[126.93894,37.59723],[126.93922,37.59727]]]}},{"type":"Feature","properties":{"name":"용산공원남측도시환경정비사업","cat":"재개발","gu":"용산구"},"geometry":{"type":"Polygon","coordinates":[[[126.97253,37.52432],[126.97446,37.52255],[126.97251,37.52306],[126.97163,37.52356],[126.97043,37.5236],[126.96971,37.52382],[126.9696,37.52387],[126.96983,37.52412],[126.96964,37.52466],[126.97008,37.52515],[126.97009,37.52545],[126.97044,37.5254],[126.97042,37.52526],[126.97253,37.52432]]]}},{"type":"Feature","properties":{"name":"북창7구역도시환경정비사업","cat":"재건축","gu":"중구"},"geometry":{"type":"Polygon","coordinates":[[[126.9788,37.56347],[126.97869,37.56333],[126.97856,37.56333],[126.97856,37.56348],[126.9788,37.56347]]]}},{"type":"Feature","properties":{"name":"대치동 구마을 제2지구 주택재건축정","cat":"정비예정구역","gu":"강남구"},"geometry":{"type":"Polygon","coordinates":[[[127.06529,37.50194],[127.06476,37.50124],[127.06383,37.50104],[127.0637,37.50131],[127.06322,37.50118],[127.06278,37.50161],[127.06474,37.50204],[127.06529,37.50194]]]}},{"type":"Feature","properties":{"name":"중곡4-1 주거환경개선사업","cat":"주거환경개선","gu":"광진구"},"geometry":{"type":"Polygon","coordinates":[[[127.09587,37.56181],[127.09545,37.5606],[127.09479,37.56019],[127.09448,37.56035],[127.09488,37.56103],[127.09475,37.56105],[127.09564,37.56203],[127.09556,37.56187],[127.09587,37.56181]]]}},{"type":"Feature","properties":{"name":"중화5구역 주택정비형 공공재개발사업","cat":"재개발","gu":"중랑구"},"geometry":{"type":"Polygon","coordinates":[[[127.08189,37.60073],[127.08211,37.60101],[127.08203,37.60158],[127.0835,37.60175],[127.08387,37.60109],[127.08471,37.60132],[127.08485,37.60191],[127.08519,37.60194],[127.08515,37.59876],[127.08445,37.59856],[127.08373,37.59864],[127.08378,37.59915],[127.08271,37.59925],[127.08281,37.60023],[127.0825,37.60062],[127.08209,37.60047],[127.08189,37.60073]]]}},{"type":"Feature","properties":{"name":"북창35구역도시환경정비사업","cat":"재건축","gu":"중구"},"geometry":{"type":"Polygon","coordinates":[[[126.97681,37.56148],[126.97744,37.56144],[126.97746,37.56109],[126.97678,37.56085],[126.97662,37.56114],[126.97681,37.56148]]]}},{"type":"Feature","properties":{"name":"마포로1-25구역도시환경정비사업","cat":"재건축","gu":"마포구"},"geometry":{"type":"Polygon","coordinates":[[[126.94439,37.53758],[126.94406,37.53777],[126.94452,37.53823],[126.94483,37.53801],[126.94439,37.53758]]]}},{"type":"Feature","properties":{"name":"반도아파트주택재건축사업","cat":"정비예정구역","gu":"송파구"},"geometry":{"type":"Polygon","coordinates":[[[127.12075,37.50212],[127.11973,37.50136],[127.11922,37.50195],[127.11945,37.50208],[127.11893,37.5027],[127.11919,37.50317],[127.11909,37.50345],[127.11932,37.50369],[127.1199,37.50336],[127.12,37.50348],[127.12083,37.50337],[127.12108,37.5031],[127.12075,37.50212]]]}},{"type":"Feature","properties":{"name":"창신4도시정비형 재개발구역 4-3","cat":"재개발","gu":"종로구"},"geometry":{"type":"Polygon","coordinates":[[[127.01554,37.57207],[127.0156,37.57135],[127.01489,37.57134],[127.01485,37.57214],[127.01554,37.57207]]]}},{"type":"Feature","properties":{"name":"대방주택재개발사업","cat":"재개발","gu":"영등포구"},"geometry":{"type":"Polygon","coordinates":[[[126.92095,37.50776],[126.92074,37.50819],[126.92086,37.50888],[126.92137,37.50873],[126.9216,37.5081],[126.92161,37.5079],[126.92095,37.50776]]]}},{"type":"Feature","properties":{"name":"문래동2가A 도시정비형재개발구역 4지구","cat":"재건축","gu":"영등포구"},"geometry":{"type":"MultiPolygon","coordinates":[[[[126.89456,37.51289],[126.89425,37.51273],[126.89432,37.513],[126.89456,37.51289]]],[[[126.89381,37.51209],[126.89351,37.51194],[126.89293,37.51226],[126.89313,37.51254],[126.89381,37.51209]]]]}},{"type":"Feature","properties":{"name":"주택재개발사업구역","cat":"재개발","gu":"서대문구"},"geometry":{"type":"Polygon","coordinates":[[[126.94891,37.58897],[126.94779,37.58856],[126.94654,37.58894],[126.94573,37.58874],[126.9456,37.58908],[126.94577,37.58959],[126.94684,37.59111],[126.94868,37.59005],[126.94924,37.5901],[126.9492,37.59036],[126.94958,37.59041],[126.94991,37.58971],[126.94911,37.58956],[126.94874,37.58913],[126.94891,37.58897]]]}},{"type":"Feature","properties":{"name":"마포로1구역제46지구","cat":"재건축","gu":"마포구"},"geometry":{"type":"Polygon","coordinates":[[[126.95291,37.54289],[126.95265,37.54251],[126.952,37.54283],[126.95227,37.54314],[126.95291,37.54289]]]}},{"type":"Feature","properties":{"name":"마포로1구역 제44-2지구","cat":"재건축","gu":"마포구"},"geometry":{"type":"Polygon","coordinates":[[[126.95133,37.54259],[126.95111,37.54231],[126.95067,37.54234],[126.9507,37.54262],[126.95113,37.54272],[126.95133,37.54259]]]}},{"type":"Feature","properties":{"name":"아현1-3구역 주택재개발정비사업","cat":"재개발","gu":"서대문구"},"geometry":{"type":"Polygon","coordinates":[[[126.95891,37.55489],[126.95806,37.55503],[126.95788,37.55538],[126.95854,37.55613],[126.95951,37.55599],[126.9597,37.55612],[126.96007,37.5558],[126.96029,37.55599],[126.96055,37.55575],[126.96013,37.55485],[126.95959,37.55509],[126.95897,37.5551],[126.95891,37.55489]]]}},{"type":"Feature","properties":{"name":"금천구 독산동 금하마을 주거환경관","cat":"주거환경개선","gu":"금천구"},"geometry":{"type":"Polygon","coordinates":[[[126.89139,37.45472],[126.89276,37.45204],[126.89259,37.45195],[126.89196,37.4523],[126.89105,37.45224],[126.89021,37.4525],[126.88964,37.45232],[126.8895,37.4527],[126.88965,37.4536],[126.88906,37.45404],[126.89139,37.45472]]]}},{"type":"Feature","properties":{"name":"반포주공1단지(1,2,4주구) 주택재건축","cat":"정비예정구역","gu":"서초구"},"geometry":{"type":"Polygon","coordinates":[[[126.99183,37.50747],[126.99206,37.50671],[126.9925,37.50689],[126.99176,37.50564],[126.99179,37.50506],[126.99258,37.5036],[126.99042,37.50316],[126.99073,37.50224],[126.98751,37.50158],[126.98727,37.50238],[126.98649,37.50222],[126.98676,37.50142],[126.98535,37.50036],[126.98271,37.50204],[126.98081,37.50291],[126.9802,37.50413],[126.98196,37.50414],[126.98547,37.50472],[126.98524,37.50542],[126.98536,37.50544],[126.98559,37.50474],[126.98791,37.50525],[126.98938,37.50572],[126.98911,37.50658],[126.99183,37.50747]],[[126.98735,37.50239],[126.98754,37.50183],[126.9881,37.50195],[126.98792,37.50251],[126.98735,37.50239]]]}},{"type":"Feature","properties":{"name":"고척제4 주택재개발정비사업","cat":"재개발","gu":"구로구"},"geometry":{"type":"Polygon","coordinates":[[[126.85797,37.5042],[126.85916,37.50416],[126.86026,37.50406],[126.86049,37.50399],[126.85904,37.50215],[126.85675,37.50382],[126.85797,37.5042]]]}},{"type":"Feature","properties":{"name":"마포로1-6구역도시환경정비사업","cat":"재건축","gu":"마포구"},"geometry":{"type":"Polygon","coordinates":[[[126.94666,37.54042],[126.94628,37.54013],[126.94598,37.54042],[126.94641,37.54075],[126.94666,37.54042]]]}},{"type":"Feature","properties":{"name":"시흥1구역주택재개발사업","cat":"재개발","gu":"금천구"},"geometry":{"type":"Polygon","coordinates":[[[126.91457,37.45066],[126.91619,37.44996],[126.91761,37.44972],[126.92033,37.44996],[126.92239,37.44979],[126.92322,37.44909],[126.92257,37.44862],[126.92139,37.44863],[126.92104,37.44799],[126.91989,37.44685],[126.91995,37.44662],[126.91951,37.44626],[126.9196,37.44598],[126.91946,37.44582],[126.91849,37.44559],[126.91794,37.44581],[126.917,37.44659],[126.91553,37.44718],[126.91643,37.44857],[126.91617,37.44908],[126.91404,37.45024],[126.91421,37.45053],[126.91441,37.45044],[126.91457,37.45066]]]}},{"type":"Feature","properties":{"name":"마포로1-15구역도시환경정비사업","cat":"재건축","gu":"마포구"},"geometry":{"type":"Polygon","coordinates":[[[126.94822,37.54304],[126.94794,37.54268],[126.94749,37.54296],[126.94786,37.54323],[126.94822,37.54304]]]}},{"type":"Feature","properties":{"name":"금호1가1구역주거환경개선사업","cat":"주거환경개선","gu":"중구"},"geometry":{"type":"Polygon","coordinates":[[[127.02097,37.5571],[127.02056,37.55658],[127.02004,37.55649],[127.01956,37.55749],[127.02088,37.55783],[127.02097,37.5571]]]}},{"type":"Feature","properties":{"name":"삼선1구역주택재개발사업","cat":"재개발","gu":"성북구"},"geometry":{"type":"Polygon","coordinates":[[[127.01354,37.58577],[127.0137,37.58526],[127.01474,37.58472],[127.01483,37.58363],[127.01465,37.58298],[127.01215,37.58214],[127.01212,37.58156],[127.01203,37.58221],[127.0124,37.5832],[127.01204,37.5832],[127.01211,37.58421],[127.01151,37.58458],[127.01333,37.58443],[127.01352,37.58498],[127.0129,37.58553],[127.01354,37.58577]]]}},{"type":"Feature","properties":{"name":"정릉1구역주택재개발사업","cat":"재개발","gu":"성북구"},"geometry":{"type":"Polygon","coordinates":[[[127.02069,37.6009],[127.02075,37.6003],[127.02018,37.59938],[127.01922,37.59892],[127.0186,37.59912],[127.01899,37.59937],[127.01891,37.59974],[127.01825,37.59985],[127.01802,37.60011],[127.01796,37.60043],[127.01823,37.60059],[127.01917,37.60047],[127.01945,37.60071],[127.02069,37.6009]]]}},{"type":"Feature","properties":{"name":"청진6구역도시환경정비사업","cat":"재건축","gu":"종로구"},"geometry":{"type":"Polygon","coordinates":[[[126.97995,37.57038],[126.9794,37.5705],[126.97939,37.57118],[126.9801,37.57117],[126.97995,37.57038]]]}},{"type":"Feature","properties":{"name":"옥수7구역주택재개발사업","cat":"재개발","gu":"성동구"},"geometry":{"type":"Polygon","coordinates":[[[127.01771,37.54466],[127.01826,37.54489],[127.01928,37.5446],[127.01984,37.5444],[127.01992,37.54397],[127.01957,37.54322],[127.01975,37.54281],[127.01934,37.54274],[127.01927,37.54249],[127.01912,37.54251],[127.01915,37.54278],[127.01857,37.54286],[127.01825,37.54163],[127.0177,37.54157],[127.01719,37.54275],[127.01696,37.5445],[127.01704,37.54485],[127.01726,37.54491],[127.01771,37.54466]]]}},{"type":"Feature","properties":{"name":"다동19구역도시환경정비사업","cat":"재건축","gu":"종로구"},"geometry":{"type":"Polygon","coordinates":[[[126.98246,37.56708],[126.98245,37.5668],[126.98209,37.56683],[126.9821,37.56715],[126.98246,37.56708]]]}},{"type":"Feature","properties":{"name":"종암8구역 주택재개발 정비사업","cat":"재개발","gu":"성북구"},"geometry":{"type":"Polygon","coordinates":[[[127.04,37.59505],[127.0397,37.59586],[127.03899,37.59675],[127.03961,37.5981],[127.03999,37.59837],[127.04049,37.59818],[127.04041,37.59685],[127.04,37.59505]]]}},{"type":"Feature","properties":{"name":"장교14구역도시환경정비사업","cat":"재건축","gu":"종로구"},"geometry":{"type":"Polygon","coordinates":[[[126.98917,37.5675],[126.98951,37.56749],[126.98953,37.56723],[126.98909,37.56724],[126.98917,37.5675]]]}},{"type":"Feature","properties":{"name":"서계 통합구역 주택정비형 재개발구역","cat":"재개발","gu":"중구"},"geometry":{"type":"Polygon","coordinates":[[[126.96784,37.55051],[126.96809,37.55015],[126.96638,37.55013],[126.96636,37.55034],[126.96454,37.5506],[126.96408,37.55075],[126.96411,37.55148],[126.9631,37.55186],[126.96531,37.55357],[126.96625,37.55315],[126.96638,37.55278],[126.96793,37.55266],[126.96778,37.55212],[126.96911,37.5522],[126.96922,37.55169],[126.96865,37.55161],[126.96858,37.55117],[126.96831,37.55119],[126.96831,37.55139],[126.96816,37.55121],[126.96753,37.55137],[126.96747,37.551],[126.96792,37.5509],[126.96784,37.55051]]]}},{"type":"Feature","properties":{"name":"압구정아파트지구 특별계획구역2 재건축 정비구역","cat":"정비예정구역","gu":"강남구"},"geometry":{"type":"Polygon","coordinates":[[[127.0205,37.52662],[127.02294,37.52967],[127.02183,37.53024],[127.0222,37.53062],[127.02241,37.53054],[127.02215,37.53027],[127.02304,37.52979],[127.02403,37.53112],[127.02427,37.53117],[127.02536,37.52971],[127.02694,37.52834],[127.02663,37.52818],[127.02687,37.52788],[127.02554,37.5272],[127.02629,37.52627],[127.02372,37.52497],[127.02227,37.52677],[127.02092,37.52608],[127.0205,37.52662]]]}},{"type":"Feature","properties":{"name":"여의도 시범아파트 재건축사업","cat":"정비예정구역","gu":"영등포구"},"geometry":{"type":"Polygon","coordinates":[[[126.93971,37.52127],[126.94018,37.52144],[126.93979,37.5212],[126.93999,37.52093],[126.93633,37.51865],[126.93439,37.5206],[126.93778,37.52269],[126.93897,37.52183],[126.93855,37.52156],[126.93887,37.52124],[126.93935,37.52154],[126.93971,37.52127]]]}},{"type":"Feature","properties":{"name":"상도15구역 주택정비형 재개발구역","cat":"재개발","gu":"동작구"},"geometry":{"type":"Polygon","coordinates":[[[126.93645,37.49586],[126.93786,37.49444],[126.93729,37.49396],[126.93638,37.49433],[126.93631,37.49375],[126.93596,37.49348],[126.9352,37.49401],[126.93516,37.49371],[126.93454,37.49373],[126.93396,37.49463],[126.93313,37.4947],[126.9334,37.49522],[126.93331,37.49541],[126.93404,37.49608],[126.93326,37.49737],[126.93424,37.49813],[126.93468,37.49775],[126.93541,37.49759],[126.93761,37.49814],[126.93773,37.49776],[126.93759,37.49772],[126.93818,37.49735],[126.93763,37.49702],[126.93779,37.49682],[126.93645,37.49586]]]}},{"type":"Feature","properties":{"name":"홍제4-1구역주거환경개선사업","cat":"주거환경개선","gu":"서대문구"},"geometry":{"type":"Polygon","coordinates":[[[126.95351,37.58079],[126.95476,37.581],[126.95487,37.58064],[126.95388,37.58037],[126.95359,37.58056],[126.95351,37.58079]]]}},{"type":"Feature","properties":{"name":"장안동 연립단지 주택재건축 정비구","cat":"정비예정구역","gu":"동대문구"},"geometry":{"type":"Polygon","coordinates":[[[127.07113,37.57525],[127.07098,37.57316],[127.06983,37.57321],[127.07013,37.57536],[127.07113,37.57525]]]}},{"type":"Feature","properties":{"name":"목동10단지 아파트 재건축사업 정비구역","cat":"정비예정구역","gu":"양천구"},"geometry":{"type":"Polygon","coordinates":[[[126.85745,37.51538],[126.85718,37.5153],[126.85713,37.51609],[126.85674,37.51649],[126.85519,37.51606],[126.85533,37.51642],[126.8552,37.51669],[126.8554,37.51705],[126.85422,37.51759],[126.85404,37.51821],[126.85697,37.51907],[126.85987,37.51949],[126.86137,37.51655],[126.85893,37.5157],[126.85864,37.51534],[126.85868,37.51478],[126.85759,37.51441],[126.85745,37.51538]]]}},{"type":"Feature","properties":{"name":"양동구역 제11.12지구","cat":"재건축","gu":"중구"},"geometry":{"type":"Polygon","coordinates":[[[126.97464,37.5551],[126.9749,37.55447],[126.97513,37.5543],[126.97448,37.55434],[126.97427,37.55459],[126.97425,37.55496],[126.97464,37.5551]]]}},{"type":"Feature","properties":{"name":"영등포 진주아파트 주택재건축정비사","cat":"정비예정구역","gu":"영등포구"},"geometry":{"type":"Polygon","coordinates":[[[126.88507,37.51643],[126.8842,37.51688],[126.88456,37.51782],[126.88537,37.51766],[126.88507,37.51643]]]}},{"type":"Feature","properties":{"name":"마포로5구역 제12-2지구 도시환경정비","cat":"재건축","gu":"서대문구"},"geometry":{"type":"Polygon","coordinates":[[[126.96748,37.56094],[126.96674,37.56053],[126.96653,37.56079],[126.96739,37.56119],[126.96748,37.56094]]]}},{"type":"Feature","properties":{"name":"수색2구역주택재개발사업","cat":"재개발","gu":"은평구"},"geometry":{"type":"Polygon","coordinates":[[[126.90093,37.58798],[126.90146,37.58768],[126.90191,37.58798],[126.90214,37.5879],[126.90214,37.58738],[126.90167,37.58652],[126.90176,37.58637],[126.9006,37.58514],[126.9009,37.58488],[126.90077,37.58471],[126.89974,37.58502],[126.8993,37.58537],[126.89927,37.58564],[126.89883,37.58592],[126.89819,37.58711],[126.89893,37.58699],[126.89982,37.58724],[126.89991,37.58765],[126.90029,37.58786],[126.90082,37.58782],[126.90093,37.58798]]]}},{"type":"Feature","properties":{"name":"염창1주택재건축정비구역","cat":"정비예정구역","gu":"강서구"},"geometry":{"type":"Polygon","coordinates":[[[126.87193,37.54942],[126.87046,37.54805],[126.86962,37.54855],[126.87025,37.54915],[126.87031,37.5498],[126.87055,37.55007],[126.87193,37.54942]]]}},{"type":"Feature","properties":{"name":"북아현1-2구역주택재개발사업","cat":"재개발","gu":"서대문구"},"geometry":{"type":"Polygon","coordinates":[[[126.95332,37.56114],[126.95515,37.56137],[126.95528,37.56093],[126.95373,37.56066],[126.95398,37.5594],[126.95334,37.55899],[126.95291,37.55889],[126.95287,37.55935],[126.95214,37.5599],[126.95116,37.55962],[126.95088,37.56034],[126.95264,37.56147],[126.95562,37.56214],[126.95579,37.56166],[126.95326,37.56139],[126.95332,37.56114]]]}},{"type":"Feature","properties":{"name":"서린10구역도시환경정비사업","cat":"재건축","gu":"종로구"},"geometry":{"type":"Polygon","coordinates":[[[126.98131,37.56968],[126.98099,37.56968],[126.98086,37.57],[126.98132,37.57],[126.98131,37.56968]]]}},{"type":"Feature","properties":{"name":"무교3구역도시환경정비사업","cat":"재건축","gu":"종로구"},"geometry":{"type":"Polygon","coordinates":[[[126.97912,37.56818],[126.97742,37.56811],[126.97741,37.56886],[126.97779,37.56899],[126.97789,37.5686],[126.97915,37.56858],[126.97912,37.56818]]]}},{"type":"Feature","properties":{"name":"세운재정비촉진지구21구역도시환경정","cat":"재건축","gu":"중구"},"geometry":{"type":"Polygon","coordinates":[[[126.99797,37.56475],[126.99794,37.56523],[126.99811,37.56524],[126.99814,37.56475],[126.99797,37.56475]]]}},{"type":"Feature","properties":{"name":"주거환경개선사업","cat":"주거환경개선","gu":"용산구"},"geometry":{"type":"Polygon","coordinates":[[[126.98919,37.54594],[126.98867,37.54461],[126.98951,37.54451],[126.98946,37.54418],[126.98897,37.5438],[126.98809,37.54574],[126.98885,37.54602],[126.98919,37.54594]]]}},{"type":"Feature","properties":{"name":"창신1-2구역주택재개발사업","cat":"재건축","gu":"성북구"},"geometry":{"type":"Polygon","coordinates":[[[127.01332,37.58095],[127.01287,37.58096],[127.01299,37.58079],[127.01279,37.58058],[127.01316,37.57987],[127.01187,37.57946],[127.01168,37.57905],[127.01108,37.57915],[127.01056,37.58026],[127.01126,37.58114],[127.01167,37.58143],[127.01217,37.58146],[127.01266,37.58117],[127.01321,37.58126],[127.01332,37.58095]]]}},{"type":"Feature","properties":{"name":"홍제동131-2번지일대주택재건축사업","cat":"정비예정구역","gu":"서대문구"},"geometry":{"type":"Polygon","coordinates":[[[126.9483,37.58832],[126.94887,37.58736],[126.94817,37.58741],[126.94828,37.58712],[126.94731,37.58677],[126.94681,37.58764],[126.9483,37.58832]]]}},{"type":"Feature","properties":{"name":"고덕주공4단지아파트 주택재건축 정","cat":"정비예정구역","gu":"강동구"},"geometry":{"type":"MultiPolygon","coordinates":[[[[127.16205,37.55144],[127.16231,37.55107],[127.16461,37.55103],[127.16471,37.55182],[127.16512,37.55183],[127.16517,37.55062],[127.16423,37.55074],[127.16372,37.55051],[127.16199,37.55048],[127.16184,37.55108],[127.16138,37.55082],[127.16151,37.55124],[127.16106,37.55152],[127.16029,37.5516],[127.16027,37.55177],[127.16057,37.5519],[127.16205,37.55144]]],[[[127.1651,37.55245],[127.1642,37.55244],[127.16389,37.55265],[127.16503,37.55359],[127.1651,37.55245]]]]}},{"type":"Feature","properties":{"name":"마포로3구역 제3지구 도시정비형재개발사업","cat":"재개발","gu":"마포구"},"geometry":{"type":"Polygon","coordinates":[[[126.95594,37.55242],[126.95527,37.55279],[126.95595,37.55334],[126.95634,37.55322],[126.95594,37.55242]]]}},{"type":"Feature","properties":{"name":"양동3구역도시환경정비사업","cat":"재건축","gu":"중구"},"geometry":{"type":"Polygon","coordinates":[[[126.97615,37.55351],[126.97533,37.55356],[126.97543,37.55424],[126.97617,37.55421],[126.97615,37.55351]]]}},{"type":"Feature","properties":{"name":"상계1구역-자력6구역 8블록 9롯트 일대","cat":"재개발","gu":"노원구"},"geometry":{"type":"Polygon","coordinates":[[[127.08256,37.67635],[127.08291,37.67598],[127.08342,37.67588],[127.08352,37.6756],[127.08423,37.67572],[127.08522,37.67502],[127.08519,37.67482],[127.08491,37.67423],[127.08358,37.6731],[127.08322,37.67331],[127.08292,37.67291],[127.08307,37.67254],[127.08222,37.67158],[127.0815,37.67155],[127.08168,37.67167],[127.08148,37.67233],[127.08158,37.67259],[127.08197,37.67255],[127.08212,37.67297],[127.08184,37.67373],[127.08177,37.67508],[127.08256,37.67635]]]}},{"type":"Feature","properties":{"name":"창신4도시정비형 재개발구역","cat":"재개발","gu":"종로구"},"geometry":{"type":"Polygon","coordinates":[[[127.0155,37.57262],[127.0156,37.57135],[127.01473,37.57133],[127.01404,37.57146],[127.01381,37.57231],[127.01526,37.57275],[127.0155,37.57262]]]}},{"type":"Feature","properties":{"name":"창신4도시정비형 재개발구역 4-1","cat":"재개발","gu":"종로구"},"geometry":{"type":"Polygon","coordinates":[[[127.01483,37.57205],[127.01489,37.57132],[127.01404,37.57146],[127.01381,37.57231],[127.01526,37.57275],[127.01535,37.5727],[127.0151,37.57267],[127.01514,37.57237],[127.01553,37.57239],[127.01554,37.57218],[127.01483,37.57205]]]}},{"type":"Feature","properties":{"name":"창신4도시정비형 재개발구역 4-2","cat":"재개발","gu":"종로구"},"geometry":{"type":"Polygon","coordinates":[[[127.01535,37.5727],[127.01553,37.57239],[127.01514,37.57237],[127.0151,37.57267],[127.01535,37.5727]]]}},{"type":"Feature","properties":{"name":"거여4구역주택재개발사업","cat":"재개발","gu":"송파구"},"geometry":{"type":"Polygon","coordinates":[[[127.15076,37.49032],[127.14986,37.49063],[127.15055,37.49144],[127.15151,37.49095],[127.15076,37.49032]]]}},{"type":"Feature","properties":{"name":"만리제1주택재개발사업","cat":"재개발","gu":"중구"},"geometry":{"type":"Polygon","coordinates":[[[126.96566,37.55572],[126.96649,37.55576],[126.96651,37.55539],[126.96593,37.55551],[126.96583,37.55524],[126.96632,37.55448],[126.96569,37.55424],[126.965,37.55488],[126.96566,37.55572]]]}},{"type":"Feature","properties":{"name":"항1구역주거환경개선사업","cat":"주거환경개선","gu":"구로구"},"geometry":{"type":"Polygon","coordinates":[[[126.82239,37.47649],[126.82325,37.47647],[126.82318,37.47595],[126.82237,37.47581],[126.82173,37.47711],[126.82203,37.47727],[126.82239,37.47649]]]}},{"type":"Feature","properties":{"name":"현저2구역주거환경개선사업","cat":"주거환경개선","gu":"서대문구"},"geometry":{"type":"Polygon","coordinates":[[[126.95355,37.57834],[126.95492,37.57715],[126.95441,37.57669],[126.95451,37.5764],[126.95435,37.57626],[126.95382,37.57665],[126.95331,37.57671],[126.95222,37.57653],[126.95201,37.577],[126.9521,37.57724],[126.95323,37.5782],[126.95355,37.57834]]]}},{"type":"Feature","properties":{"name":"북창12구역도시환경정비사업","cat":"재건축","gu":"중구"},"geometry":{"type":"Polygon","coordinates":[[[126.97835,37.56282],[126.9788,37.56305],[126.97888,37.5628],[126.97884,37.56276],[126.97835,37.56282]]]}},{"type":"Feature","properties":{"name":"청량리4 재정비촉진구역","cat":"재개발","gu":"동대문구"},"geometry":{"type":"Polygon","coordinates":[[[127.04416,37.57841],[127.04391,37.57906],[127.04499,37.57929],[127.04538,37.5798],[127.04628,37.58042],[127.04701,37.58003],[127.04475,37.57762],[127.04423,37.57782],[127.04414,37.5777],[127.04315,37.57839],[127.04281,37.57822],[127.04265,37.57867],[127.04241,37.57864],[127.04235,37.57911],[127.04282,37.57926],[127.04341,37.57831],[127.04386,37.57804],[127.04416,37.57841]]]}},{"type":"Feature","properties":{"name":"천호동532-2번지일대 주택정비형재개발정비구역","cat":"재개발","gu":"강동구"},"geometry":{"type":"Polygon","coordinates":[[[127.13151,37.54052],[127.13228,37.54013],[127.13206,37.53966],[127.13055,37.54],[127.13057,37.54018],[127.12976,37.54016],[127.12981,37.54029],[127.12921,37.54064],[127.13009,37.54106],[127.13024,37.54094],[127.1306,37.54133],[127.1308,37.54109],[127.1319,37.54089],[127.13151,37.54052]]]}},{"type":"Feature","properties":{"name":"방배삼익아파트 주택재건축 정비구역","cat":"정비예정구역","gu":"서초구"},"geometry":{"type":"Polygon","coordinates":[[[127.00284,37.47809],[127.00171,37.47761],[127.00039,37.47969],[127.00151,37.48012],[127.00284,37.47809]]]}},{"type":"Feature","properties":{"name":"마포로4구역 제9-1지구","cat":"재건축","gu":"서대문구"},"geometry":{"type":"Polygon","coordinates":[[[126.96649,37.56518],[126.9666,37.56459],[126.96617,37.56458],[126.96607,37.5647],[126.96649,37.56518]]]}},{"type":"Feature","properties":{"name":"마포로1-7구역도시환경정비사업","cat":"재건축","gu":"마포구"},"geometry":{"type":"Polygon","coordinates":[[[126.94603,37.54171],[126.9469,37.54109],[126.94655,37.54083],[126.94573,37.54145],[126.94603,37.54171]]]}},{"type":"Feature","properties":{"name":"상계주공5단지 재건축사업","cat":"정비예정구역","gu":"노원구"},"geometry":{"type":"Polygon","coordinates":[[[127.06485,37.65352],[127.066,37.65378],[127.06643,37.65269],[127.0628,37.65186],[127.06253,37.65252],[127.0647,37.65321],[127.06485,37.65352]]]}},{"type":"Feature","properties":{"name":"미아9-1 주택재건축 정비구역","cat":"정비예정구역","gu":"강북구"},"geometry":{"type":"Polygon","coordinates":[[[127.03475,37.61951],[127.03488,37.61956],[127.0353,37.61867],[127.03585,37.61841],[127.03483,37.61689],[127.0341,37.61662],[127.03305,37.62118],[127.03349,37.6212],[127.03344,37.62064],[127.03455,37.6199],[127.03475,37.61951]]]}},{"type":"Feature","properties":{"name":"녹번제1구역 제2지구","cat":"재개발","gu":"은평구"},"geometry":{"type":"Polygon","coordinates":[[[126.93484,37.60585],[126.93656,37.60511],[126.93765,37.60495],[126.9379,37.60506],[126.93781,37.60393],[126.93732,37.60347],[126.9377,37.60317],[126.93578,37.60243],[126.93538,37.60207],[126.93533,37.60233],[126.93558,37.60248],[126.93529,37.60259],[126.93522,37.60301],[126.93559,37.60315],[126.93549,37.60364],[126.93561,37.60374],[126.93547,37.60384],[126.93562,37.60393],[126.93499,37.60447],[126.93429,37.60581],[126.93484,37.60585]]]}},{"type":"Feature","properties":{"name":"무교다동 24-4 지구","cat":"재건축","gu":"종로구"},"geometry":{"type":"Polygon","coordinates":[[[126.98189,37.56705],[126.98206,37.56688],[126.98188,37.56683],[126.98189,37.56705]]]}},{"type":"Feature","properties":{"name":"무교다동 8지구","cat":"재건축","gu":"종로구"},"geometry":{"type":"Polygon","coordinates":[[[126.97979,37.56826],[126.97973,37.56796],[126.97935,37.56798],[126.97936,37.5683],[126.97979,37.56826]]]}},{"type":"Feature","properties":{"name":"무교다동 23-11 지구","cat":"재건축","gu":"종로구"},"geometry":{"type":"Polygon","coordinates":[[[126.9818,37.5672],[126.98158,37.5671],[126.98156,37.56715],[126.9818,37.5672]]]}},{"type":"Feature","properties":{"name":"주택재개발사업(북아현1-1구역)","cat":"재개발","gu":"서대문구"},"geometry":{"type":"Polygon","coordinates":[[[126.94992,37.56357],[126.95031,37.56389],[126.95079,37.56372],[126.9511,37.56381],[126.95105,37.56356],[126.95168,37.5635],[126.95198,37.56383],[126.95334,37.56433],[126.95353,37.56416],[126.952,37.56352],[126.95183,37.56328],[126.95227,37.56232],[126.95286,37.5616],[126.95353,37.56169],[126.95189,37.56112],[126.94981,37.55983],[126.94979,37.56022],[126.9495,37.5605],[126.95031,37.56121],[126.94975,37.56224],[126.9497,37.56305],[126.94992,37.56357]]]}},{"type":"Feature","properties":{"name":"북창36구역도시환경정비사업","cat":"재건축","gu":"중구"},"geometry":{"type":"Polygon","coordinates":[[[126.97602,37.56086],[126.97614,37.56117],[126.97656,37.56111],[126.97673,37.56084],[126.97622,37.56068],[126.97602,37.56086]]]}},{"type":"Feature","properties":{"name":"도시환경정비사업지구","cat":"재건축","gu":"종로구"},"geometry":{"type":"Polygon","coordinates":[[[126.98122,37.5678],[126.98148,37.56727],[126.98062,37.56735],[126.98074,37.56782],[126.98122,37.5678]]]}},{"type":"Feature","properties":{"name":"양동구역 제8-1·6지구","cat":"재건축","gu":"중구"},"geometry":{"type":"Polygon","coordinates":[[[126.97557,37.55638],[126.9748,37.55601],[126.97469,37.5562],[126.9742,37.55601],[126.97386,37.55629],[126.97532,37.55682],[126.97557,37.55638]]]}},{"type":"Feature","properties":{"name":"가리봉2-1구역주거환경개선사업","cat":"주거환경개선","gu":"구로구"},"geometry":{"type":"Polygon","coordinates":[[[126.88437,37.48618],[126.88544,37.48532],[126.88465,37.48483],[126.8843,37.48516],[126.88454,37.48537],[126.88405,37.48584],[126.88431,37.48592],[126.88437,37.48618]]]}},{"type":"Feature","properties":{"name":"마포로5-3","cat":"재건축","gu":"서대문구"},"geometry":{"type":"Polygon","coordinates":[[[126.96341,37.56065],[126.96364,37.56068],[126.96353,37.56051],[126.96369,37.5604],[126.96344,37.56007],[126.96313,37.56019],[126.96341,37.56065]]]}},{"type":"Feature","properties":{"name":"마포로5-3-1","cat":"재건축","gu":"서대문구"},"geometry":{"type":"Polygon","coordinates":[[[126.96362,37.56065],[126.96385,37.56065],[126.9639,37.56045],[126.96366,37.5604],[126.96362,37.56065]]]}},{"type":"Feature","properties":{"name":"용두제6구역 주택재개발정비사업","cat":"재개발","gu":"성북구"},"geometry":{"type":"Polygon","coordinates":[[[127.02969,37.58105],[127.03009,37.57893],[127.02953,37.57928],[127.0293,37.57925],[127.02923,37.57891],[127.0272,37.57862],[127.02702,37.57884],[127.02674,37.57862],[127.02637,37.57881],[127.02642,37.57936],[127.02612,37.57962],[127.02722,37.58039],[127.02765,37.58004],[127.02853,37.58065],[127.029,37.58027],[127.02969,37.58105]]]}},{"type":"Feature","properties":{"name":"세운재정비촉진지구35구역도시환경정","cat":"재건축","gu":"중구"},"geometry":{"type":"Polygon","coordinates":[[[126.99704,37.56351],[126.99705,37.56325],[126.99634,37.56319],[126.99631,37.5635],[126.99704,37.56351]]]}},{"type":"Feature","properties":{"name":"마포로1구역 제10지구","cat":"재건축","gu":"마포구"},"geometry":{"type":"MultiPolygon","coordinates":[[[[126.94695,37.54249],[126.94736,37.54285],[126.94784,37.54265],[126.94728,37.54214],[126.94695,37.54249]]],[[[126.95195,37.54434],[126.95165,37.54444],[126.95166,37.54447],[126.95195,37.54434]]],[[[126.95214,37.54446],[126.95184,37.54471],[126.95222,37.54456],[126.95214,37.54446]]],[[[126.95178,37.54463],[126.95179,37.54464],[126.95178,37.54462],[126.95178,37.54463]]]]}},{"type":"Feature","properties":{"name":"아현재정비촉진지구","cat":"재정비촉진지구","gu":"서대문구"},"geometry":{"type":"Polygon","coordinates":[[[126.95581,37.56146],[126.95589,37.56079],[126.9566,37.55972],[126.95613,37.55758],[126.95533,37.55754],[126.95519,37.55793],[126.95213,37.55774],[126.95214,37.55734],[126.9518,37.55732],[126.95178,37.55772],[126.94877,37.55755],[126.94852,37.55817],[126.948,37.55867],[126.94916,37.559],[126.94933,37.55833],[126.94949,37.5583],[126.9506,37.55877],[126.95085,37.55849],[126.95147,37.55885],[126.95166,37.55867],[126.95243,37.5587],[126.95378,37.55924],[126.95438,37.55873],[126.95498,37.559],[126.95575,37.56011],[126.95515,37.56137],[126.95581,37.56146]]]}},{"type":"Feature","properties":{"name":"고덕시영아파트 주택재건축정비구역","cat":"정비예정구역","gu":"강동구"},"geometry":{"type":"Polygon","coordinates":[[[127.14611,37.56038],[127.1499,37.5616],[127.15091,37.56175],[127.15128,37.56025],[127.15152,37.55803],[127.1522,37.55712],[127.15113,37.55678],[127.14923,37.55782],[127.14875,37.55779],[127.14873,37.55753],[127.14771,37.55763],[127.14507,37.5594],[127.14611,37.56038]]]}},{"type":"Feature","properties":{"name":"금호10구역주택재개발사업","cat":"재개발","gu":"성동구"},"geometry":{"type":"Polygon","coordinates":[[[127.02058,37.55103],[127.02124,37.55094],[127.02138,37.5497],[127.02106,37.54906],[127.02049,37.5489],[127.01967,37.54903],[127.01983,37.54929],[127.02015,37.54935],[127.02031,37.55071],[127.02058,37.55103]]]}},{"type":"Feature","properties":{"name":"세운재정비촉진지구3구역도시환경정","cat":"재개발","gu":"종로구"},"geometry":{"type":"MultiPolygon","coordinates":[[[[126.99259,37.56774],[126.99377,37.56762],[126.99511,37.56781],[126.99514,37.56751],[126.99571,37.56756],[126.99582,37.56666],[126.99273,37.5666],[126.99259,37.56774]]],[[[126.99365,37.56773],[126.99365,37.56773],[126.99365,37.56773],[126.99365,37.56773]]],[[[126.99255,37.56805],[126.99261,37.56817],[126.9946,37.56832],[126.99505,37.5683],[126.99255,37.56805]]],[[[126.99255,37.56805],[126.99257,37.5679],[126.99259,37.56778],[126.99258,37.5678],[126.99255,37.56805]]]]}},{"type":"Feature","properties":{"name":"행당4구역주택재개발사업","cat":"재개발","gu":"성동구"},"geometry":{"type":"Polygon","coordinates":[[[127.0306,37.55747],[127.03346,37.55645],[127.03367,37.55627],[127.0324,37.55606],[127.03232,37.55577],[127.03186,37.55573],[127.03185,37.55602],[127.03114,37.55646],[127.03083,37.55644],[127.0308,37.55675],[127.03037,37.55705],[127.03046,37.5574],[127.03027,37.55757],[127.03052,37.5577],[127.0306,37.55747]]]}},{"type":"Feature","properties":{"name":"정릉골 주택재개발사업","cat":"재개발","gu":"성북구"},"geometry":{"type":"MultiPolygon","coordinates":[[[[126.99904,37.61287],[126.99943,37.61286],[126.99947,37.6126],[126.99976,37.61242],[126.99974,37.61218],[126.99947,37.61203],[126.99895,37.61206],[126.99906,37.61221],[126.9989,37.61216],[126.99868,37.6124],[126.99904,37.61287]]],[[[127.00636,37.61341],[127.00709,37.61284],[127.00595,37.61334],[127.00605,37.61473],[127.00636,37.61341]]],[[[127.00146,37.61638],[127.00279,37.61628],[127.0027,37.61608],[127.00287,37.61596],[127.00314,37.61617],[127.00398,37.61576],[127.00339,37.61564],[127.00364,37.61503],[127.00365,37.61438],[127.00402,37.6139],[127.00532,37.61391],[127.00566,37.61367],[127.00574,37.61332],[127.00676,37.61274],[127.00541,37.61226],[127.00408,37.61234],[127.00261,37.61212],[127.00279,37.61253],[127.00296,37.61254],[127.00296,37.61303],[127.00244,37.61345],[127.00073,37.61376],[127.00053,37.61395],[126.99961,37.61356],[126.9987,37.61368],[126.99863,37.61344],[126.99834,37.61342],[126.99847,37.61361],[126.99809,37.61374],[126.9982,37.61361],[126.99781,37.61341],[126.99757,37.6136],[126.99777,37.61372],[126.99724,37.61396],[126.99741,37.61406],[126.99707,37.61442],[126.99723,37.61428],[126.99765,37.6145],[126.99785,37.61441],[126.99781,37.61459],[126.99803,37.61465],[126.99778,37.61467],[126.99772,37.61492],[126.9982,37.61482],[126.99827,37.61466],[126.99909,37.61506],[126.99867,37.61521],[126.99859,37.61594],[126.99824,37.61593],[126.99854,37.61642],[127.00079,37.61662],[127.00146,37.61638]]]]}},{"type":"Feature","properties":{"name":"미아뉴타운지구 제12구역 주택재개발","cat":"재개발","gu":"강북구"},"geometry":{"type":"Polygon","coordinates":[[[127.01917,37.61875],[127.02115,37.61863],[127.02195,37.61584],[127.01973,37.61574],[127.01911,37.6162],[127.01935,37.61643],[127.01896,37.61679],[127.01925,37.61815],[127.01917,37.61875]]]}},{"type":"Feature","properties":{"name":"회현2-1구역도시환경정비사업","cat":"재건축","gu":"중구"},"geometry":{"type":"Polygon","coordinates":[[[126.98348,37.56004],[126.98255,37.55982],[126.98239,37.5602],[126.98265,37.56041],[126.98329,37.56046],[126.98348,37.56004]]]}},{"type":"Feature","properties":{"name":"역삼1구역주택재개발사업","cat":"재개발","gu":"강남구"},"geometry":{"type":"Polygon","coordinates":[[[127.04097,37.49182],[127.04141,37.49056],[127.0414,37.48975],[127.03992,37.48931],[127.03976,37.48957],[127.03866,37.48952],[127.03826,37.48991],[127.03865,37.49083],[127.0383,37.49086],[127.03833,37.49099],[127.04097,37.49182]]]}},{"type":"Feature","properties":{"name":"문래동1가A 도시정비형 재개발구역 제8·11지구","cat":"재건축","gu":"영등포구"},"geometry":{"type":"MultiPolygon","coordinates":[[[[126.8927,37.51011],[126.89262,37.51023],[126.89272,37.51012],[126.8927,37.51011]]],[[[126.8926,37.51008],[126.89246,37.51005],[126.8923,37.51028],[126.89245,37.51035],[126.8926,37.51008]]],[[[126.89215,37.51064],[126.89216,37.51067],[126.89218,37.51066],[126.89215,37.51064]]],[[[126.89575,37.5117],[126.89536,37.51231],[126.89619,37.5126],[126.89651,37.51201],[126.89575,37.5117]]]]}},{"type":"Feature","properties":{"name":"서소문4구역도시환경정비사업","cat":"재건축","gu":"중구"},"geometry":{"type":"Polygon","coordinates":[[[126.97549,37.56104],[126.97527,37.56078],[126.97484,37.56075],[126.97409,37.56115],[126.97427,37.56139],[126.97549,37.56104]]]}},{"type":"Feature","properties":{"name":"상도3구역주택재개발사업","cat":"재개발","gu":"동작구"},"geometry":{"type":"Polygon","coordinates":[[[126.93281,37.50151],[126.93207,37.50074],[126.93094,37.50089],[126.93104,37.50128],[126.93068,37.50246],[126.93126,37.50262],[126.93281,37.50151]]]}},{"type":"Feature","properties":{"name":"명륜3구역주거환경개선사업","cat":"주거환경개선","gu":"성북구"},"geometry":{"type":"Polygon","coordinates":[[[126.99665,37.59073],[126.99719,37.59051],[126.99702,37.59032],[126.99719,37.59022],[126.99704,37.58999],[126.99668,37.5901],[126.99686,37.59041],[126.99665,37.59073]]]}},{"type":"Feature","properties":{"name":"을지로2가8구역도시환경정비사업","cat":"재건축","gu":"종로구"},"geometry":{"type":"Polygon","coordinates":[[[126.98462,37.56682],[126.98455,37.56708],[126.9852,37.56708],[126.98524,37.56683],[126.98462,37.56682]]]}},{"type":"Feature","properties":{"name":"마포로1-1구역도시환경정비사업","cat":"재건축","gu":"마포구"},"geometry":{"type":"Polygon","coordinates":[[[126.94326,37.53821],[126.94402,37.53889],[126.94433,37.53871],[126.94379,37.53832],[126.94326,37.53821]]]}},{"type":"Feature","properties":{"name":"종로6가 도시환경정비사업","cat":"재개발","gu":"종로구"},"geometry":{"type":"Polygon","coordinates":[[[127.00709,37.57223],[127.00803,37.57192],[127.00812,37.57209],[127.00864,37.57136],[127.00694,37.57127],[127.0068,37.5718],[127.00709,37.57223]]]}},{"type":"Feature","properties":{"name":"사당2-2구역주택재개발사업","cat":"재건축","gu":"동작구"},"geometry":{"type":"Polygon","coordinates":[[[126.97194,37.48883],[126.97374,37.48714],[126.97308,37.48697],[126.97279,37.48737],[126.97244,37.48733],[126.97249,37.4872],[126.97274,37.48718],[126.97316,37.48652],[126.97341,37.48647],[126.97377,37.48614],[126.97375,37.48596],[126.97461,37.48533],[126.97478,37.48494],[126.97461,37.48483],[126.97482,37.48446],[126.975,37.48446],[126.97535,37.48367],[126.97458,37.48354],[126.974,37.48387],[126.97283,37.48583],[126.97221,37.48644],[126.97133,37.48677],[126.97093,37.48718],[126.97108,37.48813],[126.97136,37.48802],[126.97194,37.48883]]]}},{"type":"Feature","properties":{"name":"마포로2-8-2구역도시환경정비사업","cat":"재건축","gu":"마포구"},"geometry":{"type":"Polygon","coordinates":[[[126.95331,37.54606],[126.95295,37.54623],[126.95325,37.54664],[126.95359,37.54644],[126.95331,37.54606]]]}},{"type":"Feature","properties":{"name":"대치동 구마을 제1지구 주택재건축 정","cat":"정비예정구역","gu":"강남구"},"geometry":{"type":"Polygon","coordinates":[[[127.06002,37.50248],[127.06198,37.50229],[127.06357,37.50071],[127.06327,37.501],[127.06294,37.50068],[127.06304,37.50053],[127.06272,37.50043],[127.06203,37.50113],[127.06179,37.50103],[127.06125,37.50155],[127.06042,37.5015],[127.06002,37.50248]]]}},{"type":"Feature","properties":{"name":"봉천8구역주택재개발사업","cat":"재개발","gu":"관악구"},"geometry":{"type":"Polygon","coordinates":[[[126.94618,37.48688],[126.94636,37.4854],[126.94671,37.48478],[126.94624,37.48479],[126.9462,37.48496],[126.94486,37.48539],[126.94417,37.48528],[126.9437,37.48376],[126.94344,37.48376],[126.9436,37.48326],[126.94296,37.48332],[126.94275,37.48359],[126.94209,37.48372],[126.94222,37.48397],[126.94127,37.48429],[126.94169,37.48485],[126.94163,37.48505],[126.94218,37.48522],[126.94231,37.48497],[126.9435,37.48567],[126.94419,37.48586],[126.94406,37.4862],[126.94467,37.48673],[126.94618,37.48688]]]}},{"type":"Feature","properties":{"name":"홍제9구역주택재개발사업","cat":"재개발","gu":"서대문구"},"geometry":{"type":"Polygon","coordinates":[[[126.94757,37.5838],[126.94932,37.58264],[126.94994,37.58264],[126.94903,37.58238],[126.94851,37.58278],[126.94765,37.58203],[126.94722,37.58249],[126.94663,37.5824],[126.94652,37.58259],[126.94636,37.58255],[126.94637,37.58232],[126.94572,37.58236],[126.94561,37.58295],[126.94583,37.58325],[126.94542,37.58344],[126.94702,37.58452],[126.94733,37.58432],[126.94757,37.5838]]]}},{"type":"Feature","properties":{"name":"새동네 주거환경관리사업구역","cat":"주거환경개선","gu":"도봉구"},"geometry":{"type":"Polygon","coordinates":[[[127.04341,37.68898],[127.04443,37.68902],[127.04473,37.68874],[127.04436,37.68866],[127.04407,37.68808],[127.04327,37.68815],[127.04336,37.68752],[127.04111,37.6873],[127.04094,37.68854],[127.04187,37.68875],[127.04205,37.68897],[127.04241,37.68889],[127.04337,37.68912],[127.04341,37.68898]]]}},{"type":"Feature","properties":{"name":"방아골주거환경관리사업구역","cat":"주거환경개선","gu":"도봉구"},"geometry":{"type":"Polygon","coordinates":[[[127.03189,37.67115],[127.03309,37.6709],[127.03299,37.6701],[127.03341,37.66924],[127.03491,37.66923],[127.03386,37.66861],[127.03344,37.66901],[127.03223,37.66921],[127.03189,37.67115]]]}},{"type":"Feature","properties":{"name":"구로3-2구역주거환경개선사업","cat":"주거환경개선","gu":"구로구"},"geometry":{"type":"Polygon","coordinates":[[[126.89207,37.48384],[126.89166,37.48379],[126.8905,37.48409],[126.89132,37.48418],[126.89184,37.48453],[126.89167,37.48497],[126.89216,37.48527],[126.89207,37.48384]]]}},{"type":"Feature","properties":{"name":"신길재정비촉진지구1-1구역주거환경","cat":"주거환경개선","gu":"영등포구"},"geometry":{"type":"Polygon","coordinates":[[[126.91481,37.50904],[126.91552,37.50879],[126.91526,37.50838],[126.91549,37.50832],[126.9153,37.50808],[126.91541,37.50802],[126.91499,37.50777],[126.91474,37.50786],[126.91485,37.50802],[126.9146,37.50815],[126.91451,37.50854],[126.91456,37.50879],[126.91486,37.50885],[126.91481,37.50904]]]}},{"type":"Feature","properties":{"name":"도시환경정비사업구역","cat":"재개발","gu":"중랑구"},"geometry":{"type":"Polygon","coordinates":[[[127.09003,37.59466],[127.08927,37.59521],[127.09042,37.59596],[127.09151,37.59499],[127.09003,37.59466]]]}},{"type":"Feature","properties":{"name":"상계6구역주택재개발사업","cat":"재개발","gu":"노원구"},"geometry":{"type":"Polygon","coordinates":[[[127.08508,37.67389],[127.08434,37.67311],[127.08443,37.67297],[127.08379,37.67281],[127.08391,37.67233],[127.08345,37.67222],[127.08342,37.67265],[127.08312,37.67221],[127.0832,37.67179],[127.08367,37.67204],[127.08368,37.67166],[127.08402,37.67181],[127.0839,37.67125],[127.08271,37.67124],[127.08349,37.67111],[127.083,37.67027],[127.08345,37.67013],[127.08328,37.66909],[127.08259,37.66833],[127.08043,37.66869],[127.08035,37.66849],[127.07994,37.66836],[127.08016,37.66771],[127.07928,37.66748],[127.07916,37.66758],[127.07962,37.66831],[127.07929,37.66862],[127.07863,37.66863],[127.07741,37.66799],[127.07689,37.66817],[127.07767,37.66914],[127.07753,37.66942],[127.07816,37.66998],[127.07831,37.66989],[127.07913,37.67049],[127.07993,37.67076],[127.08067,37.66997],[127.08096,37.6704],[127.08198,37.67076],[127.08255,37.67117],[127.08215,37.67126],[127.0817,37.67167],[127.08142,37.67138],[127.08093,37.67125],[127.0807,37.67144],[127.08059,37.67219],[127.08091,37.67283],[127.08196,37.67262],[127.08212,37.67297],[127.08183,37.67428],[127.08423,37.67572],[127.08522,37.67502],[127.08493,37.67441],[127.08508,37.67389]]]}},{"type":"Feature","properties":{"name":"양동1구역도시환경정비사업","cat":"재건축","gu":"중구"},"geometry":{"type":"Polygon","coordinates":[[[126.97354,37.55425],[126.97418,37.5546],[126.97441,37.55427],[126.97405,37.55389],[126.97354,37.55425]]]}},{"type":"Feature","properties":{"name":"가락시영아파트 주택재건축 정비구역","cat":"정비예정구역","gu":"송파구"},"geometry":{"type":"Polygon","coordinates":[[[127.11137,37.50022],[127.11251,37.49896],[127.11261,37.49859],[127.11244,37.49752],[127.11214,37.49709],[127.10802,37.4958],[127.1079,37.49605],[127.10652,37.49563],[127.10665,37.49537],[127.10336,37.49435],[127.10129,37.49847],[127.10694,37.50015],[127.10734,37.49934],[127.10861,37.49972],[127.10847,37.50001],[127.11015,37.50051],[127.11074,37.49987],[127.11137,37.50022]]]}},{"type":"Feature","properties":{"name":"신촌지역 마포1도시환경정비구역","cat":"재개발","gu":"서대문구"},"geometry":{"type":"Polygon","coordinates":[[[126.93285,37.55635],[126.935,37.55559],[126.93502,37.55554],[126.93483,37.5553],[126.93276,37.55607],[126.93285,37.55635]]]}},{"type":"Feature","properties":{"name":"주거환경개선사업","cat":"주거환경개선","gu":"성동구"},"geometry":{"type":"Polygon","coordinates":[[[127.0197,37.54902],[127.02075,37.54894],[127.02106,37.54906],[127.02132,37.5496],[127.02152,37.5495],[127.02127,37.54835],[127.0197,37.54836],[127.0197,37.54902]]]}},{"type":"Feature","properties":{"name":"홍은5-3구역주택재개발사업","cat":"재건축","gu":"서대문구"},"geometry":{"type":"Polygon","coordinates":[[[126.94468,37.59693],[126.94525,37.59686],[126.94641,37.59627],[126.94644,37.59611],[126.94624,37.59622],[126.94602,37.59605],[126.94626,37.59587],[126.94597,37.59565],[126.94613,37.59533],[126.9459,37.59466],[126.94636,37.59435],[126.94619,37.59416],[126.94576,37.59435],[126.94501,37.59371],[126.94403,37.59405],[126.94362,37.59368],[126.94332,37.59365],[126.94294,37.59511],[126.94257,37.59491],[126.94218,37.59501],[126.94279,37.59506],[126.94331,37.59548],[126.94379,37.5966],[126.94468,37.59693]]]}},{"type":"Feature","properties":{"name":"후암2구역주거환경개선사업","cat":"주거환경개선","gu":"용산구"},"geometry":{"type":"Polygon","coordinates":[[[126.98236,37.54896],[126.98287,37.54892],[126.98325,37.54819],[126.98312,37.54794],[126.98259,37.54823],[126.98212,37.54797],[126.98178,37.5484],[126.98236,37.54896]]]}},{"type":"Feature","properties":{"name":"쌍림도시환경정비사업","cat":"재개발","gu":"중구"},"geometry":{"type":"Polygon","coordinates":[[[127.00387,37.56365],[127.00306,37.56346],[127.00276,37.56361],[127.00271,37.56425],[127.00382,37.56432],[127.00387,37.56365]]]}},{"type":"Feature","properties":{"name":"마천5 재정비촉진구역","cat":"재개발","gu":"송파구"},"geometry":{"type":"Polygon","coordinates":[[[127.14912,37.50107],[127.15217,37.4995],[127.15124,37.49863],[127.15068,37.49895],[127.14961,37.49798],[127.15028,37.49757],[127.14985,37.49713],[127.14903,37.49718],[127.14858,37.49665],[127.14806,37.49701],[127.14831,37.49723],[127.14795,37.4973],[127.14838,37.4977],[127.14718,37.49856],[127.14767,37.49888],[127.1475,37.49895],[127.14782,37.49987],[127.14762,37.49993],[127.14785,37.50044],[127.14807,37.50038],[127.14838,37.50106],[127.14876,37.50079],[127.14912,37.50107]],[[127.14907,37.49918],[127.1494,37.49947],[127.14919,37.49947],[127.14907,37.49992],[127.14861,37.49954],[127.14907,37.49918]]]}},{"type":"Feature","properties":{"name":"홍은1 도시정비형 재개발사업","cat":"재개발","gu":"서대문구"},"geometry":{"type":"Polygon","coordinates":[[[126.94374,37.59234],[126.94184,37.59189],[126.94256,37.59289],[126.94338,37.59312],[126.94374,37.59234]]]}},{"type":"Feature","properties":{"name":"도시환경정비사업지구","cat":"재건축","gu":"서대문구"},"geometry":{"type":"Polygon","coordinates":[[[126.96621,37.55993],[126.96551,37.55897],[126.96408,37.55918],[126.96403,37.55931],[126.96576,37.56032],[126.96621,37.55993]]]}},{"type":"Feature","properties":{"name":"효창제6구역 주택재개발정비사업","cat":"재개발","gu":"마포구"},"geometry":{"type":"Polygon","coordinates":[[[126.96222,37.547],[126.96221,37.54683],[126.96183,37.54688],[126.96176,37.54735],[126.96246,37.54834],[126.96334,37.54838],[126.96337,37.5468],[126.96312,37.54694],[126.96312,37.54675],[126.96284,37.54676],[126.96287,37.54704],[126.96222,37.547]]]}},{"type":"Feature","properties":{"name":"문래동1가A 도시정비형재개발구역","cat":"재개발","gu":"영등포구"},"geometry":{"type":"Polygon","coordinates":[[[126.89195,37.511],[126.8941,37.51208],[126.89702,37.51309],[126.89732,37.5126],[126.89646,37.51234],[126.89659,37.51199],[126.8941,37.51119],[126.89263,37.51045],[126.89288,37.51016],[126.89276,37.51008],[126.89247,37.51003],[126.89198,37.51072],[126.89195,37.511]]]}},{"type":"Feature","properties":{"name":"주택재개발사업(북아현1구역)","cat":"재개발","gu":"서대문구"},"geometry":{"type":"Polygon","coordinates":[[[126.95353,37.56416],[126.95195,37.56349],[126.95191,37.56307],[126.95286,37.5616],[126.95353,37.56169],[126.95286,37.5615],[126.95562,37.56214],[126.95579,37.56166],[126.95326,37.56139],[126.95333,37.56111],[126.95581,37.56146],[126.95589,37.56079],[126.9566,37.55972],[126.95613,37.55758],[126.95533,37.55754],[126.95519,37.55793],[126.95213,37.55774],[126.95214,37.55734],[126.9518,37.55732],[126.95178,37.55772],[126.94877,37.55755],[126.94803,37.55879],[126.94916,37.559],[126.94938,37.55829],[126.9506,37.55877],[126.95085,37.55849],[126.95147,37.55885],[126.95168,37.55867],[126.95291,37.55889],[126.95287,37.55935],[126.95214,37.5599],[126.95116,37.55962],[126.95087,37.56029],[126.95205,37.56116],[126.94981,37.55983],[126.94979,37.56022],[126.94947,37.5604],[126.95031,37.56118],[126.94979,37.56209],[126.9497,37.56305],[126.95015,37.56384],[126.9511,37.56381],[126.95105,37.56356],[126.95168,37.5635],[126.95196,37.56383],[126.95252,37.5639],[126.95334,37.56433],[126.95353,37.56416]],[[126.95397,37.55971],[126.95378,37.55918],[126.95438,37.55873],[126.95498,37.559],[126.95576,37.56017],[126.95528,37.56093],[126.95377,37.56069],[126.95397,37.55971]]]}},{"type":"Feature","properties":{"name":"충정1-3구역주택재개발사업","cat":"재건축","gu":"서대문구"},"geometry":{"type":"Polygon","coordinates":[[[126.96724,37.5579],[126.96595,37.5577],[126.96598,37.55731],[126.96563,37.55733],[126.96559,37.5571],[126.96474,37.55667],[126.96343,37.55696],[126.96304,37.55751],[126.96391,37.55732],[126.96413,37.55749],[126.96404,37.55798],[126.96429,37.55819],[126.96405,37.55904],[126.96563,37.55878],[126.96724,37.5579]]]}},{"type":"Feature","properties":{"name":"수색2-1구역주택재개발사업","cat":"재건축","gu":"서울시"},"geometry":{"type":"Polygon","coordinates":[[[126.90108,37.58575],[126.90038,37.58603],[126.8993,37.58537],[126.89927,37.58564],[126.89883,37.58592],[126.89819,37.58711],[126.89893,37.58699],[126.89979,37.58722],[126.89991,37.58765],[126.90029,37.58786],[126.9011,37.58797],[126.90146,37.58768],[126.90191,37.58798],[126.90214,37.5879],[126.90214,37.58738],[126.90167,37.58652],[126.90176,37.58637],[126.90108,37.58575]]]}},{"type":"Feature","properties":{"name":"청진구역 제2,3지구 도시환경정비사업","cat":"재개발","gu":"종로구"},"geometry":{"type":"MultiPolygon","coordinates":[[[[126.97919,37.57173],[126.97923,37.57049],[126.97858,37.57038],[126.97855,37.57161],[126.97919,37.57173]]],[[[126.97999,37.5715],[126.97978,37.57145],[126.97977,37.57147],[126.97999,37.5715]]],[[[126.97993,37.57152],[126.97985,37.57158],[126.98004,37.57153],[126.97993,37.57152]]],[[[126.97979,37.57173],[126.97984,37.5715],[126.97938,37.57141],[126.97954,37.57169],[126.97979,37.57173]]],[[[126.97943,37.5716],[126.97937,37.57169],[126.97942,37.5717],[126.97943,37.5716]]]]}},{"type":"Feature","properties":{"name":"주택재개발사업구역","cat":"재개발","gu":"서대문구"},"geometry":{"type":"Polygon","coordinates":[[[126.94442,37.59923],[126.94537,37.59901],[126.94635,37.5976],[126.94615,37.59697],[126.94634,37.59629],[126.94538,37.59674],[126.9453,37.59698],[126.94555,37.59758],[126.94497,37.59806],[126.94434,37.59898],[126.94442,37.59923]]]}},{"type":"Feature","properties":{"name":"회현4-2구역도시환경정비사업","cat":"재건축","gu":"중구"},"geometry":{"type":"Polygon","coordinates":[[[126.98091,37.55848],[126.98064,37.55871],[126.98112,37.55895],[126.98121,37.5586],[126.98091,37.55848]]]}},{"type":"Feature","properties":{"name":"하왕1-3구역주택재개발사업","cat":"재건축","gu":"중구"},"geometry":{"type":"Polygon","coordinates":[[[127.02615,37.56289],[127.0273,37.56271],[127.02738,37.56212],[127.02701,37.56214],[127.02693,37.56177],[127.02662,37.56179],[127.02664,37.56148],[127.02687,37.56148],[127.02608,37.56103],[127.02587,37.56065],[127.02562,37.56085],[127.02545,37.56082],[127.02543,37.56049],[127.02514,37.56066],[127.02501,37.56104],[127.02517,37.56168],[127.0244,37.56196],[127.02439,37.56211],[127.02492,37.56206],[127.02615,37.56289]]]}},{"type":"Feature","properties":{"name":"소공도시환경정비사업","cat":"재개발","gu":"중구"},"geometry":{"type":"Polygon","coordinates":[[[126.9782,37.56384],[126.97721,37.56396],[126.97762,37.56477],[126.97858,37.56473],[126.97922,37.56399],[126.9782,37.56384]]]}},{"type":"Feature","properties":{"name":"주거환경개선사업","cat":"주거환경개선","gu":"종로구"},"geometry":{"type":"Polygon","coordinates":[[[127.01004,37.57699],[127.01026,37.57706],[127.01023,37.57675],[127.0098,37.57691],[127.0096,37.57724],[127.01004,37.57699]]]}},{"type":"Feature","properties":{"name":"가재울 재정비촉진지구","cat":"재정비촉진지구","gu":"서대문구"},"geometry":{"type":"Polygon","coordinates":[[[126.91508,37.57923],[126.91636,37.5797],[126.91966,37.57791],[126.92092,37.57759],[126.92001,37.57674],[126.92101,37.57594],[126.92269,37.57334],[126.91657,37.56871],[126.90851,37.5725],[126.90629,37.57428],[126.90992,37.57787],[126.91153,37.57995],[126.91262,37.57942],[126.91331,37.57961],[126.91429,37.57823],[126.9144,37.5787],[126.91477,37.57865],[126.91508,37.57923]]]}},{"type":"Feature","properties":{"name":"수색주거환경개선사업","cat":"주거환경개선","gu":"서울시"},"geometry":{"type":"Polygon","coordinates":[[[126.88549,37.59121],[126.88555,37.59081],[126.88502,37.59062],[126.88459,37.58993],[126.88506,37.59016],[126.8854,37.59003],[126.88472,37.58964],[126.88497,37.58949],[126.88477,37.58938],[126.88424,37.58999],[126.88447,37.59002],[126.88515,37.59116],[126.88535,37.59118],[126.8854,37.5915],[126.88571,37.59166],[126.88549,37.59121]]]}},{"type":"Feature","properties":{"name":"효창제4주택정비형 재개발사업","cat":"재개발","gu":"용산구"},"geometry":{"type":"Polygon","coordinates":[[[126.96003,37.54078],[126.96061,37.5407],[126.96077,37.54013],[126.96098,37.54015],[126.96082,37.53984],[126.96065,37.53973],[126.95904,37.54046],[126.96003,37.54078]]]}},{"type":"Feature","properties":{"name":"구의·자양 재정비 촉진지구","cat":"재정비촉진지구","gu":"광진구"},"geometry":{"type":"Polygon","coordinates":[[[127.08276,37.53962],[127.08419,37.53958],[127.08442,37.53758],[127.09078,37.5392],[127.0913,37.5379],[127.08945,37.53787],[127.08939,37.53582],[127.09012,37.53402],[127.08537,37.53247],[127.08421,37.53489],[127.08323,37.53466],[127.08279,37.53581],[127.08303,37.536],[127.081,37.5365],[127.08132,37.53736],[127.08079,37.53766],[127.08107,37.53823],[127.08281,37.53916],[127.08276,37.53962]]]}},{"type":"Feature","properties":{"name":"세운재정비촉진지구30구역도시환경정","cat":"재건축","gu":"중구"},"geometry":{"type":"Polygon","coordinates":[[[126.99824,37.56324],[126.99829,37.56299],[126.99767,37.56282],[126.99761,37.56339],[126.99824,37.56324]]]}},{"type":"Feature","properties":{"name":"봉천10-2구역주거환경개선사업","cat":"주거환경개선","gu":"관악구"},"geometry":{"type":"Polygon","coordinates":[[[126.94876,37.48318],[126.94847,37.48278],[126.94793,37.48286],[126.94798,37.48317],[126.94876,37.48318]]]}},{"type":"Feature","properties":{"name":"묵정1구역주택재개발사업","cat":"재건축","gu":"중구"},"geometry":{"type":"Polygon","coordinates":[[[127.0005,37.56051],[126.99965,37.56053],[126.99961,37.56081],[127.0004,37.56096],[127.0005,37.56051]]]}},{"type":"Feature","properties":{"name":"마포로1구역 제55지구","cat":"재건축","gu":"마포구"},"geometry":{"type":"Polygon","coordinates":[[[126.9485,37.54434],[126.9469,37.54505],[126.94605,37.54544],[126.94633,37.54582],[126.94877,37.54473],[126.9485,37.54434]]]}},{"type":"Feature","properties":{"name":"장교구역 제4지구 도시환경정비구역","cat":"재개발","gu":"종로구"},"geometry":{"type":"Polygon","coordinates":[[[126.98787,37.56629],[126.98779,37.56667],[126.98837,37.56666],[126.98838,37.56631],[126.98787,37.56629]]]}},{"type":"Feature","properties":{"name":"가리봉동 한뜻모아마을 주거환경관리","cat":"주거환경개선","gu":"구로구"},"geometry":{"type":"Polygon","coordinates":[[[126.88456,37.48614],[126.88437,37.48618],[126.88431,37.48593],[126.88405,37.48584],[126.8834,37.48589],[126.88316,37.48514],[126.88265,37.4849],[126.88114,37.48576],[126.88091,37.48621],[126.88116,37.48729],[126.88304,37.48661],[126.88394,37.48658],[126.88456,37.48614]]]}},{"type":"Feature","properties":{"name":"마포로1-9-2구역도시환경정비사업","cat":"재건축","gu":"마포구"},"geometry":{"type":"Polygon","coordinates":[[[126.94717,37.54205],[126.94643,37.54143],[126.94603,37.54171],[126.9467,37.54228],[126.94717,37.54205]]]}},{"type":"Feature","properties":{"name":"마포로2-7구역도시환경정비사업","cat":"재건축","gu":"마포구"},"geometry":{"type":"Polygon","coordinates":[[[126.95242,37.5449],[126.95208,37.54506],[126.95259,37.54576],[126.95294,37.54555],[126.95242,37.5449]]]}},{"type":"Feature","properties":{"name":"남영동 업무지구 제2구역 도시정비형 재개발","cat":"재개발","gu":"용산구"},"geometry":{"type":"Polygon","coordinates":[[[126.97197,37.54429],[126.97239,37.54218],[126.97143,37.54197],[126.97141,37.54419],[126.97197,37.54429]]]}},{"type":"Feature","properties":{"name":"마포로5도시정비형재개발구역2지구","cat":"재건축","gu":"서대문구"},"geometry":{"type":"Polygon","coordinates":[[[126.96346,37.56074],[126.96415,37.56184],[126.96452,37.56169],[126.96409,37.56069],[126.96346,37.56074]]]}},{"type":"Feature","properties":{"name":"도시환경정비사업구역","cat":"재개발","gu":"영등포구"},"geometry":{"type":"Polygon","coordinates":[[[126.91621,37.5006],[126.91603,37.50013],[126.91547,37.50014],[126.91601,37.50074],[126.91621,37.5006]]]}},{"type":"Feature","properties":{"name":"이문3구역주택재개발사업","cat":"재개발","gu":"성북구"},"geometry":{"type":"Polygon","coordinates":[[[127.0622,37.60512],[127.06365,37.60524],[127.06495,37.60582],[127.06542,37.60547],[127.06607,37.60552],[127.06642,37.60536],[127.06699,37.60463],[127.06703,37.6043],[127.06645,37.60412],[127.06643,37.60383],[127.06599,37.60332],[127.06544,37.60349],[127.06509,37.60391],[127.06374,37.60321],[127.0635,37.60349],[127.0637,37.60365],[127.06251,37.60478],[127.06257,37.605],[127.06218,37.60494],[127.0622,37.60512]]]}},{"type":"Feature","properties":{"name":"수송1-5 도시환경정비구역","cat":"재개발","gu":"종로구"},"geometry":{"type":"Polygon","coordinates":[[[126.98033,37.57484],[126.98108,37.57419],[126.98059,37.574],[126.97989,37.57462],[126.98033,37.57484]]]}},{"type":"Feature","properties":{"name":"금호5-1구역주택재개발사업","cat":"재건축","gu":"중구"},"geometry":{"type":"Polygon","coordinates":[[[127.01608,37.55152],[127.01673,37.55152],[127.01719,37.551],[127.01683,37.55097],[127.01683,37.55039],[127.01691,37.55015],[127.01719,37.55015],[127.01714,37.54991],[127.01745,37.54976],[127.01831,37.54985],[127.01817,37.54884],[127.01694,37.54875],[127.01681,37.54854],[127.01589,37.54889],[127.01527,37.54948],[127.01496,37.54939],[127.01528,37.55002],[127.01497,37.55035],[127.01535,37.55084],[127.01502,37.55087],[127.01536,37.55123],[127.0154,37.55125],[127.01608,37.55152]],[[127.01517,37.55101],[127.01518,37.55103],[127.01518,37.55103],[127.01517,37.55101]]]}},{"type":"Feature","properties":{"name":"신정6-1구역주택재개발사업","cat":"재건축","gu":"양천구"},"geometry":{"type":"Polygon","coordinates":[[[126.8771,37.51735],[126.87608,37.51756],[126.87621,37.51893],[126.87725,37.52228],[126.87768,37.52223],[126.87741,37.52412],[126.87787,37.52402],[126.87824,37.52162],[126.87738,37.51962],[126.8771,37.51735]]]}},{"type":"Feature","properties":{"name":"상계재정비촉진지구1구역주거환경개","cat":"주거환경개선","gu":"노원구"},"geometry":{"type":"Polygon","coordinates":[[[127.08592,37.67232],[127.08699,37.67221],[127.08703,37.67199],[127.08668,37.67178],[127.08677,37.67062],[127.08513,37.66983],[127.08469,37.67006],[127.08588,37.67124],[127.08565,37.67166],[127.08592,37.67232]]]}},{"type":"Feature","properties":{"name":"월계2 주택재건축 정비구역","cat":"정비예정구역","gu":"노원구"},"geometry":{"type":"Polygon","coordinates":[[[127.05702,37.62908],[127.05598,37.63002],[127.05697,37.63211],[127.05755,37.63137],[127.0587,37.63072],[127.0588,37.6302],[127.05702,37.62908]]]}},{"type":"Feature","properties":{"name":"강북구 미아제3구역 주택재개발사업","cat":"재개발","gu":"강북구"},"geometry":{"type":"Polygon","coordinates":[[[127.02112,37.62504],[127.02105,37.62518],[127.02104,37.62519],[127.0205,37.62511],[127.0205,37.62491],[127.01896,37.62493],[127.01887,37.62528],[127.01922,37.62522],[127.01996,37.62549],[127.02002,37.62537],[127.02086,37.62573],[127.02002,37.62611],[127.01978,37.62658],[127.01845,37.62661],[127.0182,37.62741],[127.01933,37.62778],[127.01978,37.62744],[127.02034,37.6275],[127.02075,37.62762],[127.02075,37.62784],[127.02131,37.62796],[127.02155,37.62737],[127.02128,37.62696],[127.02183,37.62642],[127.02195,37.62523],[127.02167,37.62534],[127.02112,37.62504]]]}},{"type":"Feature","properties":{"name":"전농제3-2주택재개발정비사업","cat":"재개발","gu":"동대문구"},"geometry":{"type":"Polygon","coordinates":[[[127.06472,37.57655],[127.06559,37.57645],[127.06676,37.576],[127.06711,37.5761],[127.06722,37.57535],[127.06706,37.5755],[127.06696,37.5753],[127.06672,37.57533],[127.06652,37.576],[127.06563,37.57508],[127.06522,37.5751],[127.0637,37.57626],[127.06472,37.57655]]]}},{"type":"Feature","properties":{"name":"마포로3-7구역도시환경정비사업","cat":"재건축","gu":"마포구"},"geometry":{"type":"Polygon","coordinates":[[[126.95719,37.55271],[126.95712,37.55225],[126.95644,37.55239],[126.95659,37.55268],[126.95719,37.55271]]]}},{"type":"Feature","properties":{"name":"을지로2가18구역도시환경정비사업","cat":"재건축","gu":"종로구"},"geometry":{"type":"Polygon","coordinates":[[[126.98404,37.56822],[126.98442,37.56801],[126.98405,37.56802],[126.98404,37.56822]]]}},{"type":"Feature","properties":{"name":"세종로5구역도시환경정비사업","cat":"재건축","gu":"종로구"},"geometry":{"type":"Polygon","coordinates":[[[126.9764,37.57079],[126.97641,37.5705],[126.97608,37.57075],[126.9764,37.57079]]]}},{"type":"Feature","properties":{"name":"삼선동3가29번지일대재건축사업","cat":"정비예정구역","gu":"성북구"},"geometry":{"type":"Polygon","coordinates":[[[127.01149,37.58608],[127.01096,37.58637],[127.01068,37.58756],[127.01246,37.58849],[127.01258,37.58811],[127.01244,37.58719],[127.01149,37.58608]]]}},{"type":"Feature","properties":{"name":"남가좌6구역주택재개발사업","cat":"재개발","gu":"서대문구"},"geometry":{"type":"Polygon","coordinates":[[[126.92003,37.57576],[126.92077,37.576],[126.92098,37.57551],[126.92137,37.57538],[126.92169,37.57488],[126.9215,37.57479],[126.92212,37.57388],[126.92104,37.57369],[126.92121,37.57345],[126.92069,37.57354],[126.92072,37.57325],[126.92056,37.57321],[126.91997,37.57368],[126.91987,37.57398],[126.91953,37.57388],[126.91934,37.57404],[126.91953,37.57409],[126.91905,37.57436],[126.91894,37.57474],[126.92003,37.57576]]]}},{"type":"Feature","properties":{"name":"휘경 제5 주택정비형재개발사업","cat":"재개발","gu":"동대문구"},"geometry":{"type":"Polygon","coordinates":[[[127.06783,37.5842],[127.06556,37.58378],[127.0654,37.58437],[127.06567,37.58566],[127.06636,37.58675],[127.06677,37.58707],[127.06728,37.58702],[127.06735,37.58588],[127.06783,37.5842]]]}},{"type":"Feature","properties":{"name":"마포로2-2구역도시환경정비사업","cat":"재건축","gu":"마포구"},"geometry":{"type":"Polygon","coordinates":[[[126.95265,37.54654],[126.95228,37.54675],[126.95256,37.54712],[126.95297,37.54695],[126.95265,37.54654]]]}},{"type":"Feature","properties":{"name":"관수동일대도시정비형재개발구역","cat":"재개발","gu":"종로구"},"geometry":{"type":"Polygon","coordinates":[[[126.98957,37.56998],[126.99204,37.5702],[126.99222,37.56866],[126.98973,37.56838],[126.98957,37.56998]]]}},{"type":"Feature","properties":{"name":"적선2구역도시환경정비사업","cat":"재건축","gu":"종로구"},"geometry":{"type":"Polygon","coordinates":[[[126.97317,37.57462],[126.9728,37.57462],[126.9728,37.57511],[126.97291,37.57512],[126.97317,37.57462]]]}},{"type":"Feature","properties":{"name":"명동3구역도시환경정비사업","cat":"재건축","gu":"종로구"},"geometry":{"type":"Polygon","coordinates":[[[126.9869,37.56539],[126.9869,37.56599],[126.98726,37.56601],[126.98738,37.56543],[126.9869,37.56539]]]}},{"type":"Feature","properties":{"name":"북창11구역도시환경정비사업","cat":"재건축","gu":"중구"},"geometry":{"type":"Polygon","coordinates":[[[126.97858,37.563],[126.97851,37.56327],[126.97872,37.56327],[126.9788,37.56305],[126.97858,37.563]]]}},{"type":"Feature","properties":{"name":"전농제9 주택재개발 정비사업","cat":"재개발","gu":"동대문구"},"geometry":{"type":"Polygon","coordinates":[[[127.05126,37.58204],[127.05082,37.58205],[127.05079,37.58184],[127.04997,37.58211],[127.05044,37.58322],[127.05201,37.58519],[127.05247,37.5846],[127.05254,37.58309],[127.05296,37.58284],[127.05253,37.5823],[127.0513,37.58239],[127.05126,37.58204]]]}},{"type":"Feature","properties":{"name":"명륜4구역주택재개발사업","cat":"재개발","gu":"종로구"},"geometry":{"type":"Polygon","coordinates":[[[127.00004,37.58204],[127.00051,37.58161],[127.00074,37.58162],[127.00056,37.58152],[127.00069,37.58134],[126.99986,37.58114],[126.9989,37.58136],[126.99882,37.58163],[126.99904,37.58164],[126.99902,37.58184],[127.00004,37.58204]]]}},{"type":"Feature","properties":{"name":"까치산공원주택재건축 정비구역","cat":"정비예정구역","gu":"관악구"},"geometry":{"type":"Polygon","coordinates":[[[126.96107,37.48367],[126.96183,37.48295],[126.96204,37.48246],[126.9628,37.48195],[126.96238,37.48165],[126.95983,37.48323],[126.96005,37.48318],[126.96107,37.48367]]]}},{"type":"Feature","properties":{"name":"3-8·9·10구역","cat":"재개발","gu":"종로구"},"geometry":{"type":"Polygon","coordinates":[[[126.99517,37.56731],[126.99524,37.56664],[126.99341,37.56656],[126.99336,37.56691],[126.99379,37.56754],[126.99403,37.5675],[126.99402,37.56722],[126.99517,37.56731]]]}},{"type":"Feature","properties":{"name":"구산주거환경개선사업","cat":"주거환경개선","gu":"은평구"},"geometry":{"type":"Polygon","coordinates":[[[126.90341,37.60679],[126.90464,37.60596],[126.90471,37.60479],[126.90359,37.60513],[126.90298,37.60559],[126.90255,37.60562],[126.90271,37.60579],[126.9035,37.60568],[126.9038,37.60622],[126.90326,37.60655],[126.90341,37.60679]]]}},{"type":"Feature","properties":{"name":"무교다동 23-9 지구","cat":"재건축","gu":"종로구"},"geometry":{"type":"Polygon","coordinates":[[[126.98187,37.56734],[126.98179,37.5672],[126.9818,37.56741],[126.98187,37.56734]]]}},{"type":"Feature","properties":{"name":"무교다동 24-6 지구","cat":"재건축","gu":"종로구"},"geometry":{"type":"Polygon","coordinates":[[[126.98206,37.56688],[126.98194,37.56675],[126.98194,37.56684],[126.98206,37.56688]]]}},{"type":"Feature","properties":{"name":"신촌지역 마포4 도시정비형 재개발구역","cat":"재개발","gu":"마포구"},"geometry":{"type":"Polygon","coordinates":[[[126.9368,37.55457],[126.93739,37.55155],[126.93821,37.54997],[126.93752,37.5508],[126.93591,37.55218],[126.93424,37.55321],[126.9366,37.5546],[126.9368,37.55457]]]}},{"type":"Feature","properties":{"name":"흑석7구역주택재개발사업","cat":"재개발","gu":"동작구"},"geometry":{"type":"Polygon","coordinates":[[[126.95991,37.51165],[126.96044,37.51118],[126.96117,37.51123],[126.96279,37.50958],[126.96153,37.50884],[126.96033,37.50942],[126.96015,37.50916],[126.95983,37.50943],[126.95941,37.50948],[126.95899,37.50975],[126.95844,37.51057],[126.95819,37.51038],[126.95781,37.51069],[126.95808,37.51123],[126.95881,37.51133],[126.95896,37.51172],[126.95928,37.51157],[126.95991,37.51165]]]}},{"type":"Feature","properties":{"name":"장수마을 주거환경관리사업구역","cat":"주거환경개선","gu":"종로구"},"geometry":{"type":"Polygon","coordinates":[[[127.00853,37.58248],[127.00912,37.58164],[127.00934,37.58169],[127.00945,37.58136],[127.00867,37.58098],[127.00706,37.58233],[127.00748,37.58302],[127.00853,37.58248]]]}},{"type":"Feature","properties":{"name":"마포로1-29구역도시환경정비사업","cat":"재건축","gu":"마포구"},"geometry":{"type":"MultiPolygon","coordinates":[[[[126.94577,37.53867],[126.94577,37.53867],[126.94577,37.53867],[126.94577,37.53867]]],[[[126.94575,37.53868],[126.94547,37.53894],[126.94565,37.53907],[126.94613,37.53895],[126.94575,37.53868]]]]}},{"type":"Feature","properties":{"name":"시흥동 현대아파트 재건축정비사업","cat":"정비예정구역","gu":"금천구"},"geometry":{"type":"Polygon","coordinates":[[[126.91494,37.45341],[126.91453,37.45305],[126.9132,37.45346],[126.91388,37.45397],[126.91453,37.454],[126.9152,37.4532],[126.91494,37.45341]]]}},{"type":"Feature","properties":{"name":"청량리미주아파트 재건축정비사업","cat":"정비예정구역","gu":"동대문구"},"geometry":{"type":"MultiPolygon","coordinates":[[[[127.04717,37.58303],[127.04636,37.58239],[127.04662,37.58219],[127.04644,37.58164],[127.04663,37.58148],[127.04538,37.58116],[127.04474,37.58312],[127.04643,37.58345],[127.04717,37.58303]]],[[[127.04718,37.58488],[127.0482,37.58364],[127.04738,37.58311],[127.04655,37.58361],[127.04508,37.58344],[127.04545,37.58402],[127.04567,37.58397],[127.04718,37.58488]]]]}},{"type":"Feature","properties":{"name":"명동5구역도시환경정비사업","cat":"재건축","gu":"중구"},"geometry":{"type":"Polygon","coordinates":[[[126.98649,37.56497],[126.98596,37.56512],[126.98596,37.56526],[126.98644,37.5653],[126.98649,37.56497]]]}},{"type":"Feature","properties":{"name":"홍은제8주택재개발정비사업","cat":"재개발","gu":"서대문구"},"geometry":{"type":"Polygon","coordinates":[[[126.94467,37.60049],[126.9461,37.60037],[126.94751,37.59954],[126.9476,37.5993],[126.94685,37.59878],[126.94636,37.5987],[126.94639,37.59837],[126.94666,37.59811],[126.9464,37.5977],[126.94533,37.59905],[126.94539,37.59974],[126.94467,37.60049]]]}},{"type":"Feature","properties":{"name":"세운재정비촉진지구27-2구역도시환경","cat":"재건축","gu":"종로구"},"geometry":{"type":"Polygon","coordinates":[[[126.9966,37.56603],[126.99651,37.56568],[126.99649,37.56596],[126.99609,37.56599],[126.9966,37.56603]]]}},{"type":"Feature","properties":{"name":"마포로4-3-1-1구역도시환경정비사업","cat":"재건축","gu":"서대문구"},"geometry":{"type":"Polygon","coordinates":[[[126.96269,37.56031],[126.96243,37.55998],[126.96198,37.56011],[126.96226,37.5606],[126.96269,37.56031]]]}},{"type":"Feature","properties":{"name":"마포로1-2구역도시환경정비사업","cat":"재건축","gu":"마포구"},"geometry":{"type":"Polygon","coordinates":[[[126.94457,37.53905],[126.9444,37.53876],[126.94395,37.53909],[126.94423,37.53929],[126.94457,37.53905]]]}},{"type":"Feature","properties":{"name":"문래동2가B 도시정비형 재개발구역","cat":"재개발","gu":"영등포구"},"geometry":{"type":"Polygon","coordinates":[[[126.89411,37.51455],[126.8935,37.51429],[126.89371,37.51413],[126.89354,37.51383],[126.89523,37.51307],[126.89456,37.51284],[126.89403,37.51314],[126.89358,37.51248],[126.8915,37.51346],[126.89324,37.51496],[126.89411,37.51455]]]}},{"type":"Feature","properties":{"name":"여의도 공작아파트 재건축정비사업","cat":"정비예정구역","gu":"영등포구"},"geometry":{"type":"Polygon","coordinates":[[[126.92943,37.52745],[126.93082,37.52624],[126.93048,37.52603],[126.93068,37.52582],[126.93023,37.52555],[126.92879,37.52702],[126.92943,37.52745]]]}},{"type":"Feature","properties":{"name":"용강제3주택재개발 정비구역","cat":"재개발","gu":"마포구"},"geometry":{"type":"Polygon","coordinates":[[[126.94351,37.54254],[126.94409,37.54236],[126.94397,37.54211],[126.9448,37.54124],[126.94458,37.54121],[126.94471,37.54094],[126.94381,37.54022],[126.94287,37.54068],[126.94313,37.54105],[126.94261,37.54155],[126.94241,37.54154],[126.94351,37.54254]]]}},{"type":"Feature","properties":{"name":"재건축사업구역","cat":"정비예정구역","gu":"영등포구"},"geometry":{"type":"Polygon","coordinates":[[[126.89806,37.53406],[126.89994,37.53321],[126.89933,37.53242],[126.89849,37.53282],[126.898,37.53222],[126.89688,37.53255],[126.89806,37.53406]]]}},{"type":"Feature","properties":{"name":"돈암2-1구역주택재개발사업","cat":"재건축","gu":"성북구"},"geometry":{"type":"Polygon","coordinates":[[[127.02586,37.60392],[127.02581,37.60363],[127.02477,37.6025],[127.0223,37.60207],[127.02262,37.60262],[127.0253,37.60422],[127.02586,37.60392]]]}},{"type":"Feature","properties":{"name":"거여2구역주거환경개선사업","cat":"주거환경개선","gu":"송파구"},"geometry":{"type":"Polygon","coordinates":[[[127.15076,37.49032],[127.14986,37.49063],[127.15055,37.49144],[127.15151,37.49095],[127.15076,37.49032]]]}},{"type":"Feature","properties":{"name":"신사1구역주택재개발사업","cat":"재개발","gu":"은평구"},"geometry":{"type":"Polygon","coordinates":[[[126.90716,37.59951],[126.90754,37.5994],[126.90708,37.59942],[126.90729,37.59926],[126.90638,37.59883],[126.90648,37.59837],[126.90616,37.59813],[126.90574,37.59848],[126.9054,37.59916],[126.90566,37.59946],[126.90716,37.59951]]]}},{"type":"Feature","properties":{"name":"대림1구역주택재개발사업","cat":"재건축","gu":"구로구"},"geometry":{"type":"Polygon","coordinates":[[[126.8948,37.49621],[126.89483,37.49573],[126.89535,37.49525],[126.89486,37.49494],[126.89407,37.49782],[126.89449,37.49803],[126.89498,37.49786],[126.89515,37.4976],[126.89503,37.49649],[126.8948,37.49621]]]}},{"type":"Feature","properties":{"name":"고척동 253번지 일대 주택정비형 재개발사업","cat":"재개발","gu":"구로구"},"geometry":{"type":"Polygon","coordinates":[[[126.85182,37.50368],[126.84925,37.50275],[126.84861,37.50396],[126.8499,37.50433],[126.8497,37.50532],[126.8496,37.50542],[126.84835,37.50497],[126.84863,37.50427],[126.84849,37.5042],[126.84793,37.50529],[126.84985,37.50593],[126.84997,37.50618],[126.85059,37.50561],[126.85155,37.50528],[126.85151,37.50443],[126.85182,37.50368]]]}},{"type":"Feature","properties":{"name":"내방역 역세권 활성화사업 도시정비형 재개발정비구역","cat":"재개발","gu":"서초구"},"geometry":{"type":"Polygon","coordinates":[[[126.99277,37.4876],[126.99156,37.48722],[126.99138,37.4875],[126.99248,37.48799],[126.99277,37.4876]]]}},{"type":"Feature","properties":{"name":"마포로2-9구역도시환경정비사업","cat":"재건축","gu":"마포구"},"geometry":{"type":"Polygon","coordinates":[[[126.95363,37.54658],[126.95331,37.54672],[126.95376,37.54733],[126.9541,37.54716],[126.95363,37.54658]]]}},{"type":"Feature","properties":{"name":"마포로1-8구역도시환경정비사업","cat":"재건축","gu":"마포구"},"geometry":{"type":"Polygon","coordinates":[[[126.94721,37.54081],[126.94682,37.54063],[126.94655,37.54083],[126.9469,37.54109],[126.94721,37.54081]]]}},{"type":"Feature","properties":{"name":"북창31구역도시환경정비사업","cat":"재건축","gu":"중구"},"geometry":{"type":"Polygon","coordinates":[[[126.97676,37.56276],[126.97699,37.56259],[126.9767,37.56262],[126.97676,37.56276]]]}},{"type":"Feature","properties":{"name":"보문5구역주택재개발정비구역","cat":"재개발","gu":"성북구"},"geometry":{"type":"Polygon","coordinates":[[[127.02006,37.58437],[127.01962,37.58523],[127.0207,37.58561],[127.02101,37.58472],[127.02006,37.58437]]]}},{"type":"Feature","properties":{"name":"아현제4구역주택재개발 정비구역","cat":"재개발","gu":"마포구"},"geometry":{"type":"Polygon","coordinates":[[[126.95924,37.5547],[126.95907,37.55397],[126.95986,37.55368],[126.96078,37.55292],[126.9599,37.55258],[126.95978,37.55211],[126.95852,37.5518],[126.95712,37.55225],[126.95719,37.55271],[126.95741,37.55291],[126.9571,37.553],[126.95779,37.55446],[126.95809,37.55446],[126.95825,37.5548],[126.95808,37.555],[126.95924,37.5547]]]}},{"type":"Feature","properties":{"name":"용산역전면 도시환경정비구역","cat":"재개발","gu":"용산구"},"geometry":{"type":"Polygon","coordinates":[[[126.96723,37.53037],[126.96815,37.52976],[126.96499,37.52645],[126.96315,37.52751],[126.96406,37.5285],[126.96497,37.528],[126.96723,37.53037]]]}},{"type":"Feature","properties":{"name":"1-1구역","cat":"재개발","gu":"용산구"},"geometry":{"type":"Polygon","coordinates":[[[126.96483,37.52785],[126.96434,37.52734],[126.96399,37.52753],[126.96455,37.52803],[126.96483,37.52785]]]}},{"type":"Feature","properties":{"name":"1-2구역","cat":"재개발","gu":"용산구"},"geometry":{"type":"Polygon","coordinates":[[[126.96455,37.52803],[126.96399,37.52753],[126.96434,37.52734],[126.96419,37.52718],[126.96331,37.52762],[126.96405,37.5285],[126.96489,37.52792],[126.96455,37.52803]]]}},{"type":"Feature","properties":{"name":"천호A1-1구역 주택정비형 공공재개발사업","cat":"재개발","gu":"강동구"},"geometry":{"type":"Polygon","coordinates":[[[127.122,37.54193],[127.12042,37.54041],[127.11922,37.54119],[127.12019,37.54227],[127.122,37.54193]]]}},{"type":"Feature","properties":{"name":"행당제6주택재개발정비구역","cat":"재개발","gu":"성동구"},"geometry":{"type":"Polygon","coordinates":[[[127.03926,37.55596],[127.03923,37.55492],[127.03874,37.55384],[127.03779,37.55387],[127.03754,37.5553],[127.03711,37.55564],[127.03885,37.55783],[127.03926,37.55596]]]}},{"type":"Feature","properties":{"name":"월곡1구역주택재개발사업","cat":"재개발","gu":"성북구"},"geometry":{"type":"Polygon","coordinates":[[[127.04059,37.61167],[127.04017,37.61036],[127.03945,37.60904],[127.03938,37.60833],[127.03922,37.60836],[127.03919,37.60871],[127.03868,37.60879],[127.03886,37.60953],[127.03812,37.61019],[127.038,37.61153],[127.03893,37.61187],[127.03955,37.61167],[127.04024,37.61205],[127.04059,37.61167]]]}},{"type":"Feature","properties":{"name":"금호1-2구역주택재개발사업","cat":"재건축","gu":"성동구"},"geometry":{"type":"Polygon","coordinates":[[[127.03222,37.55161],[127.03173,37.55072],[127.0313,37.55039],[127.03039,37.54995],[127.02981,37.55005],[127.02995,37.55098],[127.03071,37.55208],[127.03153,37.55224],[127.03139,37.552],[127.03222,37.55161]]]}},{"type":"Feature","properties":{"name":"제기제4 재개발 구역","cat":"재개발","gu":"동대문구"},"geometry":{"type":"Polygon","coordinates":[[[127.04274,37.58528],[127.04335,37.58354],[127.04061,37.58346],[127.04056,37.5843],[127.04169,37.58438],[127.04169,37.58525],[127.04274,37.58528]]]}},{"type":"Feature","properties":{"name":"주택재개발사업구역","cat":"재개발","gu":"동대문구"},"geometry":{"type":"Polygon","coordinates":[[[127.06357,37.59147],[127.06187,37.59087],[127.06082,37.591],[127.06311,37.5919],[127.06357,37.59147]]]}},{"type":"Feature","properties":{"name":"한남5재정비촉진구역","cat":"재개발","gu":"용산구"},"geometry":{"type":"Polygon","coordinates":[[[126.99771,37.52606],[126.99775,37.52517],[126.99788,37.52515],[126.99768,37.52505],[126.99785,37.525],[126.99783,37.52461],[126.99836,37.52441],[126.99839,37.52353],[126.99814,37.52341],[126.99827,37.52315],[126.99845,37.52323],[126.99887,37.52291],[126.99972,37.52307],[127.00014,37.5226],[126.99484,37.52038],[126.99429,37.52045],[126.99362,37.52318],[126.99615,37.5246],[126.9958,37.52505],[126.99619,37.52609],[126.99676,37.52591],[126.99771,37.52606]]]}},{"type":"Feature","properties":{"name":"양동9구역도시환경정비사업","cat":"재건축","gu":"중구"},"geometry":{"type":"Polygon","coordinates":[[[126.97424,37.55479],[126.97331,37.5545],[126.97329,37.55594],[126.97377,37.55626],[126.97432,37.5558],[126.97424,37.55479]]]}},{"type":"Feature","properties":{"name":"회현4-1구역도시환경정비사업","cat":"재건축","gu":"중구"},"geometry":{"type":"Polygon","coordinates":[[[126.98101,37.55892],[126.98063,37.55869],[126.98009,37.5593],[126.98087,37.5595],[126.98101,37.55892]]]}},{"type":"Feature","properties":{"name":"문래동4가 도시환경정비구역","cat":"재개발","gu":"영등포구"},"geometry":{"type":"Polygon","coordinates":[[[126.89322,37.51493],[126.8915,37.51346],[126.89134,37.51354],[126.89039,37.51279],[126.89098,37.5137],[126.88813,37.51504],[126.88806,37.51527],[126.88897,37.51702],[126.89322,37.51493]]]}},{"type":"Feature","properties":{"name":"묵1주택재건축정비구역","cat":"정비예정구역","gu":"중랑구"},"geometry":{"type":"Polygon","coordinates":[[[127.08312,37.61522],[127.08247,37.61491],[127.08261,37.61455],[127.08214,37.61472],[127.08175,37.61456],[127.08231,37.61636],[127.08088,37.61695],[127.08195,37.61745],[127.08367,37.61686],[127.08375,37.61607],[127.08303,37.61549],[127.08312,37.61522]]]}},{"type":"Feature","properties":{"name":"전농4구역주택재개발사업","cat":"재개발","gu":"동대문구"},"geometry":{"type":"Polygon","coordinates":[[[127.06301,37.5762],[127.06143,37.5759],[127.06041,37.57545],[127.05913,37.57536],[127.05842,37.5758],[127.05866,37.57595],[127.05848,37.57616],[127.05872,37.57649],[127.05847,37.57667],[127.05882,37.57693],[127.05857,37.57754],[127.05976,37.57753],[127.05981,37.57737],[127.0602,37.57757],[127.06015,37.57771],[127.06153,37.57788],[127.06182,37.5776],[127.06284,37.57767],[127.0632,37.57791],[127.06343,37.57783],[127.06347,37.57811],[127.06451,37.57825],[127.06415,37.57741],[127.06376,37.57758],[127.06312,37.57682],[127.06301,37.5762]]]}},{"type":"Feature","properties":{"name":"고척주택재개발사업","cat":"재개발","gu":"구로구"},"geometry":{"type":"Polygon","coordinates":[[[126.86916,37.5013],[126.86907,37.50081],[126.86922,37.50051],[126.86734,37.5011],[126.86661,37.50167],[126.86759,37.50255],[126.86869,37.50207],[126.86916,37.5013]]]}},{"type":"Feature","properties":{"name":"청량리4구역주택재개발사업","cat":"재개발","gu":"동대문구"},"geometry":{"type":"Polygon","coordinates":[[[127.05002,37.58931],[127.04983,37.58913],[127.04994,37.58837],[127.0507,37.58767],[127.05096,37.58714],[127.05053,37.58721],[127.05042,37.58704],[127.05024,37.58754],[127.04888,37.58707],[127.04852,37.58722],[127.04816,37.5871],[127.04816,37.58658],[127.04723,37.58686],[127.04708,37.58726],[127.04726,37.58762],[127.04812,37.58803],[127.04836,37.58877],[127.04892,37.58915],[127.05002,37.58931]]]}},{"type":"Feature","properties":{"name":"돈암5구역주택재개발사업","cat":"재개발","gu":"성북구"},"geometry":{"type":"Polygon","coordinates":[[[127.02354,37.60146],[127.0239,37.60092],[127.02363,37.60055],[127.02237,37.5994],[127.02205,37.59951],[127.02227,37.60095],[127.02304,37.60139],[127.02323,37.60129],[127.02354,37.60146]]]}},{"type":"Feature","properties":{"name":"당산2구역주택재개발사업","cat":"재개발","gu":"영등포구"},"geometry":{"type":"Polygon","coordinates":[[[126.89319,37.524],[126.89281,37.52246],[126.89164,37.52264],[126.89192,37.52381],[126.8928,37.52372],[126.89289,37.52408],[126.89319,37.524]]]}},{"type":"Feature","properties":{"name":"답십리3-1구역주택재개발사업","cat":"재건축","gu":"동대문구"},"geometry":{"type":"Polygon","coordinates":[[[127.06111,37.57043],[127.06163,37.5718],[127.06367,37.57138],[127.06317,37.57085],[127.06289,37.57017],[127.0622,37.57012],[127.06111,37.57043]]]}},{"type":"Feature","properties":{"name":"주택재개발사업구역","cat":"재개발","gu":"양천구"},"geometry":{"type":"Polygon","coordinates":[[[126.84708,37.52078],[126.84776,37.52131],[126.84795,37.52117],[126.84725,37.52073],[126.84719,37.52044],[126.8479,37.51988],[126.84859,37.51991],[126.84846,37.51693],[126.84699,37.51745],[126.84659,37.51635],[126.84623,37.51604],[126.84617,37.51545],[126.84479,37.51556],[126.84441,37.51506],[126.84316,37.51478],[126.84306,37.51502],[126.84203,37.5147],[126.84217,37.51433],[126.84159,37.51409],[126.84099,37.51546],[126.84049,37.51525],[126.84037,37.51551],[126.84089,37.51569],[126.84043,37.51674],[126.84205,37.51724],[126.84266,37.51765],[126.84657,37.521],[126.84613,37.52133],[126.84622,37.52141],[126.84708,37.52078]],[[126.84697,37.51763],[126.84717,37.5181],[126.84606,37.51851],[126.84572,37.51807],[126.84697,37.51763]],[[126.84663,37.51944],[126.84664,37.51968],[126.84646,37.51974],[126.84657,37.51993],[126.84587,37.52027],[126.84538,37.51988],[126.84663,37.51944]]]}},{"type":"Feature","properties":{"name":"도시환경정비사업구역","cat":"재개발","gu":"중구"},"geometry":{"type":"MultiPolygon","coordinates":[[[[126.9734,37.56204],[126.97351,37.56183],[126.9734,37.56204],[126.97404,37.56213],[126.9742,37.56151],[126.97396,37.56123],[126.9736,37.56127],[126.97315,37.56193],[126.97333,37.5618],[126.97322,37.56199],[126.9734,37.56204]],[[126.97326,37.56179],[126.9733,37.5618],[126.97333,37.5618],[126.97326,37.56179]]],[[[126.9736,37.56213],[126.97338,37.56269],[126.97373,37.56277],[126.97379,37.56244],[126.97432,37.56252],[126.97436,37.56234],[126.97444,37.56254],[126.97464,37.56231],[126.9736,37.56213]]],[[[126.97411,37.56215],[126.9744,37.56219],[126.97445,37.56194],[126.97416,37.5619],[126.97411,37.56215]]],[[[126.97554,37.56299],[126.97457,37.56259],[126.97434,37.56299],[126.9754,37.56337],[126.97554,37.56299]]]]}},{"type":"Feature","properties":{"name":"북창26구역도시환경정비사업","cat":"재건축","gu":"중구"},"geometry":{"type":"Polygon","coordinates":[[[126.97834,37.5619],[126.97858,37.56171],[126.97835,37.56171],[126.97834,37.5619]]]}},{"type":"Feature","properties":{"name":"마포로5 도시정비형 재개발구역","cat":"재개발","gu":"서대문구"},"geometry":{"type":"MultiPolygon","coordinates":[[[[126.96749,37.56084],[126.9661,37.56],[126.9662,37.55988],[126.96577,37.55961],[126.96551,37.55897],[126.96408,37.55918],[126.96403,37.55931],[126.96683,37.56101],[126.9674,37.5612],[126.96749,37.56084]]],[[[126.96443,37.56126],[126.96409,37.56069],[126.96385,37.56065],[126.96356,37.55991],[126.96495,37.56064],[126.96585,37.56134],[126.96585,37.56152],[126.96649,37.56154],[126.9667,37.56138],[126.96397,37.55961],[126.96285,37.55942],[126.96275,37.55957],[126.96445,37.56232],[126.96499,37.56237],[126.96437,37.56157],[126.96443,37.56126]]],[[[126.96702,37.56215],[126.96839,37.56189],[126.96707,37.56156],[126.96702,37.56215]]],[[[126.9709,37.56297],[126.97055,37.56289],[126.97059,37.56267],[126.97121,37.56284],[126.97135,37.56255],[126.97016,37.56229],[126.97002,37.56275],[126.97033,37.56282],[126.97037,37.56311],[126.97079,37.56326],[126.9709,37.56297]]]]}},{"type":"Feature","properties":{"name":"창동상아1차아파트 재건축정비구역","cat":"정비예정구역","gu":"도봉구"},"geometry":{"type":"Polygon","coordinates":[[[127.04349,37.65417],[127.043,37.65316],[127.042,37.65341],[127.0411,37.65385],[127.04103,37.6541],[127.04187,37.65472],[127.04246,37.65476],[127.04318,37.65455],[127.04317,37.65424],[127.04349,37.65417]]]}},{"type":"Feature","properties":{"name":"석관4구역 주택재개발 정비사업","cat":"재개발","gu":"성북구"},"geometry":{"type":"Polygon","coordinates":[[[127.06186,37.60875],[127.06412,37.60916],[127.06574,37.6073],[127.06155,37.60695],[127.06124,37.60837],[127.06193,37.60849],[127.06186,37.60875]]]}},{"type":"Feature","properties":{"name":"중곡아파트 공공재건축 정비구역","cat":"정비예정구역","gu":"동대문구"},"geometry":{"type":"Polygon","coordinates":[[[127.07834,37.56721],[127.07941,37.5668],[127.07881,37.56582],[127.07841,37.56597],[127.07857,37.56632],[127.07796,37.56654],[127.07834,37.56721]]]}},{"type":"Feature","properties":{"name":"성수전략정비구역 제4주택정비형 재개발정비구역","cat":"재개발","gu":"성동구"},"geometry":{"type":"Polygon","coordinates":[[[127.06036,37.53629],[127.05962,37.53543],[127.05724,37.53451],[127.05702,37.53379],[127.05588,37.53412],[127.05632,37.53526],[127.05623,37.5355],[127.05656,37.53566],[127.05655,37.53601],[127.05669,37.53604],[127.05649,37.53641],[127.05718,37.53678],[127.05712,37.53725],[127.05738,37.53735],[127.05731,37.53774],[127.05756,37.53791],[127.0575,37.53806],[127.05867,37.53777],[127.05782,37.53763],[127.05805,37.53671],[127.05844,37.53676],[127.05846,37.53659],[127.05941,37.53678],[127.05959,37.53753],[127.06075,37.53723],[127.06036,37.53629]]]}},{"type":"Feature","properties":{"name":"신용산역 북측 재개발정비구역","cat":"재개발","gu":"용산구"},"geometry":{"type":"Polygon","coordinates":[[[126.97044,37.53369],[126.97155,37.53333],[126.96871,37.53035],[126.9687,37.53056],[126.96857,37.53042],[126.96797,37.53074],[126.96746,37.5302],[126.96681,37.53075],[126.96832,37.53147],[126.97,37.53363],[126.97035,37.53354],[126.97044,37.53369]],[[126.9697,37.53283],[126.96854,37.53139],[126.96883,37.53121],[126.96912,37.53126],[126.9695,37.53165],[126.96969,37.53154],[126.97051,37.5324],[126.9697,37.53283]]]}},{"type":"Feature","properties":{"name":"6-4-22·23 구역","cat":"재개발","gu":"중구"},"geometry":{"type":"Polygon","coordinates":[[[126.99728,37.56273],[126.99739,37.56217],[126.99628,37.56189],[126.99622,37.56237],[126.99728,37.56273]]]}},{"type":"Feature","properties":{"name":"구로7구역주택재개발사업","cat":"재개발","gu":"구로구"},"geometry":{"type":"Polygon","coordinates":[[[126.8915,37.48931],[126.89184,37.48928],[126.89231,37.4888],[126.89188,37.48898],[126.89161,37.48882],[126.89064,37.4881],[126.89083,37.48775],[126.89051,37.48752],[126.88997,37.48742],[126.8894,37.48802],[126.8915,37.48931]]]}},{"type":"Feature","properties":{"name":"성수전략정비구역 제1주택정비형 재개발정비구역","cat":"재개발","gu":"성동구"},"geometry":{"type":"Polygon","coordinates":[[[127.05144,37.53896],[127.05005,37.53581],[127.04521,37.5372],[127.0467,37.53948],[127.04612,37.53985],[127.04656,37.541],[127.05151,37.53963],[127.051,37.5392],[127.05144,37.53896]]]}},{"type":"Feature","properties":{"name":"쌍문한양1차아파트 재건축 정비구역","cat":"정비예정구역","gu":"도봉구"},"geometry":{"type":"Polygon","coordinates":[[[127.03129,37.64701],[127.03191,37.6458],[127.03143,37.64498],[127.03036,37.64514],[127.03017,37.64451],[127.02899,37.64489],[127.02891,37.64466],[127.02873,37.64475],[127.02891,37.64512],[127.02957,37.64532],[127.02976,37.64674],[127.03018,37.64718],[127.03129,37.64701]]]}},{"type":"Feature","properties":{"name":"북아현재정비촉진지구충정로·냉천구","cat":"재개발","gu":"서대문구"},"geometry":{"type":"Polygon","coordinates":[[[126.96401,37.56714],[126.96443,37.56639],[126.96271,37.56611],[126.96298,37.56589],[126.96301,37.56548],[126.9621,37.5654],[126.96161,37.56567],[126.96041,37.56579],[126.95911,37.5655],[126.959,37.56582],[126.95928,37.56625],[126.95967,37.56587],[126.96148,37.56689],[126.96265,37.56695],[126.96292,37.56679],[126.96401,37.56714]]]}},{"type":"Feature","properties":{"name":"신향빌라 재건축사업","cat":"정비예정구역","gu":"광진구"},"geometry":{"type":"Polygon","coordinates":[[[127.08737,37.56543],[127.08714,37.56541],[127.08684,37.56713],[127.08756,37.567],[127.08749,37.56676],[127.08813,37.56592],[127.08816,37.56529],[127.0868,37.56513],[127.0874,37.56528],[127.08737,37.56543]]]}},{"type":"Feature","properties":{"name":"신정재정비촉진지구","cat":"재정비촉진지구","gu":"양천구"},"geometry":{"type":"Polygon","coordinates":[[[126.85021,37.51701],[126.84925,37.51666],[126.8487,37.51673],[126.84856,37.51651],[126.84853,37.51691],[126.84843,37.51696],[126.84857,37.51595],[126.8468,37.51578],[126.84616,37.51545],[126.84479,37.51556],[126.84441,37.51506],[126.84316,37.51478],[126.84306,37.51502],[126.84203,37.5147],[126.84217,37.51433],[126.84159,37.51409],[126.84137,37.5145],[126.84089,37.51432],[126.83974,37.51695],[126.84179,37.51782],[126.8437,37.51922],[126.84701,37.52208],[126.84804,37.5224],[126.85054,37.52215],[126.85236,37.521],[126.8548,37.51552],[126.85444,37.51546],[126.85396,37.51586],[126.85183,37.51557],[126.85253,37.51568],[126.85252,37.51604],[126.85227,37.51604],[126.85226,37.5164],[126.85199,37.5164],[126.85177,37.51685],[126.85056,37.51651],[126.85021,37.51701]]]}},{"type":"Feature","properties":{"name":"북창14구역도시환경정비사업","cat":"재건축","gu":"중구"},"geometry":{"type":"Polygon","coordinates":[[[126.97893,37.56304],[126.97885,37.56364],[126.97934,37.56381],[126.98007,37.563],[126.97893,37.56304]]]}},{"type":"Feature","properties":{"name":"중학2구역 2-1지구 도시환경정비구역","cat":"재건축","gu":"종로구"},"geometry":{"type":"Polygon","coordinates":[[[126.98014,37.57574],[126.98098,37.57554],[126.98046,37.57518],[126.98011,37.5755],[126.97977,37.57516],[126.97934,37.5754],[126.98014,37.57574]]]}},{"type":"Feature","properties":{"name":"흑석재정비촉진지구","cat":"재정비촉진지구","gu":"동작구"},"geometry":{"type":"Polygon","coordinates":[[[126.9593,37.50281],[126.95989,37.50265],[126.96076,37.50321],[126.96008,37.50169],[126.96013,37.50112],[126.95952,37.50121],[126.95933,37.5006],[126.95913,37.50058],[126.95928,37.50091],[126.9586,37.50101],[126.95834,37.50124],[126.95771,37.5011],[126.95773,37.5005],[126.95708,37.50049],[126.95706,37.50117],[126.9575,37.50132],[126.95753,37.50188],[126.9569,37.5019],[126.95725,37.50259],[126.95847,37.5035],[126.95918,37.5035],[126.9593,37.50281]]]}},{"type":"Feature","properties":{"name":"세운재정비촉진지구31구역도시환경정","cat":"재건축","gu":"중구"},"geometry":{"type":"Polygon","coordinates":[[[126.99729,37.5635],[126.9976,37.56337],[126.99767,37.56283],[126.99731,37.56278],[126.99729,37.5635]]]}},{"type":"Feature","properties":{"name":"하계1구역주택재개발사업","cat":"재개발","gu":"노원구"},"geometry":{"type":"Polygon","coordinates":[[[127.067,37.62769],[127.06562,37.62913],[127.06522,37.6304],[127.06754,37.63034],[127.06794,37.62914],[127.06858,37.62883],[127.06852,37.62864],[127.06904,37.62809],[127.06836,37.62852],[127.06793,37.62812],[127.06782,37.62762],[127.067,37.62769]]]}},{"type":"Feature","properties":{"name":"남서울한양아파트주택재건축사업","cat":"정비예정구역","gu":"금천구"},"geometry":{"type":"Polygon","coordinates":[[[126.90182,37.44855],[126.90255,37.44873],[126.90261,37.44859],[126.90236,37.44853],[126.90229,37.44821],[126.90199,37.44813],[126.90184,37.44841],[126.90258,37.44631],[126.90202,37.44621],[126.90214,37.4456],[126.90141,37.44532],[126.90085,37.44598],[126.90098,37.4449],[126.9006,37.4443],[126.89904,37.4445],[126.89833,37.44609],[126.89865,37.44611],[126.89866,37.44657],[126.90014,37.44685],[126.90004,37.44676],[126.90088,37.44642],[126.90086,37.44691],[126.90107,37.44725],[126.90082,37.44743],[126.90021,37.44738],[126.90028,37.44806],[126.90047,37.44842],[126.90089,37.44847],[126.90093,37.44899],[126.90126,37.44917],[126.90172,37.44908],[126.90182,37.44855]]]}},{"type":"Feature","properties":{"name":"금호14구역주택재개발사업","cat":"재개발","gu":"성동구"},"geometry":{"type":"Polygon","coordinates":[[[127.02426,37.54506],[127.02347,37.5451],[127.02338,37.54631],[127.0231,37.54684],[127.0233,37.5473],[127.02388,37.54785],[127.02502,37.54665],[127.02426,37.54506]]]}},{"type":"Feature","properties":{"name":"북창20구역도시환경정비사업","cat":"재건축","gu":"중구"},"geometry":{"type":"Polygon","coordinates":[[[126.97859,37.56223],[126.97862,37.56243],[126.97893,37.56239],[126.97886,37.5622],[126.97859,37.56223]]]}},{"type":"Feature","properties":{"name":"신당4구역주택재개발사업","cat":"재개발","gu":"중구"},"geometry":{"type":"Polygon","coordinates":[[[127.01527,37.55622],[127.01674,37.55559],[127.0164,37.55475],[127.01683,37.55444],[127.01698,37.55408],[127.01682,37.55353],[127.01632,37.55305],[127.01548,37.5539],[127.0148,37.55408],[127.01457,37.55442],[127.01408,37.55434],[127.01351,37.55364],[127.01256,37.55393],[127.01272,37.55427],[127.01207,37.5547],[127.01247,37.55535],[127.01316,37.55514],[127.01387,37.55599],[127.01485,37.55565],[127.01527,37.55622]]]}},{"type":"Feature","properties":{"name":"창신3도시정비형 재개발구역","cat":"재개발","gu":"종로구"},"geometry":{"type":"Polygon","coordinates":[[[127.0156,37.57135],[127.01556,37.57006],[127.01252,37.57004],[127.01254,37.57074],[127.01361,37.57075],[127.01356,37.57126],[127.01403,37.57124],[127.01404,37.57146],[127.0156,37.57135]]]}},{"type":"Feature","properties":{"name":"마포로1구역 제58-1지구","cat":"재건축","gu":"마포구"},"geometry":{"type":"Polygon","coordinates":[[[126.9484,37.54395],[126.94912,37.54362],[126.94895,37.54339],[126.94824,37.54372],[126.9484,37.54395]]]}},{"type":"Feature","properties":{"name":"주택재개발사업구역","cat":"재개발","gu":"성동구"},"geometry":{"type":"Polygon","coordinates":[[[127.05088,37.56521],[127.05005,37.56492],[127.04825,37.56824],[127.04954,37.56889],[127.05169,37.56728],[127.05097,37.56667],[127.05183,37.56597],[127.05088,37.56521]]]}},{"type":"Feature","properties":{"name":"개포주공3단지 주택재건축정비사업","cat":"정비예정구역","gu":"강남구"},"geometry":{"type":"Polygon","coordinates":[[[127.06839,37.48411],[127.0698,37.48271],[127.06896,37.48212],[127.06846,37.48239],[127.06844,37.48296],[127.06793,37.48352],[127.06726,37.4833],[127.06614,37.48408],[127.06529,37.48381],[127.06466,37.48418],[127.06731,37.48597],[127.06839,37.48411]]]}},{"type":"Feature","properties":{"name":"월곡3구역주택재개발사업","cat":"재개발","gu":"강북구"},"geometry":{"type":"Polygon","coordinates":[[[127.0375,37.6127],[127.03886,37.61184],[127.038,37.61153],[127.03812,37.61019],[127.03886,37.60953],[127.0388,37.60929],[127.03758,37.60906],[127.03698,37.60847],[127.0362,37.60841],[127.03548,37.61067],[127.03602,37.61092],[127.03586,37.61098],[127.03615,37.61199],[127.0375,37.6127]]]}},{"type":"Feature","properties":{"name":"당산 제4구역 재개발구역","cat":"재개발","gu":"영등포구"},"geometry":{"type":"Polygon","coordinates":[[[126.90352,37.52809],[126.9021,37.52853],[126.90208,37.52858],[126.90259,37.52923],[126.90389,37.52887],[126.90352,37.52809]]]}},{"type":"Feature","properties":{"name":"응암제8구역주택재개발사업","cat":"재개발","gu":"은평구"},"geometry":{"type":"Polygon","coordinates":[[[126.92321,37.5933],[126.92416,37.59318],[126.92409,37.59182],[126.92496,37.58945],[126.92325,37.5889],[126.92273,37.58892],[126.92321,37.5933]]]}},{"type":"Feature","properties":{"name":"마포로2-8-1구역도시환경정비사업","cat":"재건축","gu":"마포구"},"geometry":{"type":"Polygon","coordinates":[[[126.95331,37.54606],[126.95304,37.54569],[126.95265,37.54583],[126.95295,37.54623],[126.95331,37.54606]]]}},{"type":"Feature","properties":{"name":"다동9구역도시환경정비사업","cat":"재건축","gu":"종로구"},"geometry":{"type":"Polygon","coordinates":[[[126.98129,37.56692],[126.98093,37.56693],[126.98088,37.56723],[126.98136,37.56721],[126.98129,37.56692]]]}},{"type":"Feature","properties":{"name":"마포로1구역 제34지구 도시환경정비구","cat":"재건축","gu":"마포구"},"geometry":{"type":"MultiPolygon","coordinates":[[[[126.94782,37.54066],[126.94843,37.54109],[126.94889,37.54069],[126.94817,37.54035],[126.94782,37.54066]]],[[[126.95028,37.54371],[126.95051,37.54392],[126.95036,37.5435],[126.94967,37.54382],[126.94988,37.54409],[126.94972,37.54385],[126.95028,37.54371]]]]}},{"type":"Feature","properties":{"name":"을지로3가도시정비형재개발구역제1·2지구","cat":"재건축","gu":"종로구"},"geometry":{"type":"MultiPolygon","coordinates":[[[[126.99011,37.56782],[126.98967,37.5678],[126.98966,37.56787],[126.99009,37.56796],[126.99011,37.56782]]],[[[126.98852,37.56677],[126.98845,37.56713],[126.98954,37.56717],[126.98959,37.5668],[126.98852,37.56677]]],[[[126.9887,37.5667],[126.98861,37.56659],[126.98861,37.56669],[126.9887,37.5667]]]]}},{"type":"Feature","properties":{"name":"상봉8재정비촉진구역도시환경정비사","cat":"재개발","gu":"중랑구"},"geometry":{"type":"Polygon","coordinates":[[[127.08843,37.59732],[127.0883,37.59767],[127.09086,37.59863],[127.0925,37.59887],[127.09249,37.59826],[127.08843,37.59732]]]}},{"type":"Feature","properties":{"name":"홍은15구역","cat":"재개발","gu":"서대문구"},"geometry":{"type":"Polygon","coordinates":[[[126.95128,37.59909],[126.95148,37.59843],[126.95122,37.5982],[126.95146,37.59777],[126.95152,37.59682],[126.95238,37.59657],[126.95268,37.59673],[126.95261,37.59642],[126.95205,37.59604],[126.95154,37.59595],[126.95115,37.59611],[126.95082,37.59691],[126.95056,37.59686],[126.95077,37.597],[126.9505,37.59749],[126.94975,37.5982],[126.94893,37.59853],[126.94745,37.59873],[126.94787,37.59917],[126.94851,37.59937],[126.94942,37.60134],[126.94974,37.60122],[126.94945,37.60053],[126.95045,37.60046],[126.95051,37.60022],[126.95122,37.60024],[126.95134,37.59998],[126.95119,37.59986],[126.95166,37.59947],[126.95128,37.59909]]]}},{"type":"Feature","properties":{"name":"종암1구역주택재개발사업","cat":"재개발","gu":"성북구"},"geometry":{"type":"Polygon","coordinates":[[[127.03101,37.60267],[127.03039,37.60233],[127.03009,37.60191],[127.0293,37.6018],[127.02878,37.60148],[127.02853,37.60177],[127.02914,37.60212],[127.02887,37.60279],[127.02925,37.60313],[127.02915,37.60323],[127.03007,37.60337],[127.02998,37.60364],[127.03108,37.60291],[127.03101,37.60267]]]}},{"type":"Feature","properties":{"name":"공덕7구역 주택정비형 재개발사업","cat":"재개발","gu":"마포구"},"geometry":{"type":"Polygon","coordinates":[[[126.9588,37.54848],[126.95891,37.54827],[126.95875,37.54836],[126.95826,37.54799],[126.95817,37.54784],[126.95833,37.54776],[126.95798,37.54746],[126.95717,37.54814],[126.95814,37.54929],[126.96017,37.55038],[126.96018,37.54992],[126.95989,37.54983],[126.95989,37.54959],[126.9588,37.54848]]]}},{"type":"Feature","properties":{"name":"신촌지역(마포) 2-7지구 도시정비형 재개발구","cat":"재개발","gu":"서대문구"},"geometry":{"type":"Polygon","coordinates":[[[126.93547,37.55476],[126.935,37.55457],[126.93486,37.55435],[126.93479,37.55442],[126.93519,37.55509],[126.9351,37.55478],[126.93547,37.55476]]]}},{"type":"Feature","properties":{"name":"충정1구역주택재개발사업","cat":"재개발","gu":"서대문구"},"geometry":{"type":"Polygon","coordinates":[[[126.96483,37.55898],[126.9658,37.5587],[126.96724,37.5579],[126.96717,37.55774],[126.96595,37.5577],[126.96598,37.55731],[126.96563,37.55733],[126.96559,37.5571],[126.96474,37.55667],[126.96343,37.55696],[126.96305,37.55741],[126.96305,37.5582],[126.96284,37.55805],[126.96208,37.55846],[126.96157,37.55844],[126.96179,37.55876],[126.96251,37.559],[126.96483,37.55898]]]}},{"type":"Feature","properties":{"name":"무교다동 22-2 지구","cat":"재건축","gu":"종로구"},"geometry":{"type":"Polygon","coordinates":[[[126.98187,37.56777],[126.98169,37.56751],[126.98164,37.56774],[126.98187,37.56777]]]}},{"type":"Feature","properties":{"name":"가락한라아파트주택재건축사업","cat":"정비예정구역","gu":"송파구"},"geometry":{"type":"Polygon","coordinates":[[[127.13198,37.49684],[127.13036,37.49799],[127.13212,37.49934],[127.13366,37.49852],[127.13369,37.49825],[127.13198,37.49684]]]}},{"type":"Feature","properties":{"name":"도곡개포한신아파트 주택재건축정비","cat":"정비예정구역","gu":"강남구"},"geometry":{"type":"Polygon","coordinates":[[[127.04825,37.48569],[127.04733,37.48697],[127.04943,37.48795],[127.04989,37.48783],[127.0504,37.48687],[127.04825,37.48569]]]}},{"type":"Feature","properties":{"name":"남가좌1주택재건축사업","cat":"정비예정구역","gu":"서대문구"},"geometry":{"type":"Polygon","coordinates":[[[126.92072,37.5804],[126.92169,37.5797],[126.92157,37.5796],[126.92189,37.57913],[126.92262,37.57871],[126.92115,37.57775],[126.92009,37.57795],[126.91905,37.57844],[126.91991,37.57905],[126.91997,37.57927],[126.91991,37.57955],[126.9195,37.57946],[126.9194,37.57976],[126.91867,37.5797],[126.91947,37.58027],[126.91937,37.5804],[126.91963,37.58057],[126.91953,37.58079],[126.92066,37.58101],[126.92072,37.5804]]]}},{"type":"Feature","properties":{"name":"사당1 주택재건축정비구역","cat":"정비예정구역","gu":"동작구"},"geometry":{"type":"Polygon","coordinates":[[[126.97233,37.48998],[126.97495,37.48762],[126.9741,37.48695],[126.97208,37.48889],[126.97166,37.48954],[126.97233,37.48998]]]}},{"type":"Feature","properties":{"name":"성동구 옥수동 한남하이츠아파트 주","cat":"정비예정구역","gu":"성동구"},"geometry":{"type":"Polygon","coordinates":[[[127.01551,37.54078],[127.01546,37.53988],[127.01504,37.5397],[127.0159,37.53902],[127.01566,37.53855],[127.01587,37.53821],[127.01559,37.53841],[127.01501,37.5383],[127.01479,37.53881],[127.01409,37.53882],[127.01349,37.53949],[127.01205,37.53982],[127.01157,37.54008],[127.01135,37.54059],[127.01174,37.54029],[127.01195,37.54048],[127.01334,37.54026],[127.01329,37.5404],[127.01405,37.54032],[127.01413,37.54067],[127.01551,37.54078]]]}},{"type":"Feature","properties":{"name":"장안동연립단지 주택재건축정비구역","cat":"정비예정구역","gu":"동대문구"},"geometry":{"type":"Polygon","coordinates":[[[127.07113,37.57525],[127.07098,37.57316],[127.06979,37.57324],[127.07013,37.57536],[127.07113,37.57525]]]}},{"type":"Feature","properties":{"name":"노량진5재정비촉진구역","cat":"재개발","gu":"동작구"},"geometry":{"type":"Polygon","coordinates":[[[126.93487,37.50908],[126.93482,37.51145],[126.9347,37.51234],[126.93632,37.5119],[126.93593,37.50973],[126.93598,37.50908],[126.93487,37.50908]]]}},{"type":"Feature","properties":{"name":"무교다동 23-1 지구","cat":"재건축","gu":"종로구"},"geometry":{"type":"Polygon","coordinates":[[[126.98156,37.56745],[126.98148,37.56738],[126.98146,37.56744],[126.98156,37.56745]]]}},{"type":"Feature","properties":{"name":"세운재정비촉진지구32구역도시환경정","cat":"재건축","gu":"중구"},"geometry":{"type":"Polygon","coordinates":[[[126.99833,37.56245],[126.99752,37.56221],[126.99735,37.5626],[126.9983,37.56287],[126.99833,37.56245]]]}},{"type":"Feature","properties":{"name":"만리주택재개발사업","cat":"재개발","gu":"마포구"},"geometry":{"type":"Polygon","coordinates":[[[126.96358,37.5556],[126.96431,37.55495],[126.96363,37.55414],[126.96272,37.55399],[126.96186,37.55481],[126.96214,37.55554],[126.96252,37.55593],[126.96275,37.55601],[126.96358,37.5556]]]}},{"type":"Feature","properties":{"name":"마포로5-6-2구역도시환경정비사업","cat":"재건축","gu":"서대문구"},"geometry":{"type":"Polygon","coordinates":[[[126.96604,37.5609],[126.96546,37.56047],[126.96523,37.56071],[126.96573,37.56111],[126.96604,37.5609]]]}},{"type":"Feature","properties":{"name":"누상_옥인주거환경개선사업","cat":"주거환경개선","gu":"종로구"},"geometry":{"type":"Polygon","coordinates":[[[126.96533,37.58228],[126.96627,37.58158],[126.96615,37.58142],[126.9666,37.58142],[126.96656,37.58106],[126.96702,37.581],[126.96748,37.58062],[126.9673,37.57966],[126.96643,37.57963],[126.96623,37.57954],[126.96628,37.57926],[126.96614,37.57947],[126.96578,37.57933],[126.96569,37.57955],[126.96491,37.57962],[126.9649,37.57985],[126.96439,37.5798],[126.96447,37.58011],[126.96405,37.58057],[126.96421,37.58086],[126.96408,37.58199],[126.96491,37.58182],[126.96533,37.58228]]]}},{"type":"Feature","properties":{"name":"주택재개발사업","cat":"재개발","gu":"동작구"},"geometry":{"type":"Polygon","coordinates":[[[126.9593,37.50281],[126.95989,37.50265],[126.96076,37.50321],[126.96008,37.50169],[126.96013,37.50112],[126.95952,37.50121],[126.95933,37.5006],[126.95913,37.50058],[126.95928,37.50091],[126.9586,37.50101],[126.95834,37.50124],[126.95771,37.5011],[126.95773,37.5005],[126.95708,37.50049],[126.95706,37.50117],[126.9575,37.50132],[126.95753,37.50188],[126.9569,37.5019],[126.95725,37.50259],[126.95847,37.5035],[126.95918,37.5035],[126.9593,37.50281]]]}},{"type":"Feature","properties":{"name":"도시환경정비사업구역","cat":"재개발","gu":"용산구"},"geometry":{"type":"Polygon","coordinates":[[[126.96904,37.52992],[126.97016,37.52834],[126.96935,37.52797],[126.96913,37.52683],[126.96953,37.52657],[126.96832,37.5253],[126.96848,37.5252],[126.96808,37.52476],[126.96544,37.52632],[126.96904,37.52992]]]}},{"type":"Feature","properties":{"name":"무교다동 23-3 지구","cat":"재건축","gu":"종로구"},"geometry":{"type":"Polygon","coordinates":[[[126.98172,37.56748],[126.9816,37.56733],[126.98156,37.56745],[126.98172,37.56748]]]}},{"type":"Feature","properties":{"name":"무교다동 23-4 지구","cat":"재건축","gu":"종로구"},"geometry":{"type":"Polygon","coordinates":[[[126.98172,37.56748],[126.9819,37.56742],[126.98174,37.56737],[126.98172,37.56748]]]}},{"type":"Feature","properties":{"name":"재건축사업구역","cat":"정비예정구역","gu":"영등포구"},"geometry":{"type":"Polygon","coordinates":[[[126.90653,37.48359],[126.90406,37.48356],[126.90412,37.48406],[126.9036,37.48417],[126.9038,37.48441],[126.90678,37.48451],[126.90714,37.4842],[126.90653,37.48359]]]}},{"type":"Feature","properties":{"name":"전농·답십리 재정비촉진지구","cat":"재정비촉진지구","gu":"동대문구"},"geometry":{"type":"Polygon","coordinates":[[[127.05763,37.577],[127.05688,37.56809],[127.05683,37.56792],[127.05622,37.56837],[127.05545,37.56778],[127.05079,37.57126],[127.05145,37.57182],[127.05111,37.57207],[127.05013,37.57085],[127.04599,37.57386],[127.04683,37.57491],[127.04834,37.5741],[127.04935,37.57516],[127.05004,37.57642],[127.0541,37.58145],[127.05466,37.58173],[127.05738,37.57795],[127.05763,37.577]]]}},{"type":"Feature","properties":{"name":"상계3구역주택재개발사업","cat":"재개발","gu":"노원구"},"geometry":{"type":"Polygon","coordinates":[[[127.08297,37.66764],[127.08051,37.66661],[127.07995,37.66658],[127.07872,37.6659],[127.07794,37.66598],[127.07896,37.66734],[127.0802,37.66759],[127.07994,37.66836],[127.08035,37.66849],[127.08043,37.66869],[127.08288,37.66809],[127.08297,37.66764]]]}},{"type":"Feature","properties":{"name":"길음재정비촉진지구","cat":"재정비촉진지구","gu":"성북구"},"geometry":{"type":"MultiPolygon","coordinates":[[[[127.02641,37.61269],[127.02901,37.61242],[127.02922,37.61145],[127.02913,37.60945],[127.0289,37.60895],[127.02838,37.60877],[127.02798,37.60829],[127.02822,37.60797],[127.02808,37.60747],[127.02729,37.60704],[127.02701,37.6066],[127.02595,37.60671],[127.02546,37.60588],[127.0251,37.60574],[127.02485,37.60591],[127.02383,37.60883],[127.02323,37.6087],[127.0223,37.6114],[127.02447,37.61213],[127.02518,37.61201],[127.02576,37.61214],[127.02641,37.61269]]],[[[127.01652,37.61494],[127.01753,37.61462],[127.01859,37.61378],[127.01918,37.61379],[127.0195,37.61333],[127.02032,37.61284],[127.02043,37.61255],[127.02191,37.61231],[127.02209,37.61129],[127.0241,37.60556],[127.02491,37.60437],[127.02269,37.60298],[127.02215,37.60245],[127.02206,37.60209],[127.01987,37.60247],[127.01545,37.60387],[127.01384,37.60374],[127.0131,37.60389],[127.01369,37.60569],[127.01356,37.60601],[127.01498,37.60633],[127.0158,37.60753],[127.0153,37.60835],[127.01543,37.60938],[127.01488,37.61005],[127.0152,37.61037],[127.01493,37.61132],[127.01457,37.61184],[127.01445,37.61253],[127.01459,37.61323],[127.01526,37.61466],[127.01652,37.61494]]]]}},{"type":"Feature","properties":{"name":"홍제4구역주택재개발사업","cat":"재개발","gu":"서대문구"},"geometry":{"type":"Polygon","coordinates":[[[126.9528,37.58661],[126.95307,37.58631],[126.95233,37.58597],[126.95278,37.58576],[126.9526,37.58556],[126.95275,37.58536],[126.95252,37.58542],[126.95198,37.58502],[126.95222,37.58359],[126.95176,37.58331],[126.95149,37.58338],[126.95122,37.58438],[126.95053,37.5844],[126.9508,37.5848],[126.95047,37.58531],[126.9499,37.58517],[126.94945,37.58582],[126.9485,37.585],[126.94832,37.58517],[126.94985,37.58621],[126.9528,37.58661]]]}},{"type":"Feature","properties":{"name":"잠실주공5단지아파트 재건축사업 정비구역","cat":"정비예정구역","gu":"송파구"},"geometry":{"type":"Polygon","coordinates":[[[127.09795,37.51607],[127.09772,37.51596],[127.09927,37.51379],[127.09911,37.51328],[127.09619,37.51252],[127.0928,37.51216],[127.09252,37.51231],[127.09088,37.5169],[127.09101,37.5171],[127.09549,37.5187],[127.09492,37.51938],[127.09434,37.51948],[127.09462,37.52006],[127.09565,37.5188],[127.09578,37.51889],[127.09795,37.51607]]]}},{"type":"Feature","properties":{"name":"염리주거환경개선사업","cat":"주거환경개선","gu":"마포구"},"geometry":{"type":"Polygon","coordinates":[[[126.94968,37.5523],[126.9502,37.55204],[126.95017,37.5519],[126.94987,37.55177],[126.94902,37.55196],[126.94879,37.55164],[126.94911,37.55153],[126.94905,37.55132],[126.94763,37.55108],[126.94711,37.55082],[126.94669,37.55095],[126.94702,37.5517],[126.94759,37.55185],[126.94833,37.55173],[126.9488,37.55215],[126.94968,37.5523]]]}},{"type":"Feature","properties":{"name":"가회주거환경개선사업","cat":"주거환경개선","gu":"종로구"},"geometry":{"type":"Polygon","coordinates":[[[126.98356,37.58465],[126.98477,37.58409],[126.98444,37.58367],[126.98457,37.58316],[126.98411,37.58319],[126.98402,37.58343],[126.98422,37.58348],[126.9841,37.58371],[126.98371,37.58385],[126.98343,37.58438],[126.98356,37.58465]]]}},{"type":"Feature","properties":{"name":"미공병단 부지 특별계획구역","cat":"재개발","gu":"종로구"},"geometry":{"type":"Polygon","coordinates":[[[127.0026,37.56934],[127.00546,37.56932],[127.00506,37.56889],[127.00554,37.56879],[127.00493,37.56766],[127.00373,37.56783],[127.00369,37.56765],[127.00336,37.5677],[127.00341,37.56787],[127.0024,37.56804],[127.00233,37.56882],[127.0026,37.56934]]]}},{"type":"Feature","properties":{"name":"천호6구역주택재개발사업","cat":"재개발","gu":"강동구"},"geometry":{"type":"Polygon","coordinates":[[[127.12972,37.53897],[127.13035,37.53889],[127.13044,37.53867],[127.1308,37.53861],[127.13063,37.53806],[127.13075,37.53802],[127.13025,37.53727],[127.12935,37.53749],[127.12907,37.53714],[127.12922,37.53747],[127.12898,37.53754],[127.12942,37.53789],[127.12906,37.53805],[127.12919,37.53855],[127.12972,37.53897]]]}},{"type":"Feature","properties":{"name":"마포로1-49구역도시환경정비사업","cat":"재건축","gu":"마포구"},"geometry":{"type":"Polygon","coordinates":[[[126.95256,37.54369],[126.95266,37.54411],[126.95344,37.54425],[126.95294,37.54385],[126.95256,37.54369]]]}},{"type":"Feature","properties":{"name":"마포로1-57구역도시환경정비사업","cat":"재건축","gu":"마포구"},"geometry":{"type":"Polygon","coordinates":[[[126.94741,37.54533],[126.94711,37.54501],[126.94624,37.54541],[126.94648,37.54574],[126.94741,37.54533]]]}},{"type":"Feature","properties":{"name":"도시환경정비사업구역","cat":"재개발","gu":"서대문구"},"geometry":{"type":"Polygon","coordinates":[[[126.91444,37.57026],[126.91412,37.56993],[126.91373,37.57017],[126.91386,37.57044],[126.91434,37.57059],[126.91444,37.57026]]]}},{"type":"Feature","properties":{"name":"반포1구역주택재개발사업","cat":"재개발","gu":"서초구"},"geometry":{"type":"Polygon","coordinates":[[[127.00048,37.49836],[126.99988,37.50011],[127.00032,37.50004],[127.00092,37.4996],[127.00142,37.49978],[127.0013,37.50015],[127.002,37.49994],[127.00201,37.49937],[127.00158,37.4991],[127.00168,37.49827],[127.00115,37.49836],[127.00092,37.49811],[127.00077,37.49844],[127.00048,37.49836]]]}},{"type":"Feature","properties":{"name":"서린18구역도시환경정비사업","cat":"재건축","gu":"종로구"},"geometry":{"type":"Polygon","coordinates":[[[126.97779,37.56965],[126.97779,37.57002],[126.97843,37.57002],[126.97838,37.56965],[126.97779,37.56965]]]}},{"type":"Feature","properties":{"name":"응암6구역주택재개발사업","cat":"재개발","gu":"은평구"},"geometry":{"type":"Polygon","coordinates":[[[126.9256,37.59833],[126.92559,37.59812],[126.92624,37.59797],[126.92628,37.59825],[126.92652,37.59832],[126.9273,37.59815],[126.92719,37.59778],[126.92685,37.59765],[126.92725,37.59717],[126.92715,37.59688],[126.92672,37.59665],[126.92647,37.59674],[126.92611,37.59638],[126.92571,37.59724],[126.92505,37.59733],[126.92517,37.59744],[126.92486,37.59765],[126.9256,37.59833]]]}},{"type":"Feature","properties":{"name":"구로동 주민참여형 재생사업(주거환","cat":"주거환경개선","gu":"구로구"},"geometry":{"type":"Polygon","coordinates":[[[126.88797,37.50178],[126.88907,37.50044],[126.88755,37.49965],[126.88679,37.50026],[126.88681,37.50121],[126.88797,37.50178]]]}},{"type":"Feature","properties":{"name":"장교구역 제12지구 도시환경정비사업","cat":"재개발","gu":"종로구"},"geometry":{"type":"Polygon","coordinates":[[[126.98949,37.56782],[126.98951,37.56749],[126.98907,37.56751],[126.98906,37.56781],[126.98949,37.56782]]]}},{"type":"Feature","properties":{"name":"신사동 19번지 주택재건축정비사업","cat":"정비예정구역","gu":"은평구"},"geometry":{"type":"Polygon","coordinates":[[[126.90917,37.59774],[126.9086,37.59678],[126.90811,37.59703],[126.90851,37.59782],[126.90829,37.59782],[126.90831,37.5983],[126.90782,37.59831],[126.90777,37.59876],[126.90944,37.59875],[126.90917,37.59774]]]}},{"type":"Feature","properties":{"name":"장안평 중고차매매센터 도시환경정비","cat":"재개발","gu":"동대문구"},"geometry":{"type":"Polygon","coordinates":[[[127.06666,37.55883],[127.06465,37.56002],[127.06477,37.56059],[127.06783,37.56015],[127.06666,37.55883]]]}},{"type":"Feature","properties":{"name":"용산1구역주택재개발사업","cat":"재개발","gu":"용산구"},"geometry":{"type":"MultiPolygon","coordinates":[[[[126.98812,37.54008],[126.98809,37.53939],[126.98828,37.53938],[126.98813,37.53899],[126.98722,37.53907],[126.98756,37.5401],[126.98812,37.54008]]],[[[126.98735,37.54592],[126.98713,37.54551],[126.98721,37.54507],[126.98739,37.54488],[126.98772,37.54503],[126.9883,37.5434],[126.98821,37.5426],[126.98672,37.53837],[126.9865,37.53973],[126.987,37.54107],[126.98653,37.54129],[126.98526,37.54126],[126.98528,37.54157],[126.98486,37.54218],[126.98531,37.54272],[126.98418,37.54358],[126.98444,37.54421],[126.98518,37.54473],[126.98529,37.5464],[126.98735,37.54592]]]]}},{"type":"Feature","properties":{"name":"다동11구역도시환경정비사업","cat":"재건축","gu":"종로구"},"geometry":{"type":"Polygon","coordinates":[[[126.98197,37.56839],[126.98192,37.56808],[126.98145,37.56801],[126.98124,37.56836],[126.98197,37.56839]]]}},{"type":"Feature","properties":{"name":"주택재개발사업구역","cat":"재개발","gu":"영등포구"},"geometry":{"type":"Polygon","coordinates":[[[126.90632,37.50424],[126.90398,37.50311],[126.9034,37.50398],[126.90345,37.5042],[126.90558,37.50509],[126.90632,37.50424]]]}},{"type":"Feature","properties":{"name":"마포로5-8구역도시환경정비사업","cat":"재건축","gu":"서대문구"},"geometry":{"type":"Polygon","coordinates":[[[126.9671,37.56157],[126.96707,37.56207],[126.96795,37.56205],[126.96799,37.5618],[126.9671,37.56157]]]}},{"type":"Feature","properties":{"name":"주택재개발사업구역","cat":"재개발","gu":"영등포구"},"geometry":{"type":"Polygon","coordinates":[[[126.92055,37.50402],[126.92014,37.50236],[126.9199,37.50244],[126.91988,37.50304],[126.91906,37.50326],[126.91855,37.50253],[126.91871,37.50173],[126.91857,37.50157],[126.9168,37.5014],[126.91662,37.50154],[126.91621,37.5029],[126.91639,37.50419],[126.91747,37.50401],[126.92055,37.50402]]]}},{"type":"Feature","properties":{"name":"장위9구역","cat":"재개발","gu":"성북구"},"geometry":{"type":"Polygon","coordinates":[[[127.04927,37.61663],[127.05323,37.61424],[127.0503,37.61343],[127.04908,37.61361],[127.04846,37.61488],[127.04841,37.61554],[127.04853,37.6159],[127.04927,37.61663]]]}},{"type":"Feature","properties":{"name":"국제빌딩주변 제3구역","cat":"재개발","gu":"용산구"},"geometry":{"type":"Polygon","coordinates":[[[126.96872,37.52808],[126.96928,37.52766],[126.96915,37.52678],[126.96873,37.52678],[126.96837,37.52641],[126.96811,37.52657],[126.96851,37.52695],[126.96798,37.52732],[126.96872,37.52808]]]}},{"type":"Feature","properties":{"name":"사당4구역주택재개발사업","cat":"재개발","gu":"동작구"},"geometry":{"type":"Polygon","coordinates":[[[126.97615,37.49092],[126.97637,37.49032],[126.97672,37.49015],[126.97755,37.49079],[126.97806,37.49046],[126.9783,37.49062],[126.97906,37.49027],[126.97928,37.48902],[126.97912,37.489],[126.97915,37.48866],[126.97808,37.48889],[126.97736,37.48937],[126.97699,37.48852],[126.97823,37.488],[126.97963,37.48784],[126.98013,37.48741],[126.97886,37.48684],[126.97817,37.48676],[126.97663,37.48714],[126.97567,37.48814],[126.97578,37.48824],[126.97499,37.48888],[126.9746,37.48971],[126.97403,37.49017],[126.97326,37.49024],[126.97351,37.4907],[126.97268,37.49178],[126.9729,37.49203],[126.97259,37.49241],[126.97309,37.49257],[126.97344,37.49243],[126.97405,37.49266],[126.97489,37.49227],[126.97572,37.49219],[126.97652,37.49149],[126.97615,37.49092]]]}},{"type":"Feature","properties":{"name":"불광제4주택재개발구역","cat":"재건축","gu":"은평구"},"geometry":{"type":"Polygon","coordinates":[[[126.93516,37.61282],[126.93501,37.61263],[126.93391,37.61253],[126.93333,37.61217],[126.9331,37.6124],[126.93208,37.61246],[126.93214,37.61353],[126.93357,37.61332],[126.93364,37.61364],[126.9349,37.61366],[126.93446,37.61296],[126.9347,37.61275],[126.93516,37.61282]]]}},{"type":"Feature","properties":{"name":"휘경제4주택재개발정비구역","cat":"재개발","gu":"동대문구"},"geometry":{"type":"Polygon","coordinates":[[[127.06762,37.59086],[127.06827,37.59001],[127.06765,37.58992],[127.06617,37.59021],[127.06592,37.5901],[127.0658,37.58929],[127.06513,37.58935],[127.06512,37.59019],[127.0649,37.59042],[127.06762,37.59086]]]}},{"type":"Feature","properties":{"name":"무교다동 36-2 지구","cat":"재건축","gu":"종로구"},"geometry":{"type":"Polygon","coordinates":[[[126.98157,37.56697],[126.98145,37.56688],[126.98145,37.56695],[126.98157,37.56697]]]}},{"type":"Feature","properties":{"name":"무교다동 23-6 지구","cat":"재건축","gu":"종로구"},"geometry":{"type":"Polygon","coordinates":[[[126.98194,37.56751],[126.98184,37.56734],[126.9819,37.5675],[126.98194,37.56751]]]}},{"type":"Feature","properties":{"name":"무교다동 23-8 지구","cat":"재건축","gu":"종로구"},"geometry":{"type":"Polygon","coordinates":[[[126.98176,37.56728],[126.98156,37.56715],[126.98153,37.56722],[126.98176,37.56728]]]}},{"type":"Feature","properties":{"name":"목1 주택재건축 정비구역","cat":"정비예정구역","gu":"양천구"},"geometry":{"type":"Polygon","coordinates":[[[126.86642,37.54637],[126.86711,37.54512],[126.86656,37.54465],[126.86546,37.54482],[126.86518,37.54512],[126.86502,37.54615],[126.86642,37.54637]]]}},{"type":"Feature","properties":{"name":"목동14단지 재건축 정비구역","cat":"정비예정구역","gu":"양천구"},"geometry":{"type":"Polygon","coordinates":[[[126.87014,37.51833],[126.87169,37.51585],[126.87252,37.5164],[126.87271,37.51622],[126.87403,37.51712],[126.8746,37.51657],[126.87528,37.51704],[126.87592,37.51644],[126.87543,37.51568],[126.87636,37.51514],[126.87626,37.51475],[126.87667,37.51461],[126.87641,37.51455],[126.87543,37.51344],[126.87409,37.51412],[126.87276,37.51258],[126.87093,37.512],[126.86847,37.51698],[126.87014,37.51833]]]}},{"type":"Feature","properties":{"name":"신당3구역주택재개발사업","cat":"재개발","gu":"중구"},"geometry":{"type":"Polygon","coordinates":[[[127.0121,37.55264],[127.01364,37.55099],[127.01358,37.55073],[127.01244,37.54971],[127.01257,37.5496],[127.01217,37.54942],[127.0116,37.54849],[127.01093,37.54818],[127.01059,37.54827],[127.01002,37.54791],[127.00972,37.54822],[127.00989,37.54832],[127.00962,37.54867],[127.00937,37.54859],[127.00941,37.54804],[127.00877,37.54762],[127.00889,37.54748],[127.00861,37.54689],[127.00865,37.54643],[127.00784,37.54548],[127.00674,37.54553],[127.00532,37.54684],[127.00533,37.54735],[127.00551,37.5475],[127.00683,37.54774],[127.0075,37.54848],[127.00786,37.54851],[127.00779,37.54873],[127.00814,37.54861],[127.00829,37.54941],[127.0081,37.54973],[127.00865,37.55089],[127.00856,37.55104],[127.00931,37.5517],[127.01044,37.55191],[127.01072,37.55164],[127.01213,37.55171],[127.0121,37.55264]]]}},{"type":"Feature","properties":{"name":"홍제11구역주택재개발사업","cat":"재개발","gu":"서대문구"},"geometry":{"type":"Polygon","coordinates":[[[126.9411,37.59084],[126.94163,37.59005],[126.94126,37.58983],[126.94215,37.58907],[126.94208,37.58875],[126.94276,37.58836],[126.94174,37.58789],[126.94177,37.58772],[126.94112,37.58722],[126.94091,37.58746],[126.94125,37.58788],[126.94157,37.58796],[126.94118,37.58845],[126.94096,37.58841],[126.94082,37.58883],[126.94042,37.58883],[126.94099,37.58921],[126.94009,37.59025],[126.9411,37.59084]]]}},{"type":"Feature","properties":{"name":"상계3-2구역주택재개발사업","cat":"재건축","gu":"노원구"},"geometry":{"type":"Polygon","coordinates":[[[127.08043,37.66869],[127.08285,37.66811],[127.08298,37.66766],[127.08083,37.66689],[127.08061,37.66766],[127.0802,37.66759],[127.07994,37.66836],[127.08035,37.66849],[127.08043,37.66869]]]}},{"type":"Feature","properties":{"name":"월곡2구역주택재개발사업","cat":"재개발","gu":"성북구"},"geometry":{"type":"Polygon","coordinates":[[[127.04171,37.60018],[127.04309,37.60046],[127.04294,37.59909],[127.042,37.59706],[127.04158,37.59728],[127.0411,37.59718],[127.04117,37.59923],[127.04089,37.60045],[127.04125,37.60109],[127.04171,37.60018]]]}},{"type":"Feature","properties":{"name":"전농2구역주택재개발사업","cat":"재개발","gu":"동대문구"},"geometry":{"type":"Polygon","coordinates":[[[127.04996,37.58204],[127.0504,37.58316],[127.05013,37.58239],[127.0509,37.58238],[127.05124,37.58301],[127.05099,37.58112],[127.05093,37.58174],[127.04996,37.58204]],[[127.05079,37.58187],[127.05088,37.58224],[127.05022,37.58226],[127.05009,37.58209],[127.05079,37.58187]]]}},{"type":"Feature","properties":{"name":"금호1-6구역주택재개발사업","cat":"재건축","gu":"성동구"},"geometry":{"type":"Polygon","coordinates":[[[127.03082,37.55647],[127.03114,37.55646],[127.03185,37.55602],[127.03186,37.55564],[127.03149,37.55504],[127.03101,37.55469],[127.03093,37.55485],[127.03089,37.55469],[127.02976,37.55442],[127.02955,37.55497],[127.02909,37.55501],[127.02721,37.55446],[127.02549,37.55515],[127.02538,37.55561],[127.02637,37.55582],[127.0296,37.55734],[127.03031,37.55739],[127.03031,37.55702],[127.03082,37.55647]]]}},{"type":"Feature","properties":{"name":"오금2구역주택재개발사업","cat":"재개발","gu":"송파구"},"geometry":{"type":"MultiPolygon","coordinates":[[[[127.12981,37.50904],[127.12943,37.5089],[127.12849,37.50932],[127.12859,37.50947],[127.12846,37.50953],[127.12869,37.50988],[127.12967,37.50967],[127.1301,37.50948],[127.12981,37.50904]]],[[[127.12856,37.50922],[127.12933,37.50889],[127.12903,37.50857],[127.1282,37.50891],[127.12856,37.50922]]]]}},{"type":"Feature","properties":{"name":"사당2구역주택재개발사업","cat":"재개발","gu":"동작구"},"geometry":{"type":"Polygon","coordinates":[[[126.97136,37.48802],[126.97195,37.48883],[126.97367,37.48724],[126.97374,37.48714],[126.97308,37.48697],[126.97279,37.48737],[126.97244,37.48733],[126.97461,37.48533],[126.97478,37.48494],[126.97461,37.48483],[126.97482,37.48446],[126.975,37.48446],[126.97535,37.48367],[126.97474,37.48354],[126.97414,37.48397],[126.97292,37.48601],[126.97249,37.48645],[126.97213,37.48647],[126.97227,37.48657],[126.97201,37.48683],[126.97139,37.48683],[126.97093,37.48718],[126.96931,37.4889],[126.97025,37.48879],[126.97068,37.48829],[126.97136,37.48802]]]}},{"type":"Feature","properties":{"name":"용두제4주택재개발정비사업","cat":"재개발","gu":"동대문구"},"geometry":{"type":"Polygon","coordinates":[[[127.03103,37.58006],[127.03099,37.5798],[127.03138,37.57972],[127.03115,37.57925],[127.03163,37.57917],[127.03189,37.57881],[127.03155,37.5784],[127.03041,37.57873],[127.03019,37.57989],[127.03074,37.57986],[127.03078,37.58011],[127.03103,37.58006]]]}},{"type":"Feature","properties":{"name":"7-3지구","cat":"재건축","gu":"중구"},"geometry":{"type":"Polygon","coordinates":[[[126.97864,37.55938],[126.97909,37.55945],[126.97911,37.55938],[126.97879,37.55922],[126.97864,37.55938]]]}},{"type":"Feature","properties":{"name":"남가좌8구역주택재개발사업","cat":"재개발","gu":"서대문구"},"geometry":{"type":"Polygon","coordinates":[[[126.91339,37.57292],[126.91374,37.57152],[126.91292,37.57128],[126.91292,37.57104],[126.91267,37.57092],[126.91135,37.57206],[126.91162,37.57233],[126.91178,37.57217],[126.91202,37.57231],[126.91188,37.57252],[126.91208,37.57265],[126.91339,37.57292]]]}},{"type":"Feature","properties":{"name":"대흥주택재개발정비사업","cat":"재개발","gu":"마포구"},"geometry":{"type":"MultiPolygon","coordinates":[[[[126.9421,37.54593],[126.94339,37.54566],[126.94369,37.54531],[126.94362,37.5451],[126.94386,37.54513],[126.9439,37.54483],[126.94415,37.54481],[126.94437,37.54451],[126.94387,37.54442],[126.94362,37.5442],[126.94381,37.54402],[126.94319,37.5435],[126.94322,37.54313],[126.94351,37.54292],[126.94339,37.54282],[126.93995,37.54522],[126.9406,37.54497],[126.94075,37.54519],[126.9412,37.54518],[126.94184,37.5455],[126.94176,37.54561],[126.9421,37.54593]]],[[[126.9441,37.54551],[126.94411,37.54551],[126.94411,37.5455],[126.9441,37.54551]]]]}},{"type":"Feature","properties":{"name":"신림5구역주택재개발사업","cat":"재개발","gu":"관악구"},"geometry":{"type":"Polygon","coordinates":[[[126.92988,37.47962],[126.92914,37.47997],[126.92815,37.48118],[126.92867,37.48155],[126.9303,37.47997],[126.92988,37.47962]]]}},{"type":"Feature","properties":{"name":"도시환경정비사업구역","cat":"재개발","gu":"용산구"},"geometry":{"type":"Polygon","coordinates":[[[126.96851,37.52695],[126.96811,37.52657],[126.96837,37.52641],[126.96873,37.52678],[126.96953,37.52657],[126.96832,37.5253],[126.96848,37.5252],[126.96808,37.52476],[126.96627,37.52582],[126.96634,37.52606],[126.96596,37.52686],[126.96642,37.52735],[126.96671,37.52713],[126.96714,37.52758],[126.96684,37.52761],[126.96691,37.52786],[126.96851,37.52695]]]}},{"type":"Feature","properties":{"name":"가락우성1차아파트 재건축정비구역","cat":"정비예정구역","gu":"송파구"},"geometry":{"type":"Polygon","coordinates":[[[127.1178,37.49845],[127.11827,37.49843],[127.11863,37.49804],[127.11815,37.49744],[127.11814,37.49716],[127.11837,37.49563],[127.11863,37.49561],[127.11864,37.49544],[127.11856,37.4952],[127.11831,37.49525],[127.11812,37.49471],[127.11739,37.49533],[127.11734,37.49626],[127.11705,37.49648],[127.11666,37.49731],[127.11748,37.49742],[127.1178,37.49845]]]}},{"type":"Feature","properties":{"name":"녹번제1구역 주택재개발정비사업","cat":"재개발","gu":"은평구"},"geometry":{"type":"Polygon","coordinates":[[[126.93774,37.60866],[126.93718,37.60666],[126.93744,37.60601],[126.93767,37.6059],[126.9379,37.60483],[126.93781,37.60393],[126.93732,37.60347],[126.9377,37.60317],[126.93773,37.60276],[126.93751,37.6023],[126.93776,37.60222],[126.93776,37.60204],[126.93728,37.60133],[126.9378,37.60095],[126.93798,37.60101],[126.938,37.60064],[126.9367,37.60052],[126.93667,37.60082],[126.93614,37.60064],[126.93555,37.60168],[126.93533,37.60233],[126.93559,37.60248],[126.93529,37.60259],[126.93522,37.60301],[126.93559,37.60315],[126.93549,37.60364],[126.93561,37.60374],[126.93547,37.60384],[126.93562,37.60393],[126.93499,37.60447],[126.93479,37.60508],[126.9339,37.60633],[126.93458,37.60671],[126.93465,37.60689],[126.93434,37.60705],[126.93501,37.60692],[126.93605,37.60838],[126.93774,37.60866]]]}},{"type":"Feature","properties":{"name":"성내미주아파트 주택재건축정비사업","cat":"정비예정구역","gu":"강동구"},"geometry":{"type":"Polygon","coordinates":[[[127.12776,37.52754],[127.12931,37.52682],[127.12871,37.52595],[127.12713,37.52661],[127.12776,37.52754]]]}},{"type":"Feature","properties":{"name":"마포로1구역제20지구","cat":"재건축","gu":"마포구"},"geometry":{"type":"Polygon","coordinates":[[[126.94969,37.54266],[126.94938,37.54268],[126.94974,37.54314],[126.95,37.54301],[126.94969,37.54266]]]}},{"type":"Feature","properties":{"name":"전농 제11 주택재개발정비사업","cat":"재개발","gu":"동대문구"},"geometry":{"type":"Polygon","coordinates":[[[127.05078,37.57733],[127.04935,37.57516],[127.04822,37.5758],[127.0498,37.57782],[127.05078,37.57733]]]}},{"type":"Feature","properties":{"name":"월계2구역주택재개발사업","cat":"재개발","gu":"노원구"},"geometry":{"type":"Polygon","coordinates":[[[127.06646,37.61699],[127.06744,37.61712],[127.06753,37.6166],[127.0653,37.61686],[127.06584,37.61686],[127.06589,37.61709],[127.06646,37.61699]]]}},{"type":"Feature","properties":{"name":"답십리13구역주택재개발사업","cat":"재개발","gu":"동대문구"},"geometry":{"type":"Polygon","coordinates":[[[127.05747,37.56722],[127.05861,37.56688],[127.0585,37.56684],[127.05866,37.5667],[127.05922,37.56647],[127.05737,37.56522],[127.05702,37.56522],[127.05666,37.56553],[127.05684,37.56567],[127.05666,37.56579],[127.05645,37.56568],[127.0564,37.56593],[127.0572,37.56662],[127.05747,37.56722]]]}},{"type":"Feature","properties":{"name":"동자동 제4구역 도시환경정비사업","cat":"재개발","gu":"용산구"},"geometry":{"type":"Polygon","coordinates":[[[126.97389,37.55187],[126.97387,37.55052],[126.97335,37.55045],[126.9733,37.55141],[126.97254,37.55148],[126.97266,37.55198],[126.97332,37.55197],[126.97389,37.55187]]]}},{"type":"Feature","properties":{"name":"서초진흥아파트 재건축정비사업","cat":"정비예정구역","gu":"서초구"},"geometry":{"type":"Polygon","coordinates":[[[127.02067,37.49848],[127.02106,37.49858],[127.02173,37.49792],[127.02341,37.49837],[127.02403,37.49707],[127.02169,37.49628],[127.02067,37.49848]]]}},{"type":"Feature","properties":{"name":"대치국제아파트 재건축정비구역","cat":"정비예정구역","gu":"강남구"},"geometry":{"type":"Polygon","coordinates":[[[127.05978,37.49512],[127.05934,37.49574],[127.05965,37.49612],[127.06005,37.49628],[127.06021,37.496],[127.06118,37.49628],[127.06163,37.49599],[127.05978,37.49512]]]}},{"type":"Feature","properties":{"name":"신당4-1구역주거환경개선사업","cat":"주거환경개선","gu":"중구"},"geometry":{"type":"Polygon","coordinates":[[[127.01657,37.5577],[127.01616,37.55725],[127.01567,37.55717],[127.0162,37.5579],[127.01657,37.5577]]]}},{"type":"Feature","properties":{"name":"행당동 248번지 일대 역세권활성화사업 도시정비형재？","cat":"재개발","gu":"성동구"},"geometry":{"type":"Polygon","coordinates":[[[127.03568,37.56061],[127.03642,37.55972],[127.03563,37.55972],[127.03553,37.55947],[127.03497,37.55949],[127.03508,37.5596],[127.03464,37.56017],[127.035,37.56048],[127.03515,37.56036],[127.03568,37.56061]]]}},{"type":"Feature","properties":{"name":"도시환경정비사업구역","cat":"재개발","gu":"종로구"},"geometry":{"type":"MultiPolygon","coordinates":[[[[126.98877,37.56632],[126.98865,37.56653],[126.98879,37.56654],[126.98877,37.56632]]],[[[126.99032,37.56662],[126.99077,37.56679],[126.99084,37.56642],[126.99034,37.56639],[126.99032,37.56662]]]]}},{"type":"Feature","properties":{"name":"합정재정비촉진지구1구역도시환경정","cat":"재개발","gu":"마포구"},"geometry":{"type":"Polygon","coordinates":[[[126.91362,37.54962],[126.91324,37.54994],[126.91264,37.5519],[126.91413,37.55218],[126.91512,37.55121],[126.91433,37.55015],[126.91362,37.54962]]]}},{"type":"Feature","properties":{"name":"대림3주택재건축정비구역","cat":"정비예정구역","gu":"영등포구"},"geometry":{"type":"Polygon","coordinates":[[[126.90828,37.49589],[126.90845,37.49518],[126.90764,37.49496],[126.90778,37.49465],[126.90855,37.49487],[126.90873,37.49433],[126.90857,37.49417],[126.90831,37.49438],[126.90798,37.49429],[126.90796,37.49396],[126.90736,37.49358],[126.90774,37.49334],[126.90738,37.49295],[126.9049,37.49374],[126.90712,37.49572],[126.90708,37.49545],[126.90828,37.49589]]]}},{"type":"Feature","properties":{"name":"상월곡구역주택재개발사업","cat":"재개발","gu":"성북구"},"geometry":{"type":"Polygon","coordinates":[[[127.04586,37.60943],[127.04637,37.60858],[127.04725,37.60811],[127.04733,37.60788],[127.04619,37.60723],[127.04584,37.60658],[127.04499,37.60604],[127.04445,37.60652],[127.04397,37.60757],[127.04423,37.60776],[127.04433,37.60919],[127.04473,37.60948],[127.04473,37.60925],[127.04557,37.60911],[127.04586,37.60943]]]}},{"type":"Feature","properties":{"name":"용강제2주택재개발 정비구역","cat":"재개발","gu":"마포구"},"geometry":{"type":"Polygon","coordinates":[[[126.94027,37.54328],[126.94049,37.54275],[126.94078,37.54274],[126.94287,37.54318],[126.94345,37.54268],[126.94177,37.54132],[126.94092,37.54191],[126.9401,37.54322],[126.94027,37.54328]]]}},{"type":"Feature","properties":{"name":"주거환경개선사업구역","cat":"주거환경개선","gu":"관악구"},"geometry":{"type":"Polygon","coordinates":[[[126.95147,37.48293],[126.94708,37.48335],[126.94728,37.4846],[126.94884,37.48454],[126.95006,37.48367],[126.95205,37.48356],[126.95195,37.48274],[126.95147,37.48293]]]}},{"type":"Feature","properties":{"name":"이문1구역주택재개발사업","cat":"재개발","gu":"동대문구"},"geometry":{"type":"Polygon","coordinates":[[[127.07109,37.60261],[127.07108,37.60161],[127.07026,37.60025],[127.06959,37.60085],[127.06926,37.60145],[127.06963,37.60152],[127.06972,37.6018],[127.07004,37.60179],[127.07016,37.60252],[127.07109,37.60261]]]}},{"type":"Feature","properties":{"name":"마천1구역주택재개발사업","cat":"재개발","gu":"서울시"},"geometry":{"type":"Polygon","coordinates":[[[127.1537,37.5019],[127.15502,37.5006],[127.15368,37.49962],[127.15285,37.5],[127.15304,37.50031],[127.15216,37.50098],[127.15329,37.50198],[127.1537,37.5019]]]}},{"type":"Feature","properties":{"name":"효창3구역주택재개발사업","cat":"재개발","gu":"마포구"},"geometry":{"type":"Polygon","coordinates":[[[126.95672,37.54047],[126.95752,37.54078],[126.95967,37.53982],[126.95944,37.53951],[126.95805,37.53979],[126.95672,37.54047]]]}},{"type":"Feature","properties":{"name":"영등포1-12 재정비촉진구역","cat":"재개발","gu":"영등포구"},"geometry":{"type":"Polygon","coordinates":[[[126.90665,37.52142],[126.90718,37.52131],[126.90661,37.52075],[126.90726,37.52082],[126.90731,37.52103],[126.90839,37.52087],[126.90804,37.51945],[126.90557,37.51996],[126.90522,37.5203],[126.9063,37.52064],[126.90665,37.52142]]]}},{"type":"Feature","properties":{"name":"청진5-2구역도시환경정비사업","cat":"재건축","gu":"종로구"},"geometry":{"type":"Polygon","coordinates":[[[126.98082,37.57086],[126.98024,37.57089],[126.98024,37.57117],[126.98064,37.57119],[126.98082,37.57086]]]}},{"type":"Feature","properties":{"name":"주택재개발사업구역","cat":"재개발","gu":"은평구"},"geometry":{"type":"Polygon","coordinates":[[[126.92345,37.59652],[126.92294,37.59617],[126.92332,37.59597],[126.9229,37.59519],[126.92017,37.59616],[126.92104,37.59731],[126.92345,37.59652]]]}},{"type":"Feature","properties":{"name":"마포로1-32구역도시환경정비사업","cat":"재건축","gu":"마포구"},"geometry":{"type":"Polygon","coordinates":[[[126.94702,37.54007],[126.94735,37.54001],[126.94674,37.53986],[126.94702,37.54007]]]}},{"type":"Feature","properties":{"name":"응암5구역주택재개발사업","cat":"재개발","gu":"은평구"},"geometry":{"type":"Polygon","coordinates":[[[126.92409,37.59711],[126.92366,37.5965],[126.92289,37.59677],[126.92334,37.59749],[126.92409,37.59711]]]}},{"type":"Feature","properties":{"name":"마포로1-47구역도시환경정비사업","cat":"재건축","gu":"마포구"},"geometry":{"type":"Polygon","coordinates":[[[126.95323,37.54352],[126.95299,37.54317],[126.95253,37.54352],[126.95281,37.54379],[126.95323,37.54352]]]}},{"type":"Feature","properties":{"name":"봉천8-1구역주거환경개선사업","cat":"주거환경개선","gu":"관악구"},"geometry":{"type":"Polygon","coordinates":[[[126.94089,37.48142],[126.93993,37.48177],[126.94016,37.48219],[126.94112,37.48187],[126.94089,37.48142]]]}},{"type":"Feature","properties":{"name":"구로2구역주택재개발사업","cat":"재개발","gu":"구로구"},"geometry":{"type":"Polygon","coordinates":[[[126.89472,37.49258],[126.89392,37.49281],[126.89421,37.493],[126.89397,37.49365],[126.89373,37.49359],[126.89359,37.49405],[126.89318,37.49427],[126.89391,37.49475],[126.89472,37.49258]]]}},{"type":"Feature","properties":{"name":"상도5구역주택재개발사업","cat":"재개발","gu":"동작구"},"geometry":{"type":"Polygon","coordinates":[[[126.95854,37.49416],[126.95833,37.49305],[126.95679,37.49269],[126.9565,37.49329],[126.95682,37.49342],[126.95604,37.49386],[126.95648,37.49405],[126.95759,37.49398],[126.95765,37.49415],[126.95854,37.49416]]]}},{"type":"Feature","properties":{"name":"주택정비형 재개발구역","cat":"재개발","gu":"노원구"},"geometry":{"type":"Polygon","coordinates":[[[127.08448,37.67297],[127.08431,37.67295],[127.08495,37.67257],[127.08597,37.67248],[127.08565,37.67164],[127.08587,37.67122],[127.08494,37.67042],[127.08463,37.66991],[127.08346,37.67009],[127.08329,37.66907],[127.08273,37.66843],[127.08248,37.66829],[127.08044,37.66866],[127.08036,37.66846],[127.07996,37.66834],[127.08017,37.66769],[127.07919,37.66748],[127.07961,37.66824],[127.07949,37.66833],[127.08098,37.67037],[127.08135,37.67049],[127.08143,37.67058],[127.08121,37.67058],[127.08367,37.67317],[127.08497,37.67409],[127.08518,37.67393],[127.08438,37.6731],[127.08448,37.67297]],[[127.08464,37.67156],[127.08533,37.67118],[127.08552,37.67151],[127.08474,37.67169],[127.08464,37.67156]],[[127.08352,37.67102],[127.08274,37.67109],[127.08335,37.67088],[127.08352,37.67102]]]}},{"type":"Feature","properties":{"name":"미아7구역주택재개발사업","cat":"재개발","gu":"강북구"},"geometry":{"type":"Polygon","coordinates":[[[127.01865,37.62162],[127.01923,37.62135],[127.01934,37.6215],[127.02029,37.62157],[127.02003,37.6204],[127.01842,37.62045],[127.01822,37.62107],[127.01777,37.62144],[127.01777,37.62189],[127.01866,37.62192],[127.01865,37.62162]]]}},{"type":"Feature","properties":{"name":"마포로1구역제52지구","cat":"재건축","gu":"마포구"},"geometry":{"type":"Polygon","coordinates":[[[126.95462,37.54435],[126.95441,37.54375],[126.95489,37.54238],[126.95322,37.54315],[126.95405,37.54432],[126.95462,37.54435]]]}},{"type":"Feature","properties":{"name":"정릉6구역주택재개발사업","cat":"재개발","gu":"성북구"},"geometry":{"type":"Polygon","coordinates":[[[127.00876,37.61594],[127.00854,37.61384],[127.00825,37.61385],[127.00815,37.61359],[127.00771,37.61372],[127.0074,37.61329],[127.00688,37.61357],[127.00665,37.61337],[127.00679,37.61372],[127.00647,37.6135],[127.00634,37.61457],[127.00698,37.61508],[127.0068,37.61544],[127.00728,37.61551],[127.00738,37.61533],[127.00772,37.61533],[127.00876,37.61594]]]}},{"type":"Feature","properties":{"name":"전농1구역주택재개발정비사업","cat":"재개발","gu":"동대문구"},"geometry":{"type":"Polygon","coordinates":[[[127.04967,37.57877],[127.04867,37.57749],[127.04841,37.57783],[127.04798,37.57755],[127.04746,37.5777],[127.04701,37.577],[127.04651,37.57676],[127.04592,37.57698],[127.04589,37.57711],[127.0468,37.57757],[127.04773,37.57866],[127.04967,37.57877]]]}},{"type":"Feature","properties":{"name":"신영1구역주택재개발사업","cat":"재개발","gu":"종로구"},"geometry":{"type":"Polygon","coordinates":[[[126.96283,37.60029],[126.96312,37.59963],[126.9629,37.59905],[126.96083,37.59967],[126.96112,37.59975],[126.96152,37.60026],[126.96212,37.6],[126.96283,37.60029]]]}},{"type":"Feature","properties":{"name":"소공4-4구역도시환경정비사업","cat":"재건축","gu":"중구"},"geometry":{"type":"Polygon","coordinates":[[[126.98121,37.56334],[126.98088,37.56347],[126.98102,37.56386],[126.98137,37.56377],[126.98121,37.56334]]]}},{"type":"Feature","properties":{"name":"대림3-2구역주거환경개선사업","cat":"주거환경개선","gu":"영등포구"},"geometry":{"type":"Polygon","coordinates":[[[126.89748,37.5048],[126.89792,37.50484],[126.89873,37.50418],[126.89849,37.50396],[126.89748,37.5048]]]}},{"type":"Feature","properties":{"name":"현저1구역주거환경개선사업","cat":"주거환경개선","gu":"서대문구"},"geometry":{"type":"Polygon","coordinates":[[[126.95181,37.57547],[126.95246,37.57483],[126.95159,37.57445],[126.9506,37.5748],[126.95065,37.57509],[126.95104,37.57517],[126.95109,37.57542],[126.95181,37.57547]]]}},{"type":"Feature","properties":{"name":"삼성아파트 주택재건축 정비구역","cat":"정비예정구역","gu":"영등포구"},"geometry":{"type":"Polygon","coordinates":[[[126.91041,37.49689],[126.91188,37.49678],[126.91238,37.49652],[126.91147,37.49576],[126.91055,37.49575],[126.91041,37.49689]]]}},{"type":"Feature","properties":{"name":"을지로1가6구역도시환경정비사업","cat":"재건축","gu":"종로구"},"geometry":{"type":"Polygon","coordinates":[[[126.9816,37.56664],[126.98241,37.56667],[126.98245,37.56657],[126.98204,37.56618],[126.98162,37.56615],[126.9816,37.56664]]]}},{"type":"Feature","properties":{"name":"세종로3구역도시환경정비사업","cat":"재건축","gu":"종로구"},"geometry":{"type":"Polygon","coordinates":[[[126.97638,37.57135],[126.97576,37.57125],[126.97558,37.5715],[126.97637,37.57152],[126.97638,37.57135]]]}},{"type":"Feature","properties":{"name":"무교다동 37 지구","cat":"재건축","gu":"종로구"},"geometry":{"type":"Polygon","coordinates":[[[126.98002,37.56751],[126.9799,37.56742],[126.9799,37.56755],[126.98002,37.56751]]]}},{"type":"Feature","properties":{"name":"주택재개발사업구역","cat":"재개발","gu":"용산구"},"geometry":{"type":"Polygon","coordinates":[[[126.96407,37.5396],[126.96434,37.53897],[126.96422,37.53867],[126.96243,37.53914],[126.96248,37.53928],[126.96215,37.53952],[126.96242,37.53972],[126.9626,37.5396],[126.96305,37.53993],[126.96301,37.54008],[126.96341,37.54017],[126.96337,37.54042],[126.96453,37.54069],[126.96414,37.54015],[126.96407,37.5396]]]}},{"type":"Feature","properties":{"name":"방배동427-1번지일대주택재건축사업","cat":"정비예정구역","gu":"서초구"},"geometry":{"type":"Polygon","coordinates":[[[126.98531,37.48473],[126.98612,37.48347],[126.98663,37.4837],[126.98671,37.48357],[126.98546,37.48306],[126.9854,37.48267],[126.98277,37.48279],[126.98283,37.48387],[126.98422,37.48386],[126.98432,37.48481],[126.98531,37.48473]]]}},{"type":"Feature","properties":{"name":"남대문구역 제7-1지구","cat":"재개발","gu":"중구"},"geometry":{"type":"MultiPolygon","coordinates":[[[[126.97864,37.55941],[126.97861,37.55946],[126.97864,37.55946],[126.97864,37.55941]]],[[[126.97877,37.5594],[126.97866,37.55995],[126.97919,37.55983],[126.97923,37.5595],[126.97877,37.5594]]],[[[126.97863,37.5597],[126.97866,37.55973],[126.97865,37.5597],[126.97863,37.5597]]]]}},{"type":"Feature","properties":{"name":"장안4구역주택재건축사업","cat":"정비예정구역","gu":"동대문구"},"geometry":{"type":"Polygon","coordinates":[[[127.06869,37.57246],[127.0684,37.57201],[127.06894,37.57184],[127.0688,37.57167],[127.06933,37.57145],[127.06905,37.57102],[127.06941,37.57087],[127.06775,37.56828],[127.06724,37.56823],[127.06687,37.56783],[127.06592,37.56842],[127.06681,37.56939],[127.0685,37.57247],[127.06869,37.57246]]]}},{"type":"Feature","properties":{"name":"노량진1재정비촉진구역","cat":"재개발","gu":"동작구"},"geometry":{"type":"Polygon","coordinates":[[[126.94006,37.5118],[126.94,37.50904],[126.93912,37.50904],[126.93909,37.5082],[126.93715,37.50823],[126.93616,37.50857],[126.93599,37.50885],[126.93593,37.50972],[126.93632,37.5119],[126.94006,37.5118]]]}},{"type":"Feature","properties":{"name":"국제빌딩주변 제1구역","cat":"재개발","gu":"용산구"},"geometry":{"type":"MultiPolygon","coordinates":[[[[126.96691,37.52786],[126.96782,37.52742],[126.96808,37.52753],[126.96802,37.52729],[126.96691,37.52786]]],[[[126.96942,37.528],[126.96928,37.52766],[126.9677,37.52869],[126.96904,37.52992],[126.97016,37.52834],[126.96942,37.528]]]]}},{"type":"Feature","properties":{"name":"논현종합시장정비사업","cat":"재건축","gu":"강남구"},"geometry":{"type":"Polygon","coordinates":[[[127.03471,37.50975],[127.0345,37.51018],[127.03481,37.51027],[127.03504,37.50989],[127.03471,37.50975]]]}},{"type":"Feature","properties":{"name":"홍은12구역주택재개발사업","cat":"재개발","gu":"서대문구"},"geometry":{"type":"Polygon","coordinates":[[[126.94253,37.5937],[126.942,37.59369],[126.94185,37.59324],[126.94254,37.59282],[126.94182,37.59189],[126.94138,37.59197],[126.94117,37.59398],[126.94085,37.59471],[126.94123,37.59493],[126.94198,37.5945],[126.94253,37.5937]]]}},{"type":"Feature","properties":{"name":"신정6구역주택재개발사업","cat":"재개발","gu":"양천구"},"geometry":{"type":"Polygon","coordinates":[[[126.87787,37.52402],[126.87816,37.52131],[126.87733,37.51939],[126.87667,37.51461],[126.87626,37.51475],[126.87636,37.51514],[126.87548,37.51564],[126.87598,37.51624],[126.87621,37.51893],[126.87725,37.52228],[126.87768,37.52223],[126.87741,37.52412],[126.87787,37.52402]]]}},{"type":"Feature","properties":{"name":"북창9구역도시환경정비사업","cat":"재건축","gu":"중구"},"geometry":{"type":"Polygon","coordinates":[[[126.97784,37.56296],[126.97784,37.56327],[126.97815,37.56324],[126.97819,37.5629],[126.97784,37.56296]]]}},{"type":"Feature","properties":{"name":"세운재정비촉진지구28구역도시환경정","cat":"재건축","gu":"중구"},"geometry":{"type":"Polygon","coordinates":[[[126.99627,37.56506],[126.99651,37.56564],[126.99673,37.56564],[126.99627,37.56506]]]}},{"type":"Feature","properties":{"name":"북창34구역도시환경정비사업","cat":"재건축","gu":"중구"},"geometry":{"type":"Polygon","coordinates":[[[126.97639,37.56182],[126.97661,37.56216],[126.97736,37.56211],[126.97742,37.56158],[126.97677,37.56154],[126.97639,37.56182]]]}},{"type":"Feature","properties":{"name":"문래동2·3가B 도시정비형 재개발구역","cat":"재개발","gu":"영등포구"},"geometry":{"type":"Polygon","coordinates":[[[126.89411,37.51455],[126.89446,37.51576],[126.896,37.51396],[126.89582,37.51371],[126.89608,37.51359],[126.89586,37.5133],[126.89517,37.51307],[126.89354,37.51383],[126.89371,37.51413],[126.8935,37.51429],[126.89411,37.51455]]]}},{"type":"Feature","properties":{"name":"본동2-2구역주택재개발사업","cat":"재건축","gu":"동작구"},"geometry":{"type":"Polygon","coordinates":[[[126.94902,37.50862],[126.95102,37.50789],[126.95129,37.50801],[126.95151,37.50763],[126.95035,37.50723],[126.95007,37.50664],[126.94987,37.50674],[126.9493,37.50648],[126.94906,37.50659],[126.94747,37.50626],[126.94796,37.50709],[126.94867,37.50779],[126.94856,37.50851],[126.94902,37.50862]]]}},{"type":"Feature","properties":{"name":"보문2주택재개발정비구역","cat":"재개발","gu":"성북구"},"geometry":{"type":"Polygon","coordinates":[[[127.01989,37.58562],[127.01894,37.58739],[127.01962,37.58775],[127.02017,37.58709],[127.0206,37.58591],[127.01989,37.58562]]]}},{"type":"Feature","properties":{"name":"영등포1-11재정비촉진구역","cat":"재개발","gu":"영등포구"},"geometry":{"type":"Polygon","coordinates":[[[126.90665,37.52142],[126.90647,37.52106],[126.90659,37.52103],[126.90647,37.52076],[126.90588,37.52041],[126.90522,37.5203],[126.90503,37.52048],[126.90517,37.5217],[126.90715,37.52162],[126.90713,37.52141],[126.90665,37.52142]]]}},{"type":"Feature","properties":{"name":"마포로1-19-2구역도시환경정비사업","cat":"재건축","gu":"마포구"},"geometry":{"type":"Polygon","coordinates":[[[126.95007,37.5431],[126.94969,37.54308],[126.94929,37.54326],[126.94946,37.54351],[126.95007,37.5431]]]}},{"type":"Feature","properties":{"name":"신림2구역주택재개발사업","cat":"재개발","gu":"관악구"},"geometry":{"type":"Polygon","coordinates":[[[126.92721,37.46454],[126.9281,37.462],[126.92743,37.46181],[126.9273,37.46147],[126.92849,37.46116],[126.92973,37.46113],[126.92858,37.46006],[126.92764,37.46024],[126.92526,37.46127],[126.92449,37.46311],[126.92573,37.46445],[126.92587,37.46427],[126.92607,37.46435],[126.92668,37.46485],[126.92721,37.46454]]]}},{"type":"Feature","properties":{"name":"세운재정비촉진지구6구역도시환경정","cat":"재개발","gu":"중구"},"geometry":{"type":"MultiPolygon","coordinates":[[[[126.99791,37.56649],[126.9982,37.56414],[126.99756,37.56417],[126.99719,37.56356],[126.99799,37.56319],[126.99828,37.56325],[126.99831,37.56288],[126.99736,37.56266],[126.99739,37.56217],[126.99335,37.56133],[126.99278,37.56616],[126.99584,37.56639],[126.99597,37.56497],[126.99615,37.56489],[126.99653,37.56541],[126.99645,37.56642],[126.99791,37.56649]],[[126.99633,37.56492],[126.99631,37.56434],[126.9979,37.56442],[126.998,37.56473],[126.99733,37.56471],[126.99719,37.56456],[126.99633,37.56492]]],[[[126.99628,37.56595],[126.99628,37.56595],[126.99638,37.56595],[126.99628,37.56595]]]]}},{"type":"Feature","properties":{"name":"방배 제14주택재건축 정비사업","cat":"정비예정구역","gu":"서초구"},"geometry":{"type":"Polygon","coordinates":[[[126.99122,37.48252],[126.99261,37.48042],[126.99285,37.48007],[126.99263,37.48029],[126.99169,37.48001],[126.99014,37.48208],[126.99122,37.48252]]]}},{"type":"Feature","properties":{"name":"마포로1-26구역도시환경정비사업","cat":"재건축","gu":"마포구"},"geometry":{"type":"Polygon","coordinates":[[[126.94491,37.5381],[126.94463,37.53832],[126.94516,37.53871],[126.94542,37.53842],[126.94491,37.5381]]]}},{"type":"Feature","properties":{"name":"한강로 도시환경정비사업","cat":"재개발","gu":"용산구"},"geometry":{"type":"MultiPolygon","coordinates":[[[[126.97454,37.53503],[126.97564,37.53445],[126.97536,37.5329],[126.97475,37.53247],[126.97371,37.53365],[126.97388,37.53492],[126.97454,37.53503]]],[[[126.97508,37.53524],[126.97477,37.53562],[126.97431,37.53756],[126.97487,37.53759],[126.97508,37.53524]]]]}},{"type":"Feature","properties":{"name":"홍은4-2구역주택재개발사업","cat":"재건축","gu":"서대문구"},"geometry":{"type":"Polygon","coordinates":[[[126.94416,37.60119],[126.9455,37.59982],[126.94542,37.59907],[126.94457,37.59935],[126.94429,37.5992],[126.94427,37.59897],[126.9449,37.59803],[126.94314,37.59749],[126.94308,37.59856],[126.94369,37.59955],[126.94366,37.60004],[126.94299,37.60083],[126.94416,37.60119]]]}},{"type":"Feature","properties":{"name":"마포로1-33구역도시환경정비사업","cat":"재건축","gu":"마포구"},"geometry":{"type":"Polygon","coordinates":[[[126.94806,37.54031],[126.94759,37.54006],[126.94738,37.5402],[126.94782,37.54066],[126.94806,37.54031]]]}},{"type":"Feature","properties":{"name":"마포로1-34구역도시환경정비사업","cat":"재건축","gu":"마포구"},"geometry":{"type":"Polygon","coordinates":[[[126.94817,37.54035],[126.94782,37.54066],[126.94843,37.54109],[126.94889,37.54069],[126.94817,37.54035]]]}},{"type":"Feature","properties":{"name":"가재울뉴타운2구역","cat":"재개발","gu":"서대문구"},"geometry":{"type":"Polygon","coordinates":[[[126.91523,37.57702],[126.91581,37.57656],[126.91655,37.5767],[126.91646,37.57618],[126.91667,37.57507],[126.91435,37.57531],[126.91491,37.57609],[126.91523,37.57702]]]}},{"type":"Feature","properties":{"name":"원서주거환경개선사업","cat":"주거환경개선","gu":"종로구"},"geometry":{"type":"Polygon","coordinates":[[[126.98823,37.58344],[126.98817,37.58313],[126.98872,37.58297],[126.9887,37.58271],[126.9889,37.58276],[126.98883,37.5822],[126.98929,37.58205],[126.98925,37.58168],[126.989,37.58147],[126.9893,37.58135],[126.98929,37.5811],[126.98876,37.58113],[126.9887,37.58095],[126.98885,37.5798],[126.98837,37.57984],[126.98805,37.58143],[126.98848,37.58155],[126.98831,37.58223],[126.98816,37.58226],[126.98815,37.58284],[126.98767,37.58286],[126.98767,37.58377],[126.9881,37.58371],[126.98823,37.58344]]]}},{"type":"Feature","properties":{"name":"거여2재정비촉진구역 2지구","cat":"재건축","gu":"송파구"},"geometry":{"type":"Polygon","coordinates":[[[127.15018,37.49542],[127.15242,37.49306],[127.15121,37.49282],[127.14936,37.49293],[127.14898,37.49334],[127.14769,37.49339],[127.14756,37.4936],[127.14853,37.49399],[127.15018,37.49542]]]}},{"type":"Feature","properties":{"name":"동작동 58-1번지 일대 주택재건축 정비","cat":"정비예정구역","gu":"동작구"},"geometry":{"type":"Polygon","coordinates":[[[126.97886,37.4959],[126.97932,37.49531],[126.9792,37.49507],[126.97974,37.4947],[126.98121,37.49457],[126.98167,37.49479],[126.98179,37.49508],[126.98246,37.49487],[126.98244,37.49375],[126.98145,37.49383],[126.98035,37.49357],[126.97948,37.49407],[126.97956,37.49428],[126.97936,37.49448],[126.97814,37.49462],[126.97752,37.49492],[126.97823,37.49591],[126.97886,37.4959]]]}},{"type":"Feature","properties":{"name":"응봉1구역주거환경개선사업","cat":"주거환경개선","gu":"성동구"},"geometry":{"type":"Polygon","coordinates":[[[127.02952,37.55387],[127.03134,37.55289],[127.0319,37.55293],[127.03155,37.55224],[127.03071,37.55208],[127.03007,37.55143],[127.02933,37.55233],[127.02916,37.55221],[127.02904,37.55242],[127.02901,37.55274],[127.02956,37.55326],[127.02952,37.55387]]]}},{"type":"Feature","properties":{"name":"마포로4-8구역도시환경정비사업","cat":"재건축","gu":"서대문구"},"geometry":{"type":"Polygon","coordinates":[[[126.9653,37.56257],[126.96459,37.56256],[126.96504,37.56326],[126.96551,37.56319],[126.96557,37.56292],[126.9653,37.56257]]]}},{"type":"Feature","properties":{"name":"신당 제8구역 주택재개발정비사업","cat":"재개발","gu":"중구"},"geometry":{"type":"Polygon","coordinates":[[[127.01415,37.56001],[127.0162,37.55925],[127.01708,37.55929],[127.01555,37.55712],[127.0162,37.55722],[127.01655,37.55755],[127.01697,37.55728],[127.01649,37.55741],[127.0166,37.5568],[127.01685,37.55677],[127.01675,37.5564],[127.01645,37.55649],[127.01605,37.556],[127.01527,37.55622],[127.01503,37.55643],[127.01499,37.55687],[127.01453,37.55707],[127.0154,37.55854],[127.01471,37.55869],[127.01422,37.55911],[127.01346,37.55941],[127.01376,37.55992],[127.01405,37.55983],[127.01415,37.56001]]]}},{"type":"Feature","properties":{"name":"이화1구역주택재개발사업","cat":"재개발","gu":"종로구"},"geometry":{"type":"Polygon","coordinates":[[[127.008,37.57834],[127.00841,37.57712],[127.00755,37.57679],[127.00728,37.57717],[127.00692,37.57722],[127.00681,37.57782],[127.00702,37.57778],[127.00721,37.57831],[127.00735,37.57796],[127.00772,37.57796],[127.008,37.57834]]]}},{"type":"Feature","properties":{"name":"고척동 한효아파트 재건축정비구역","cat":"정비예정구역","gu":"구로구"},"geometry":{"type":"Polygon","coordinates":[[[126.86197,37.50157],[126.8627,37.50138],[126.86276,37.50156],[126.86317,37.50081],[126.86065,37.50118],[126.86089,37.50218],[126.86195,37.50183],[126.86197,37.50157]]]}},{"type":"Feature","properties":{"name":"도림제16주택재개발정비구역","cat":"재개발","gu":"영등포구"},"geometry":{"type":"Polygon","coordinates":[[[126.90113,37.51127],[126.90219,37.50921],[126.90078,37.50869],[126.90039,37.50924],[126.89996,37.50906],[126.89889,37.51074],[126.89978,37.51166],[126.90038,37.51093],[126.90113,37.51127]]]}},{"type":"Feature","properties":{"name":"대조1 주택재개발 정비구역","cat":"재개발","gu":"은평구"},"geometry":{"type":"Polygon","coordinates":[[[126.92677,37.61123],[126.92475,37.60948],[126.92404,37.60914],[126.92372,37.60949],[126.92314,37.60968],[126.92298,37.6094],[126.92234,37.60973],[126.92176,37.60957],[126.9215,37.60973],[126.92191,37.61103],[126.92452,37.61337],[126.92556,37.61243],[126.92509,37.61214],[126.92521,37.6119],[126.92558,37.6116],[126.92594,37.61166],[126.92606,37.61128],[126.92677,37.61123]]]}},{"type":"Feature","properties":{"name":"천호5구역주택재개발사업","cat":"재개발","gu":"강동구"},"geometry":{"type":"Polygon","coordinates":[[[127.12538,37.54181],[127.12656,37.54138],[127.12624,37.5408],[127.12545,37.54105],[127.12538,37.54181]]]}},{"type":"Feature","properties":{"name":"천호8 재정비촉진구역","cat":"재개발","gu":"강동구"},"geometry":{"type":"Polygon","coordinates":[[[127.13051,37.53881],[127.13142,37.53836],[127.13085,37.53721],[127.13028,37.53743],[127.13075,37.53802],[127.13063,37.53806],[127.1308,37.53856],[127.13044,37.53867],[127.13051,37.53881]]]}},{"type":"Feature","properties":{"name":"이문4재정비촉진구역","cat":"재개발","gu":"동대문구"},"geometry":{"type":"Polygon","coordinates":[[[127.06725,37.59778],[127.06765,37.59778],[127.06776,37.59673],[127.06703,37.59658],[127.06735,37.59584],[127.06735,37.59531],[127.06764,37.59506],[127.06797,37.59536],[127.06841,37.59376],[127.06467,37.59459],[127.0649,37.59516],[127.06356,37.59576],[127.06378,37.59614],[127.06431,37.5959],[127.06464,37.59623],[127.06506,37.59604],[127.06541,37.59655],[127.06468,37.59742],[127.06622,37.59952],[127.06736,37.60152],[127.06764,37.59804],[127.06725,37.59804],[127.06725,37.59778]]]}},{"type":"Feature","properties":{"name":"현석주택재개발사업","cat":"재개발","gu":"마포구"},"geometry":{"type":"Polygon","coordinates":[[[126.93214,37.54406],[126.93399,37.54384],[126.93408,37.54264],[126.93148,37.54319],[126.93088,37.54349],[126.9319,37.54378],[126.93214,37.54406]]]}},{"type":"Feature","properties":{"name":"대방1구역주택재건축사업","cat":"정비예정구역","gu":"동작구"},"geometry":{"type":"Polygon","coordinates":[[[126.92396,37.49889],[126.92259,37.49892],[126.92257,37.49975],[126.92403,37.49972],[126.92396,37.49889]]]}},{"type":"Feature","properties":{"name":"을지로3가 도시정비형 재개발구역 제10지구","cat":"재건축","gu":"종로구"},"geometry":{"type":"Polygon","coordinates":[[[126.9914,37.56719],[126.99156,37.5669],[126.99089,37.5669],[126.99091,37.56723],[126.9914,37.56719]]]}},{"type":"Feature","properties":{"name":"주거지형재정비촉진지구","cat":"재정비촉진지구","gu":"강북구"},"geometry":{"type":"Polygon","coordinates":[[[127.02191,37.61248],[127.02191,37.61233],[127.0204,37.6126],[127.02034,37.61286],[127.01952,37.61332],[127.01923,37.6138],[127.01848,37.61381],[127.01754,37.61462],[127.0169,37.61484],[127.01652,37.61494],[127.01443,37.61468],[127.0134,37.61555],[127.01213,37.61601],[127.01183,37.61632],[127.01141,37.61644],[127.01095,37.61629],[127.01015,37.6168],[127.00993,37.61777],[127.00946,37.6182],[127.00864,37.61854],[127.01006,37.6193],[127.01239,37.62018],[127.01847,37.61989],[127.01756,37.61894],[127.01763,37.61883],[127.02119,37.61865],[127.0221,37.61536],[127.0219,37.61253],[127.02214,37.61253],[127.02235,37.61492],[127.02225,37.61591],[127.02164,37.61793],[127.02256,37.61787],[127.02286,37.6188],[127.02552,37.618],[127.0289,37.61643],[127.02882,37.61401],[127.02842,37.61401],[127.02852,37.61317],[127.02826,37.61295],[127.02845,37.61251],[127.02643,37.61269],[127.02574,37.61214],[127.02519,37.61201],[127.02456,37.61214],[127.0225,37.61137],[127.02227,37.61141],[127.02214,37.61248],[127.02191,37.61248]]]}},{"type":"Feature","properties":{"name":"대림3-1구역주거환경개선사업","cat":"주거환경개선","gu":"구로구"},"geometry":{"type":"Polygon","coordinates":[[[126.89546,37.49616],[126.89577,37.49543],[126.89535,37.49512],[126.89526,37.49547],[126.89483,37.49573],[126.89469,37.49621],[126.89503,37.49649],[126.89513,37.49621],[126.89546,37.49616]]]}},{"type":"Feature","properties":{"name":"신길2-3구역주택재개발사업","cat":"재건축","gu":"영등포구"},"geometry":{"type":"Polygon","coordinates":[[[126.91371,37.50858],[126.91451,37.50854],[126.91474,37.50786],[126.91512,37.50768],[126.91524,37.50634],[126.9151,37.50627],[126.91596,37.50581],[126.91607,37.50524],[126.91568,37.50462],[126.91588,37.50457],[126.91575,37.50434],[126.91428,37.50472],[126.91426,37.50491],[126.91286,37.50535],[126.9131,37.50562],[126.91441,37.50518],[126.91443,37.50542],[126.91469,37.50538],[126.91486,37.50561],[126.91505,37.50638],[126.91287,37.50737],[126.91252,37.50777],[126.91369,37.50773],[126.91427,37.5081],[126.91371,37.50858]],[[126.91426,37.50491],[126.91426,37.50491],[126.91426,37.50491],[126.91426,37.50491]]]}},{"type":"Feature","properties":{"name":"주택재개발사업구역","cat":"재개발","gu":"영등포구"},"geometry":{"type":"Polygon","coordinates":[[[126.91357,37.50176],[126.91186,37.50259],[126.91337,37.50386],[126.91349,37.5037],[126.91503,37.50375],[126.91357,37.50176]]]}},{"type":"Feature","properties":{"name":"마포로1구역 제51지구","cat":"재건축","gu":"마포구"},"geometry":{"type":"Polygon","coordinates":[[[126.95236,37.54482],[126.95222,37.54456],[126.95185,37.54473],[126.95203,37.54498],[126.95236,37.54482]]]}},{"type":"Feature","properties":{"name":"오류3구역주택재개발사업","cat":"재개발","gu":"구로구"},"geometry":{"type":"Polygon","coordinates":[[[126.83981,37.49847],[126.83935,37.49766],[126.83844,37.49843],[126.83921,37.49902],[126.83981,37.49847]]]}},{"type":"Feature","properties":{"name":"도봉동 안골마을 관리형 주거환경개","cat":"주거환경개선","gu":"도봉구"},"geometry":{"type":"Polygon","coordinates":[[[127.04107,37.69151],[127.04213,37.69098],[127.04192,37.69087],[127.04184,37.6901],[127.04162,37.68978],[127.04131,37.6897],[127.04149,37.68956],[127.04107,37.68971],[127.04098,37.68949],[127.04189,37.68931],[127.04259,37.68895],[127.04231,37.68888],[127.04175,37.68927],[127.04126,37.68889],[127.0408,37.68882],[127.04103,37.68921],[127.04048,37.68952],[127.04062,37.68989],[127.04015,37.68985],[127.04046,37.69],[127.04044,37.69018],[127.0409,37.6903],[127.04088,37.69076],[127.04109,37.69098],[127.04021,37.69126],[127.04107,37.69151]]]}},{"type":"Feature","properties":{"name":"한양3차아파트 재건축 정비구역","cat":"정비예정구역","gu":"송파구"},"geometry":{"type":"Polygon","coordinates":[[[127.12408,37.50618],[127.12299,37.50553],[127.1213,37.5062],[127.12161,37.50669],[127.12232,37.5064],[127.12257,37.5068],[127.12408,37.50618]]]}},{"type":"Feature","properties":{"name":"무교다동 24-2 지구","cat":"재건축","gu":"종로구"},"geometry":{"type":"Polygon","coordinates":[[[126.98189,37.56711],[126.98163,37.56695],[126.9816,37.56703],[126.98189,37.56711]]]}},{"type":"Feature","properties":{"name":"도시환경정비사업구역","cat":"재개발","gu":"종로구"},"geometry":{"type":"Polygon","coordinates":[[[126.97554,37.56988],[126.97571,37.56938],[126.97493,37.5692],[126.97269,37.56926],[126.97242,37.56883],[126.97255,37.56847],[126.97192,37.56829],[126.97167,37.56835],[126.97151,37.56871],[126.97109,37.56881],[126.97068,37.56859],[126.97034,37.56891],[126.9721,37.56995],[126.97554,37.56988]]]}},{"type":"Feature","properties":{"name":"길음도시환경정비사업","cat":"재개발","gu":"성북구"},"geometry":{"type":"Polygon","coordinates":[[[127.02718,37.60682],[127.02749,37.60644],[127.02527,37.60458],[127.02502,37.60461],[127.02467,37.60508],[127.02507,37.60536],[127.02455,37.60575],[127.02537,37.60579],[127.02595,37.60671],[127.02694,37.60658],[127.02718,37.60682]]]}},{"type":"Feature","properties":{"name":"도시환경정비사업구역","cat":"재개발","gu":"종로구"},"geometry":{"type":"MultiPolygon","coordinates":[[[[126.99195,37.56647],[126.99093,37.56642],[126.99094,37.5668],[126.99191,37.56685],[126.99195,37.56647]]],[[[126.98886,37.5667],[126.98881,37.56655],[126.9888,37.5667],[126.98886,37.5667]]],[[[126.98856,37.56642],[126.98845,37.56631],[126.98845,37.56642],[126.98856,37.56642]]]]}},{"type":"Feature","properties":{"name":"마포로1-5구역도시환경정비사업","cat":"재건축","gu":"마포구"},"geometry":{"type":"Polygon","coordinates":[[[126.94641,37.54075],[126.94598,37.54042],[126.9455,37.54077],[126.94588,37.54112],[126.94641,37.54075]]]}},{"type":"Feature","properties":{"name":"도렴16구역도시환경정비사업","cat":"재건축","gu":"종로구"},"geometry":{"type":"Polygon","coordinates":[[[126.97392,37.57256],[126.97376,37.57284],[126.97404,37.57295],[126.97426,37.57263],[126.97392,37.57256]]]}},{"type":"Feature","properties":{"name":"신림7 주택정비형 재개발사업","cat":"재개발","gu":"관악구"},"geometry":{"type":"Polygon","coordinates":[[[126.91702,37.46361],[126.91716,37.46403],[126.91797,37.46376],[126.91854,37.46322],[126.91884,37.46339],[126.91884,37.46297],[126.91762,37.46267],[126.91704,37.4622],[126.91647,37.46201],[126.9155,37.46119],[126.91527,37.45988],[126.91484,37.45986],[126.91476,37.46068],[126.91517,37.46241],[126.91467,37.46266],[126.91395,37.46352],[126.91614,37.46421],[126.91702,37.46361]]]}},{"type":"Feature","properties":{"name":"장위재정비촉진지구","cat":"재정비촉진지구","gu":"성북구"},"geometry":{"type":"Polygon","coordinates":[[[127.04761,37.60613],[127.04742,37.60784],[127.04725,37.60811],[127.04637,37.60858],[127.04618,37.60904],[127.04644,37.60908],[127.04743,37.61041],[127.04634,37.61058],[127.04638,37.61162],[127.04544,37.61147],[127.04531,37.61165],[127.04389,37.61162],[127.04386,37.61191],[127.04363,37.61191],[127.04305,37.61147],[127.0416,37.61166],[127.04075,37.61209],[127.03993,37.61197],[127.03953,37.61167],[127.04,37.61205],[127.04116,37.61217],[127.04092,37.61243],[127.04034,37.61252],[127.04026,37.61274],[127.04049,37.61398],[127.04068,37.61408],[127.04031,37.61436],[127.04311,37.61397],[127.04611,37.61394],[127.04908,37.61361],[127.04846,37.61488],[127.04841,37.61554],[127.04869,37.61609],[127.04936,37.61663],[127.04474,37.61935],[127.04572,37.62113],[127.04727,37.61922],[127.04841,37.61993],[127.04703,37.62132],[127.04831,37.62215],[127.05073,37.62291],[127.05163,37.62194],[127.05189,37.622],[127.05374,37.62005],[127.05621,37.61844],[127.05688,37.61754],[127.05699,37.6177],[127.05821,37.6168],[127.06075,37.6155],[127.06145,37.61464],[127.06298,37.61431],[127.06157,37.61355],[127.06049,37.61403],[127.05792,37.61254],[127.05811,37.61233],[127.05728,37.61216],[127.05619,37.61149],[127.05516,37.61245],[127.05373,37.61173],[127.05369,37.61187],[127.0507,37.61126],[127.05067,37.61154],[127.04947,37.6113],[127.04936,37.61119],[127.04973,37.60964],[127.04986,37.60923],[127.05013,37.60912],[127.05008,37.60868],[127.05092,37.60786],[127.04761,37.60613]]]}},{"type":"Feature","properties":{"name":"옥수12구역주택재개발사업","cat":"재개발","gu":"성동구"},"geometry":{"type":"Polygon","coordinates":[[[127.01564,37.54593],[127.01562,37.54523],[127.01642,37.54523],[127.01644,37.54492],[127.01482,37.5439],[127.01364,37.54353],[127.01351,37.54385],[127.01255,37.54404],[127.01231,37.54447],[127.01148,37.54488],[127.01177,37.54504],[127.01171,37.54556],[127.01205,37.54547],[127.01307,37.54633],[127.01415,37.54691],[127.01506,37.54657],[127.01564,37.54593]]]}},{"type":"Feature","properties":{"name":"전농 재정비촉진구역(도시정비형 재개발사업)","cat":"재개발","gu":"동대문구"},"geometry":{"type":"Polygon","coordinates":[[[127.04872,37.57768],[127.04771,37.57641],[127.04744,37.57624],[127.04571,37.57708],[127.0468,37.57757],[127.04781,37.57867],[127.0474,37.57817],[127.04872,37.57768]],[[127.04772,37.5765],[127.04773,37.57677],[127.04752,37.57651],[127.04772,37.5765]]]}},{"type":"Feature","properties":{"name":"마포로1-18구역도시환경정비사업","cat":"재건축","gu":"마포구"},"geometry":{"type":"Polygon","coordinates":[[[126.94919,37.54226],[126.94894,37.54208],[126.94869,37.5423],[126.94887,37.54267],[126.9492,37.54254],[126.94919,37.54226]]]}},{"type":"Feature","properties":{"name":"주거환경개선사업","cat":"주거환경개선","gu":"도봉구"},"geometry":{"type":"Polygon","coordinates":[[[127.05024,37.679],[127.04847,37.67377],[127.04795,37.66956],[127.04741,37.66998],[127.04696,37.66959],[127.04671,37.66974],[127.04694,37.67007],[127.04684,37.67098],[127.04721,37.67263],[127.04838,37.67494],[127.0481,37.67522],[127.04872,37.67588],[127.04917,37.67699],[127.04934,37.67703],[127.04962,37.67824],[127.04941,37.67828],[127.04947,37.6785],[127.04971,37.67845],[127.04985,37.67924],[127.05024,37.679]]]}},{"type":"Feature","properties":{"name":"건우3차아파트주택재건축사업","cat":"정비예정구역","gu":"강서구"},"geometry":{"type":"Polygon","coordinates":[[[126.82126,37.57093],[126.82138,37.57071],[126.82256,37.57066],[126.82235,37.56914],[126.82081,37.5698],[126.82109,37.57055],[126.82099,37.57084],[126.82126,37.57093]]]}},{"type":"Feature","properties":{"name":"금호 제21 주택정비형 재개발구역","cat":"재개발","gu":"성동구"},"geometry":{"type":"Polygon","coordinates":[[[127.02584,37.55005],[127.02581,37.54847],[127.02538,37.54819],[127.02356,37.54827],[127.02361,37.54865],[127.02256,37.54892],[127.02136,37.54889],[127.02145,37.5491],[127.02194,37.54925],[127.02265,37.55006],[127.02237,37.55071],[127.02243,37.55102],[127.02375,37.55076],[127.02529,37.54996],[127.02584,37.55005]]]}},{"type":"Feature","properties":{"name":"결합정비구역","cat":"정비구역","gu":"성북구"},"geometry":{"type":"MultiPolygon","coordinates":[[[[127.02963,37.60672],[127.02963,37.60621],[127.03054,37.60621],[127.03052,37.60437],[127.02906,37.60479],[127.02786,37.6049],[127.02684,37.6046],[127.02598,37.60386],[127.02557,37.60407],[127.02595,37.60466],[127.02684,37.60539],[127.02739,37.60503],[127.02759,37.60519],[127.02778,37.60551],[127.02731,37.60579],[127.0278,37.60622],[127.02921,37.60621],[127.02921,37.60672],[127.02963,37.60672]]],[[[126.992,37.59425],[126.99268,37.59403],[126.99299,37.59419],[126.99324,37.59399],[126.99386,37.59419],[126.99406,37.59353],[126.99396,37.59296],[126.99442,37.5925],[126.99425,37.59225],[126.99352,37.59194],[126.99374,37.59166],[126.99215,37.59205],[126.99127,37.59155],[126.99093,37.5921],[126.99008,37.59201],[126.98979,37.59273],[126.98928,37.59264],[126.98975,37.59279],[126.98995,37.59309],[126.99055,37.59303],[126.99072,37.59324],[126.99152,37.59336],[126.99132,37.59404],[126.99151,37.59408],[126.99142,37.59421],[126.99175,37.59406],[126.992,37.59425]]]]}},{"type":"Feature","properties":{"name":"창신2도시정비형 재개발구역 2-2","cat":"재개발","gu":"종로구"},"geometry":{"type":"Polygon","coordinates":[[[127.01349,37.57221],[127.01354,37.57174],[127.01331,37.57183],[127.01322,37.57167],[127.01274,37.57198],[127.01349,37.57221]]]}},{"type":"Feature","properties":{"name":"창신1도시정비형 재개발구역 1-9","cat":"재개발","gu":"종로구"},"geometry":{"type":"Polygon","coordinates":[[[127.01254,37.57108],[127.0125,37.57074],[127.01187,37.57073],[127.01154,37.571],[127.01254,37.57108]]]}},{"type":"Feature","properties":{"name":"저동도시환경정비사업","cat":"재개발","gu":"종로구"},"geometry":{"type":"Polygon","coordinates":[[[126.98976,37.56551],[126.98916,37.56525],[126.98783,37.56527],[126.98785,37.56603],[126.98961,37.56608],[126.98976,37.56551]]]}},{"type":"Feature","properties":{"name":"마포로4-3-1-2구역도시환경정비사업","cat":"재건축","gu":"서대문구"},"geometry":{"type":"Polygon","coordinates":[[[126.96243,37.55998],[126.96197,37.55972],[126.96198,37.56011],[126.96243,37.55998]]]}},{"type":"Feature","properties":{"name":"북창27구역도시환경정비사업","cat":"재건축","gu":"중구"},"geometry":{"type":"Polygon","coordinates":[[[126.97858,37.56171],[126.97856,37.56216],[126.97885,37.56214],[126.97888,37.56181],[126.97858,37.56171]]]}},{"type":"Feature","properties":{"name":"북창3구역도시환경정비사업","cat":"재건축","gu":"중구"},"geometry":{"type":"Polygon","coordinates":[[[126.97811,37.5637],[126.97814,37.56335],[126.97787,37.56332],[126.97792,37.56371],[126.97811,37.5637]]]}},{"type":"Feature","properties":{"name":"거여·마천 재정비촉진지구","cat":"재정비촉진지구","gu":"송파구"},"geometry":{"type":"Polygon","coordinates":[[[127.15793,37.49345],[127.15878,37.4926],[127.15848,37.49205],[127.15824,37.49061],[127.15722,37.48993],[127.15712,37.49052],[127.15248,37.49293],[127.15095,37.49248],[127.15031,37.49202],[127.15065,37.49143],[127.14986,37.49063],[127.14845,37.49005],[127.14754,37.49089],[127.14654,37.49128],[127.14552,37.49127],[127.14412,37.49198],[127.14475,37.49311],[127.14462,37.49326],[127.14568,37.49561],[127.14491,37.49621],[127.14579,37.49668],[127.14647,37.49739],[127.14809,37.50097],[127.14882,37.50197],[127.1512,37.5015],[127.15222,37.50106],[127.1537,37.50232],[127.15358,37.50201],[127.15502,37.5006],[127.15422,37.50001],[127.15565,37.498],[127.15437,37.49777],[127.15429,37.49739],[127.15576,37.49775],[127.15582,37.49738],[127.15638,37.49666],[127.15719,37.49593],[127.15691,37.495],[127.15762,37.49454],[127.15793,37.49345]]]}},{"type":"Feature","properties":{"name":"마천3재정비촉진구역","cat":"재개발","gu":"송파구"},"geometry":{"type":"MultiPolygon","coordinates":[[[[127.15576,37.49775],[127.15582,37.49738],[127.15638,37.49666],[127.15719,37.49593],[127.15691,37.495],[127.15762,37.49454],[127.15793,37.49345],[127.15878,37.4926],[127.15848,37.49205],[127.15816,37.49051],[127.15664,37.49208],[127.15557,37.49442],[127.15482,37.49529],[127.15427,37.49663],[127.15435,37.49738],[127.15576,37.49775]]],[[[127.15808,37.49045],[127.15712,37.48994],[127.15708,37.49071],[127.15747,37.49095],[127.15808,37.49045]]]]}},{"type":"Feature","properties":{"name":"주택재개발사업구역","cat":"재개발","gu":"강북구"},"geometry":{"type":"Polygon","coordinates":[[[127.02641,37.61269],[127.02901,37.61242],[127.0292,37.61152],[127.02854,37.61144],[127.02852,37.6111],[127.02853,37.61051],[127.02882,37.61046],[127.0288,37.61018],[127.02908,37.60999],[127.02915,37.60952],[127.0289,37.60895],[127.02731,37.60977],[127.02591,37.60936],[127.02588,37.60969],[127.0262,37.61029],[127.02507,37.61038],[127.02478,37.61211],[127.02576,37.61214],[127.02641,37.61269]]]}},{"type":"Feature","properties":{"name":"응암1주택재건축정비구역","cat":"정비예정구역","gu":"은평구"},"geometry":{"type":"Polygon","coordinates":[[[126.92279,37.59138],[126.92257,37.58896],[126.92081,37.58888],[126.9209,37.58934],[126.92005,37.5897],[126.92028,37.59028],[126.92076,37.59037],[126.92092,37.59125],[126.92204,37.59119],[126.92279,37.59138]]]}},{"type":"Feature","properties":{"name":"마포로1-45구역도시환경정비사업","cat":"재건축","gu":"마포구"},"geometry":{"type":"Polygon","coordinates":[[[126.95195,37.54331],[126.95183,37.5429],[126.95104,37.54328],[126.95143,37.54354],[126.95195,37.54331]]]}},{"type":"Feature","properties":{"name":"석관3구역주택재개발사업","cat":"재개발","gu":"성북구"},"geometry":{"type":"Polygon","coordinates":[[[127.05447,37.60672],[127.05434,37.60658],[127.05367,37.60688],[127.05263,37.60778],[127.05332,37.60819],[127.05296,37.60855],[127.0532,37.60868],[127.05388,37.60794],[127.0537,37.60779],[127.05384,37.60757],[127.05452,37.60734],[127.05435,37.60704],[127.05447,37.60672]]]}},{"type":"Feature","properties":{"name":"홍은10구역주택재개발사업","cat":"재개발","gu":"은평구"},"geometry":{"type":"Polygon","coordinates":[[[126.93797,37.5977],[126.9384,37.59757],[126.93881,37.59651],[126.93867,37.59663],[126.93832,37.59645],[126.93867,37.59612],[126.93841,37.59598],[126.93736,37.59667],[126.93758,37.59683],[126.93747,37.59708],[126.93734,37.59695],[126.93655,37.59721],[126.93797,37.5977]]]}},{"type":"Feature","properties":{"name":"녹번제1-3지구_주택재개발정비사업","cat":"재건축","gu":"은평구"},"geometry":{"type":"Polygon","coordinates":[[[126.93753,37.60848],[126.93718,37.60666],[126.93744,37.60601],[126.93767,37.6059],[126.9379,37.60506],[126.93765,37.60495],[126.93656,37.60511],[126.93469,37.60595],[126.93429,37.60581],[126.9339,37.60633],[126.93458,37.60671],[126.93465,37.60689],[126.93434,37.60705],[126.93501,37.60692],[126.93605,37.60838],[126.93774,37.60866],[126.93753,37.60848]]]}},{"type":"Feature","properties":{"name":"명륜1구역주거환경개선사업","cat":"주거환경개선","gu":"성북구"},"geometry":{"type":"Polygon","coordinates":[[[126.99548,37.59034],[126.9955,37.59012],[126.99523,37.59006],[126.99529,37.58985],[126.99573,37.58998],[126.99627,37.58922],[126.99603,37.58942],[126.99558,37.58934],[126.99556,37.58911],[126.99513,37.5895],[126.99513,37.58932],[126.99487,37.5894],[126.99466,37.58916],[126.99468,37.58944],[126.99445,37.5896],[126.99482,37.58958],[126.99488,37.5901],[126.99514,37.59038],[126.99548,37.59034]]]}},{"type":"Feature","properties":{"name":"사당3 재건축정비사업","cat":"정비예정구역","gu":"동작구"},"geometry":{"type":"Polygon","coordinates":[[[126.98066,37.4918],[126.98094,37.4914],[126.98124,37.49143],[126.98148,37.49128],[126.98061,37.49133],[126.97944,37.4923],[126.97955,37.49251],[126.97926,37.49268],[126.97947,37.49298],[126.98015,37.49302],[126.97904,37.49391],[126.97915,37.49439],[126.98031,37.4936],[126.9803,37.49343],[126.98054,37.49335],[126.98108,37.49367],[126.98127,37.49341],[126.98119,37.4929],[126.98087,37.49282],[126.9809,37.49221],[126.98069,37.49217],[126.98066,37.4918]]]}},{"type":"Feature","properties":{"name":"동자동1구역도시환경정비사업","cat":"재개발","gu":"중구"},"geometry":{"type":"Polygon","coordinates":[[[126.97395,37.55347],[126.97397,37.55312],[126.97298,37.55323],[126.97346,37.55358],[126.97395,37.55347]]]}},{"type":"Feature","properties":{"name":"효창 제4주택재개발 정비구역","cat":"재개발","gu":"용산구"},"geometry":{"type":"Polygon","coordinates":[[[126.96003,37.54078],[126.96061,37.5407],[126.96077,37.54013],[126.96098,37.54015],[126.96082,37.53984],[126.96065,37.53973],[126.95904,37.54046],[126.96003,37.54078]]]}},{"type":"Feature","properties":{"name":"답십리 태양아파트 주택재건축정비사","cat":"정비예정구역","gu":"동대문구"},"geometry":{"type":"Polygon","coordinates":[[[127.04573,37.57356],[127.04776,37.57202],[127.04744,37.57167],[127.04634,37.57228],[127.04568,37.57152],[127.04455,37.57216],[127.04573,37.57356]]]}},{"type":"Feature","properties":{"name":"영아아파트주택재건축사업","cat":"정비예정구역","gu":"동작구"},"geometry":{"type":"Polygon","coordinates":[[[126.97233,37.48499],[126.97192,37.48451],[126.97014,37.48521],[126.97076,37.48595],[126.97139,37.48632],[126.97233,37.48499]]]}},{"type":"Feature","properties":{"name":"마포로4구역 제9-2지구 도시환경정비","cat":"재개발","gu":"서대문구"},"geometry":{"type":"Polygon","coordinates":[[[126.96648,37.56527],[126.96711,37.56514],[126.96649,37.5651],[126.96648,37.56527]]]}},{"type":"Feature","properties":{"name":"양동구역 제4-2.7지구 도시환경정비사","cat":"재개발","gu":"중구"},"geometry":{"type":"Polygon","coordinates":[[[126.97628,37.55572],[126.97623,37.55477],[126.97574,37.55481],[126.97574,37.55454],[126.97526,37.55437],[126.97526,37.55449],[126.9749,37.55448],[126.97447,37.55559],[126.97503,37.55527],[126.97527,37.55552],[126.97476,37.55584],[126.97581,37.55624],[126.97602,37.55577],[126.97628,37.55572]]]}},{"type":"Feature","properties":{"name":"쌍문1구역주택재개발사업","cat":"재개발","gu":"도봉구"},"geometry":{"type":"Polygon","coordinates":[[[127.02121,37.64914],[127.02342,37.64865],[127.02368,37.64824],[127.02437,37.64799],[127.02453,37.64758],[127.02263,37.64802],[127.02121,37.64914]]]}},{"type":"Feature","properties":{"name":"옥수1구역주택재개발사업","cat":"재개발","gu":"중구"},"geometry":{"type":"Polygon","coordinates":[[[127.01399,37.54924],[127.01479,37.54918],[127.0148,37.54884],[127.01422,37.54814],[127.01486,37.54758],[127.01522,37.54674],[127.01511,37.54638],[127.01426,37.54681],[127.01307,37.54633],[127.01276,37.54719],[127.01217,37.54766],[127.01258,37.54863],[127.01231,37.54946],[127.01334,37.55022],[127.01399,37.54924]]]}},{"type":"Feature","properties":{"name":"수유2구역주택재개발사업","cat":"재개발","gu":"강북구"},"geometry":{"type":"Polygon","coordinates":[[[127.01808,37.6453],[127.01903,37.64485],[127.01939,37.64513],[127.02006,37.64465],[127.02017,37.64428],[127.01947,37.64393],[127.01894,37.64401],[127.01845,37.64436],[127.01749,37.64435],[127.01748,37.64415],[127.01675,37.6441],[127.01664,37.64453],[127.01717,37.64468],[127.01731,37.64536],[127.01808,37.6453]]]}},{"type":"Feature","properties":{"name":"전농5구역주택재개발사업","cat":"재개발","gu":"동대문구"},"geometry":{"type":"Polygon","coordinates":[[[127.0556,37.58286],[127.05554,37.58261],[127.0558,37.58255],[127.05598,37.58193],[127.05649,37.58181],[127.05651,37.5811],[127.0563,37.58073],[127.05599,37.58111],[127.05556,37.58096],[127.05447,37.58248],[127.05497,37.58258],[127.0551,37.58283],[127.0556,37.58286]]]}},{"type":"Feature","properties":{"name":"상암2-1구역주거환경개선사업","cat":"주거환경개선","gu":"마포구"},"geometry":{"type":"Polygon","coordinates":[[[126.89787,37.57496],[126.89739,37.57491],[126.89635,37.57547],[126.89613,37.5752],[126.89699,37.57461],[126.89731,37.57463],[126.89719,37.57449],[126.89857,37.57368],[126.8984,37.5735],[126.89581,37.57501],[126.89493,37.57409],[126.8944,37.57428],[126.89402,37.57466],[126.89447,37.57482],[126.89456,37.5753],[126.89503,37.57547],[126.89349,37.57638],[126.89311,37.57604],[126.89281,37.57612],[126.89333,37.57791],[126.89354,37.57815],[126.89456,37.5781],[126.89493,37.57831],[126.89443,37.57896],[126.89474,37.5793],[126.89678,37.57792],[126.89687,37.57714],[126.89789,37.57595],[126.89773,37.57597],[126.89787,37.57496]]]}},{"type":"Feature","properties":{"name":"주택재개발사업구역","cat":"재개발","gu":"송파구"},"geometry":{"type":"MultiPolygon","coordinates":[[[[127.14667,37.49779],[127.15089,37.49485],[127.15242,37.49306],[127.15121,37.49282],[127.14936,37.49293],[127.14898,37.49334],[127.14784,37.49339],[127.1479,37.49299],[127.14743,37.493],[127.14745,37.4934],[127.14713,37.49341],[127.14693,37.4937],[127.1466,37.49369],[127.14659,37.49344],[127.14615,37.49346],[127.14574,37.49381],[127.14546,37.49382],[127.14579,37.49466],[127.14569,37.49481],[127.14615,37.49529],[127.14568,37.49561],[127.14667,37.49779]]],[[[127.14576,37.49666],[127.14553,37.49612],[127.14519,37.49634],[127.14576,37.49666]]]]}},{"type":"Feature","properties":{"name":"잠실우성아파트 주택재건축 정비사업","cat":"정비예정구역","gu":"송파구"},"geometry":{"type":"Polygon","coordinates":[[[127.07407,37.50887],[127.07519,37.5041],[127.07453,37.50386],[127.07382,37.50404],[127.07281,37.50478],[127.07183,37.50621],[127.07138,37.50847],[127.07407,37.50887]]]}},{"type":"Feature","properties":{"name":"오류2동 147번지 일대 주거환경관리 정비구역","cat":"주거환경개선","gu":"구로구"},"geometry":{"type":"Polygon","coordinates":[[[126.84464,37.49109],[126.84406,37.49046],[126.84403,37.49],[126.84301,37.48948],[126.84272,37.48939],[126.84229,37.48994],[126.84192,37.4901],[126.84173,37.48969],[126.84108,37.48974],[126.84061,37.49042],[126.83986,37.48949],[126.83979,37.48882],[126.83962,37.48883],[126.83963,37.4891],[126.83936,37.48912],[126.83907,37.48883],[126.83754,37.48858],[126.83811,37.48875],[126.83766,37.48948],[126.83735,37.48938],[126.83912,37.49055],[126.83925,37.48962],[126.83958,37.48962],[126.83973,37.49033],[126.84027,37.49026],[126.84064,37.49098],[126.84163,37.49117],[126.84246,37.49165],[126.84233,37.49186],[126.84198,37.49187],[126.84197,37.49227],[126.84161,37.4922],[126.84284,37.493],[126.84298,37.49307],[126.84259,37.49268],[126.84304,37.49257],[126.84336,37.49217],[126.84422,37.49282],[126.84397,37.49347],[126.84434,37.49358],[126.84449,37.49331],[126.84492,37.49348],[126.84509,37.49325],[126.84553,37.49385],[126.84846,37.4946],[126.84832,37.49395],[126.84771,37.49388],[126.84744,37.49342],[126.84742,37.49279],[126.84816,37.49201],[126.84674,37.49198],[126.84649,37.49271],[126.84607,37.49275],[126.84481,37.4919],[126.84442,37.49203],[126.84464,37.49109]]]}},{"type":"Feature","properties":{"name":"창신2도시정비형 재개발구역 2-4","cat":"재개발","gu":"종로구"},"geometry":{"type":"Polygon","coordinates":[[[127.01387,37.57215],[127.01403,37.57168],[127.01354,37.57174],[127.01351,37.57201],[127.01387,37.57215]]]}},{"type":"Feature","properties":{"name":"창신2도시정비형 재개발구역 2-5","cat":"재개발","gu":"종로구"},"geometry":{"type":"Polygon","coordinates":[[[127.01356,37.57116],[127.01361,37.57075],[127.01264,37.57078],[127.01262,37.57138],[127.01356,37.57116]]]}},{"type":"Feature","properties":{"name":"창신2도시정비형 재개발구역 2-A","cat":"재개발","gu":"종로구"},"geometry":{"type":"Polygon","coordinates":[[[127.01312,37.57173],[127.01403,37.57168],[127.01403,37.57124],[127.01262,37.57138],[127.01269,37.57074],[127.01254,37.57074],[127.01238,37.57189],[127.01256,37.57166],[127.01292,37.57176],[127.01274,37.57198],[127.01312,37.57173]]]}},{"type":"Feature","properties":{"name":"창신1도시정비형 재개발구역 1-7","cat":"재개발","gu":"종로구"},"geometry":{"type":"Polygon","coordinates":[[[127.01238,37.57189],[127.01253,37.57141],[127.01213,37.57136],[127.01209,37.57182],[127.01238,37.57189]]]}},{"type":"Feature","properties":{"name":"대흥제3주택재개발구역","cat":"재개발","gu":"마포구"},"geometry":{"type":"Polygon","coordinates":[[[126.94359,37.55001],[126.94204,37.54824],[126.94137,37.54829],[126.94053,37.54865],[126.94066,37.54946],[126.94359,37.55001]]]}},{"type":"Feature","properties":{"name":"세운재정비촉진지구19구역도시환경정","cat":"재건축","gu":"종로구"},"geometry":{"type":"Polygon","coordinates":[[[126.99706,37.56645],[126.99749,37.56643],[126.99802,37.56606],[126.99806,37.5658],[126.99714,37.56574],[126.99706,37.56645]]]}},{"type":"Feature","properties":{"name":"창신1도시정비형 재개발구역 1-8","cat":"재개발","gu":"종로구"},"geometry":{"type":"Polygon","coordinates":[[[127.01254,37.57132],[127.01254,37.57109],[127.01189,37.57122],[127.01213,37.57136],[127.01254,37.57132]]]}},{"type":"Feature","properties":{"name":"무교6구역도시환경정비사업","cat":"재건축","gu":"종로구"},"geometry":{"type":"Polygon","coordinates":[[[126.97904,37.56705],[126.97827,37.56712],[126.9783,37.56749],[126.97911,37.56747],[126.97904,37.56705]]]}},{"type":"Feature","properties":{"name":"마포로5-3구역도시환경정비사업","cat":"재건축","gu":"서대문구"},"geometry":{"type":"Polygon","coordinates":[[[126.96314,37.5602],[126.96345,37.56072],[126.96374,37.56057],[126.96345,37.56011],[126.96314,37.5602]]]}},{"type":"Feature","properties":{"name":"봉천본동1구역주거환경개선사업","cat":"주거환경개선","gu":"관악구"},"geometry":{"type":"Polygon","coordinates":[[[126.93955,37.48409],[126.9393,37.48368],[126.939,37.48397],[126.9389,37.48438],[126.93955,37.48409]]]}},{"type":"Feature","properties":{"name":"상계동 154-3일대 주택정비형 재개발정비구역","cat":"재개발","gu":"노원구"},"geometry":{"type":"Polygon","coordinates":[[[127.07361,37.66303],[127.07263,37.66246],[127.07152,37.66128],[127.07144,37.66098],[127.068,37.66384],[127.06856,37.6641],[127.06956,37.66669],[127.06926,37.66779],[127.07028,37.66744],[127.07508,37.66397],[127.07399,37.66367],[127.07361,37.66303]]]}},{"type":"Feature","properties":{"name":"마포로1구역 제48지구 도시정비형 재개발사업","cat":"재개발","gu":"마포구"},"geometry":{"type":"MultiPolygon","coordinates":[[[[126.95311,37.54314],[126.95314,37.5431],[126.9531,37.54312],[126.95311,37.54314]]],[[[126.94967,37.54383],[126.94988,37.54409],[126.94967,37.54382],[126.94967,37.54383]]],[[[126.95165,37.54444],[126.95187,37.54436],[126.95201,37.54429],[126.95178,37.54427],[126.95165,37.54444]]],[[[126.95183,37.54439],[126.95214,37.54446],[126.95203,37.5443],[126.95183,37.54439]]],[[[126.95349,37.54372],[126.95345,37.54365],[126.95344,37.54365],[126.95349,37.54372]]],[[[126.95354,37.54384],[126.95356,37.54381],[126.95355,37.54381],[126.95354,37.54384]]],[[[126.95387,37.54431],[126.95328,37.54359],[126.95281,37.54379],[126.95344,37.54425],[126.95387,37.54431]]],[[[126.95395,37.54433],[126.95394,37.54432],[126.95393,37.54433],[126.95395,37.54433]]]]}},{"type":"Feature","properties":{"name":"회현2-2구역도시환경정비사업","cat":"재건축","gu":"중구"},"geometry":{"type":"Polygon","coordinates":[[[126.98337,37.55997],[126.98354,37.5598],[126.98266,37.55959],[126.98255,37.55982],[126.98337,37.55997]]]}},{"type":"Feature","properties":{"name":"도렴21구역도시환경정비사업","cat":"재건축","gu":"종로구"},"geometry":{"type":"Polygon","coordinates":[[[126.97375,37.57356],[126.97352,37.57398],[126.974,37.574],[126.97405,37.57358],[126.97375,37.57356]]]}},{"type":"Feature","properties":{"name":"서울역~서대문2-2구역도시환경정비사","cat":"재건축","gu":"종로구"},"geometry":{"type":"Polygon","coordinates":[[[126.96783,37.56488],[126.96834,37.56524],[126.96857,37.56469],[126.96805,37.56459],[126.96783,37.56488]]]}},{"type":"Feature","properties":{"name":"마포로1-30구역도시환경정비사업","cat":"재건축","gu":"마포구"},"geometry":{"type":"Polygon","coordinates":[[[126.94654,37.53924],[126.94619,37.53898],[126.94581,37.53918],[126.94632,37.53949],[126.94654,37.53924]]]}},{"type":"Feature","properties":{"name":"서울역~서대문10구역도시환경정비사","cat":"재건축","gu":"중구"},"geometry":{"type":"Polygon","coordinates":[[[126.97288,37.56059],[126.97238,37.56046],[126.97212,37.56083],[126.97261,37.56105],[126.97288,37.56059]]]}},{"type":"Feature","properties":{"name":"종로구 신영동 너와나우리마을 주거","cat":"주거환경개선","gu":"종로구"},"geometry":{"type":"Polygon","coordinates":[[[126.95905,37.60509],[126.96065,37.60528],[126.96129,37.60378],[126.96059,37.6038],[126.96077,37.60271],[126.96019,37.60289],[126.95994,37.60271],[126.95928,37.60294],[126.95913,37.60381],[126.95858,37.60445],[126.95873,37.60468],[126.95861,37.60484],[126.95905,37.60509]]]}},{"type":"Feature","properties":{"name":"전농 제6구역 주택재개발정비사업","cat":"재개발","gu":"동대문구"},"geometry":{"type":"Polygon","coordinates":[[[127.0628,37.5824],[127.0621,37.5816],[127.0623,37.58026],[127.06219,37.57961],[127.06144,37.57962],[127.06072,37.5792],[127.0609,37.57866],[127.06033,37.57818],[127.06051,37.57798],[127.05983,37.5779],[127.05987,37.57824],[127.06018,37.57825],[127.05997,37.57828],[127.05986,37.57865],[127.05936,37.57874],[127.05926,37.57918],[127.05991,37.57966],[127.05959,37.58004],[127.0605,37.58063],[127.06012,37.58104],[127.06038,37.58122],[127.05995,37.58159],[127.06045,37.5818],[127.06043,37.58216],[127.06099,37.58207],[127.06186,37.5824],[127.0628,37.5824]]]}},{"type":"Feature","properties":{"name":"묵정2구역주택재개발사업","cat":"재건축","gu":"중구"},"geometry":{"type":"Polygon","coordinates":[[[127.00049,37.56052],[127.0004,37.56096],[127.00094,37.56103],[127.00089,37.56025],[127.0008,37.56053],[127.00049,37.56052]]]}},{"type":"Feature","properties":{"name":"마포로2구역10지구 도시환경정비사업","cat":"재개발","gu":"마포구"},"geometry":{"type":"MultiPolygon","coordinates":[[[[126.95481,37.54844],[126.95422,37.54731],[126.95383,37.54742],[126.95464,37.54882],[126.95481,37.54844]]],[[[126.95366,37.54905],[126.9537,37.54914],[126.95372,37.54913],[126.95366,37.54905]]]]}},{"type":"Feature","properties":{"name":"을지로1가1-2구역도시환경정비사업","cat":"재건축","gu":"종로구"},"geometry":{"type":"Polygon","coordinates":[[[126.97977,37.56673],[126.97931,37.56676],[126.97931,37.56686],[126.97974,37.56687],[126.97977,37.56673]]]}},{"type":"Feature","properties":{"name":"금호 제14-1 주택재개발 정비사업","cat":"재개발","gu":"성동구"},"geometry":{"type":"Polygon","coordinates":[[[127.02259,37.54743],[127.02326,37.54781],[127.02369,37.54764],[127.0231,37.54686],[127.02262,37.54712],[127.02259,37.54743]]]}},{"type":"Feature","properties":{"name":"13·14·15지구","cat":"재건축","gu":"중구"},"geometry":{"type":"MultiPolygon","coordinates":[[[[126.97879,37.56102],[126.9786,37.56053],[126.97828,37.56092],[126.97879,37.56102]]],[[[126.97848,37.56051],[126.97829,37.56046],[126.97825,37.5605],[126.97837,37.56063],[126.97848,37.56051]]],[[[126.97797,37.5604],[126.97769,37.56081],[126.97819,37.5609],[126.97829,37.56068],[126.97797,37.5604]]],[[[126.9778,37.56036],[126.97739,37.56031],[126.97743,37.56073],[126.97765,37.5608],[126.9778,37.56036]]],[[[126.97715,37.56022],[126.97693,37.56057],[126.97731,37.5607],[126.97727,37.56028],[126.97715,37.56022]]],[[[126.97689,37.56056],[126.97705,37.5602],[126.97684,37.56015],[126.97677,37.56038],[126.97671,37.56039],[126.97658,37.56031],[126.97666,37.56011],[126.97609,37.55998],[126.97657,37.56044],[126.97689,37.56056]]],[[[126.97663,37.56029],[126.97682,37.56015],[126.97669,37.56011],[126.97663,37.56029]]]]}},{"type":"Feature","properties":{"name":"도시환경정비사업","cat":"재건축","gu":"종로구"},"geometry":{"type":"Polygon","coordinates":[[[126.96906,37.56321],[126.96889,37.56384],[126.96954,37.56398],[126.96968,37.56348],[126.96906,37.56321]]]}},{"type":"Feature","properties":{"name":"합정재정비촉진지구2구역도시환경정","cat":"재개발","gu":"마포구"},"geometry":{"type":"Polygon","coordinates":[[[126.91268,37.55051],[126.9114,37.55042],[126.91105,37.5516],[126.91228,37.55183],[126.91268,37.55051]]]}},{"type":"Feature","properties":{"name":"봉천10-1구역주거환경개선사업","cat":"주거환경개선","gu":"관악구"},"geometry":{"type":"Polygon","coordinates":[[[126.9504,37.48492],[126.94896,37.48445],[126.94884,37.48454],[126.94974,37.48549],[126.9504,37.48492]]]}},{"type":"Feature","properties":{"name":"독산시흥구역","cat":"재개발","gu":"금천구"},"geometry":{"type":"Polygon","coordinates":[[[126.90161,37.46056],[126.90212,37.45794],[126.90259,37.45757],[126.90153,37.4566],[126.90064,37.45672],[126.90012,37.45808],[126.89957,37.45798],[126.89949,37.45818],[126.89999,37.45828],[126.89967,37.46007],[126.89921,37.46078],[126.89842,37.46077],[126.89889,37.46123],[126.90047,37.46081],[126.90073,37.46126],[126.90161,37.46056]]]}},{"type":"Feature","properties":{"name":"목동12단지 아파트 재건축사업","cat":"정비예정구역","gu":"양천구"},"geometry":{"type":"Polygon","coordinates":[[[126.85883,37.51454],[126.85933,37.51411],[126.85982,37.51406],[126.86239,37.51487],[126.86379,37.51207],[126.8606,37.51107],[126.8599,37.51202],[126.85768,37.51408],[126.85883,37.51454]]]}},{"type":"Feature","properties":{"name":"아현재정비촉진지구","cat":"재정비촉진지구","gu":"마포구"},"geometry":{"type":"MultiPolygon","coordinates":[[[[126.94992,37.55666],[126.95209,37.55667],[126.95219,37.55617],[126.95458,37.55633],[126.95494,37.55565],[126.9554,37.55527],[126.95566,37.55417],[126.95648,37.55412],[126.9561,37.55337],[126.95583,37.55344],[126.95523,37.55291],[126.95489,37.55142],[126.95451,37.55091],[126.95371,37.55135],[126.95331,37.55078],[126.95433,37.55042],[126.9533,37.54832],[126.95223,37.54685],[126.95232,37.54659],[126.95126,37.54533],[126.95068,37.54557],[126.95035,37.54551],[126.94972,37.54448],[126.94626,37.54599],[126.94722,37.5472],[126.94745,37.54816],[126.94631,37.54822],[126.94588,37.54892],[126.94562,37.549],[126.94585,37.54955],[126.94512,37.54955],[126.94495,37.55024],[126.94386,37.5501],[126.94449,37.55153],[126.94582,37.55275],[126.9459,37.5544],[126.94699,37.55434],[126.9481,37.55454],[126.94889,37.5553],[126.94857,37.55573],[126.94853,37.55647],[126.94931,37.55652],[126.94936,37.55679],[126.94991,37.55682],[126.94992,37.55666]],[[126.94958,37.54876],[126.94997,37.54761],[126.94928,37.54703],[126.94868,37.54619],[126.94972,37.54566],[126.9508,37.54653],[126.95106,37.54718],[126.95037,37.54885],[126.94958,37.54876]]],[[[126.95053,37.54778],[126.95045,37.54766],[126.95039,37.54771],[126.95053,37.54778]]]]}},{"type":"Feature","properties":{"name":"관수동구역 제8지구 도시정비형 재개발구역","cat":"재건축","gu":"종로구"},"geometry":{"type":"MultiPolygon","coordinates":[[[[126.99058,37.56976],[126.99075,37.5696],[126.99058,37.5696],[126.99058,37.56976]]],[[[126.99053,37.56886],[126.99056,37.56844],[126.98966,37.56843],[126.98964,37.56869],[126.99053,37.56886]]],[[[126.99052,37.5696],[126.99048,37.56941],[126.99035,37.5694],[126.99034,37.56961],[126.99052,37.5696]]]]}},{"type":"Feature","properties":{"name":"소공4-2구역도시환경정비사업","cat":"재건축","gu":"중구"},"geometry":{"type":"Polygon","coordinates":[[[126.98066,37.56396],[126.98059,37.56363],[126.9808,37.56352],[126.98024,37.56359],[126.98027,37.56391],[126.98066,37.56396]]]}},{"type":"Feature","properties":{"name":"수색13 주택재개발사업","cat":"재개발","gu":"서울시"},"geometry":{"type":"Polygon","coordinates":[[[126.89487,37.58563],[126.89398,37.58485],[126.89347,37.58485],[126.89309,37.58534],[126.89109,37.5859],[126.89096,37.58608],[126.89048,37.58601],[126.89056,37.58624],[126.8897,37.58664],[126.88957,37.58698],[126.89121,37.58608],[126.89147,37.58632],[126.89129,37.5866],[126.89145,37.5868],[126.89129,37.58716],[126.89167,37.58701],[126.89258,37.58774],[126.89337,37.58769],[126.89317,37.58725],[126.8929,37.58723],[126.89323,37.58675],[126.89431,37.58632],[126.8944,37.58614],[126.8948,37.58693],[126.89571,37.58646],[126.89542,37.58583],[126.89619,37.58572],[126.8958,37.58538],[126.89526,37.58573],[126.89487,37.58563]]]}},{"type":"Feature","properties":{"name":"사당3구역주택재개발사업","cat":"재개발","gu":"동작구"},"geometry":{"type":"MultiPolygon","coordinates":[[[[126.97351,37.4907],[126.97326,37.49024],[126.97253,37.4899],[126.97142,37.491],[126.97275,37.49167],[126.97351,37.4907]]],[[[126.96982,37.49015],[126.97149,37.48948],[126.97181,37.48908],[126.97192,37.4888],[126.97136,37.48802],[126.97068,37.48829],[126.97025,37.48879],[126.96931,37.4889],[126.96875,37.48958],[126.96982,37.49015]]]]}},{"type":"Feature","properties":{"name":"창신1도시정비형 재개발구역 1-1","cat":"재개발","gu":"종로구"},"geometry":{"type":"Polygon","coordinates":[[[127.01131,37.57165],[127.01134,37.57132],[127.01091,37.57123],[127.01096,37.57158],[127.01131,37.57165]]]}},{"type":"Feature","properties":{"name":"청파 제1 주택정비형 재개발사업","cat":"재개발","gu":"용산구"},"geometry":{"type":"Polygon","coordinates":[[[126.96965,37.54722],[126.97005,37.5471],[126.97008,37.54686],[126.96976,37.54686],[126.97,37.54644],[126.96959,37.54611],[126.96965,37.5454],[126.96882,37.54541],[126.96899,37.54558],[126.96851,37.54601],[126.96864,37.5469],[126.9684,37.547],[126.96855,37.54739],[126.96809,37.54766],[126.96841,37.54816],[126.969,37.54814],[126.9696,37.54791],[126.96965,37.54722]]]}},{"type":"Feature","properties":{"name":"답십리 대농·신안 재건축 정비사업","cat":"정비예정구역","gu":"동대문구"},"geometry":{"type":"Polygon","coordinates":[[[127.04744,37.57167],[127.04776,37.57202],[127.04922,37.57091],[127.04863,37.57041],[127.04568,37.57152],[127.04634,37.57228],[127.04744,37.57167]]]}},{"type":"Feature","properties":{"name":"잠실진주아파트재건축사업","cat":"정비예정구역","gu":"송파구"},"geometry":{"type":"Polygon","coordinates":[[[127.11388,37.51985],[127.11283,37.51815],[127.11202,37.51754],[127.10874,37.51642],[127.10807,37.51908],[127.11377,37.51996],[127.11388,37.51985]]]}},{"type":"Feature","properties":{"name":"공평도시정비형재개발구역 소단위공동개발지구","cat":"재개발","gu":"종로구"},"geometry":{"type":"Polygon","coordinates":[[[126.98707,37.57325],[126.98706,37.57269],[126.9867,37.5727],[126.98657,37.57297],[126.98707,37.57325]]]}},{"type":"Feature","properties":{"name":"청진2구역도시환경정비사업","cat":"재건축","gu":"종로구"},"geometry":{"type":"Polygon","coordinates":[[[126.98286,37.57175],[126.98193,37.57166],[126.98193,37.57204],[126.98272,37.57195],[126.98286,37.57175]]]}},{"type":"Feature","properties":{"name":"마포로5-2구역도시환경정비사업","cat":"재건축","gu":"서대문구"},"geometry":{"type":"Polygon","coordinates":[[[126.9635,37.56079],[126.9641,37.56175],[126.96435,37.56164],[126.96384,37.56071],[126.9635,37.56079]]]}},{"type":"Feature","properties":{"name":"홍제2재정비촉진구역","cat":"재개발","gu":"서대문구"},"geometry":{"type":"Polygon","coordinates":[[[126.94142,37.59085],[126.94216,37.59012],[126.94213,37.59005],[126.94153,37.5902],[126.94109,37.59064],[126.94142,37.59085]]]}},{"type":"Feature","properties":{"name":"마포로1-12구역도시환경정비사업","cat":"재건축","gu":"마포구"},"geometry":{"type":"Polygon","coordinates":[[[126.94817,37.54151],[126.94791,37.54169],[126.94802,37.54183],[126.94832,37.54163],[126.94817,37.54151]]]}},{"type":"Feature","properties":{"name":"북창32구역도시환경정비사업","cat":"재건축","gu":"중구"},"geometry":{"type":"Polygon","coordinates":[[[126.97731,37.56251],[126.97697,37.56254],[126.97707,37.56281],[126.97727,37.56276],[126.97731,37.56251]]]}},{"type":"Feature","properties":{"name":"마포로4-4-2구역도시환경정비사업","cat":"재건축","gu":"서대문구"},"geometry":{"type":"Polygon","coordinates":[[[126.96378,37.56206],[126.96346,37.56155],[126.96296,37.56169],[126.9632,37.56216],[126.96355,37.56221],[126.96378,37.56206]]]}},{"type":"Feature","properties":{"name":"서린12구역도시환경정비사업","cat":"재건축","gu":"종로구"},"geometry":{"type":"Polygon","coordinates":[[[126.98227,37.56998],[126.98258,37.56973],[126.98256,37.56924],[126.9819,37.56916],[126.98166,37.56999],[126.98227,37.56998]]]}},{"type":"Feature","properties":{"name":"양동구역 제4-1지구","cat":"재건축","gu":"중구"},"geometry":{"type":"Polygon","coordinates":[[[126.97623,37.55476],[126.97615,37.55434],[126.97544,37.55436],[126.97586,37.55479],[126.97623,37.55476]]]}},{"type":"Feature","properties":{"name":"마포로1구역제54도시환경정비지구","cat":"재건축","gu":"마포구"},"geometry":{"type":"Polygon","coordinates":[[[126.9497,37.54433],[126.94951,37.5439],[126.9485,37.54434],[126.94877,37.54473],[126.9497,37.54433]]]}},{"type":"Feature","properties":{"name":"강동역 역세권 활성화 도시정비형재개발정비","cat":"재개발","gu":"강동구"},"geometry":{"type":"Polygon","coordinates":[[[127.13105,37.536],[127.13062,37.53532],[127.12838,37.53577],[127.12879,37.53674],[127.13105,37.536]]]}},{"type":"Feature","properties":{"name":"남대문15구역도시환경정비사업","cat":"재건축","gu":"중구"},"geometry":{"type":"Polygon","coordinates":[[[126.97705,37.56021],[126.97638,37.56005],[126.9763,37.56027],[126.97687,37.56055],[126.97705,37.56021]]]}},{"type":"Feature","properties":{"name":"신당5구역주택재개발사업","cat":"재개발","gu":"중구"},"geometry":{"type":"Polygon","coordinates":[[[127.0186,37.55974],[127.01889,37.55816],[127.01859,37.55783],[127.01929,37.55739],[127.01777,37.55675],[127.0162,37.5579],[127.01759,37.55982],[127.0186,37.55974]]]}},{"type":"Feature","properties":{"name":"홍제3구역주택재개발사업","cat":"재개발","gu":"서대문구"},"geometry":{"type":"Polygon","coordinates":[[[126.94963,37.58904],[126.94935,37.58866],[126.95001,37.58847],[126.95048,37.58868],[126.95128,37.58731],[126.95179,37.58687],[126.95257,37.58658],[126.94985,37.58621],[126.94832,37.58517],[126.94931,37.58595],[126.9492,37.58609],[126.94941,37.58626],[126.94918,37.58659],[126.94939,37.58684],[126.94802,37.58854],[126.9485,37.58892],[126.94963,37.58904]]]}},{"type":"Feature","properties":{"name":"청량리재정비촉진지구전농12구역주택","cat":"재개발","gu":"동대문구"},"geometry":{"type":"Polygon","coordinates":[[[127.04729,37.57591],[127.04664,37.57509],[127.04536,37.57581],[127.04602,37.57662],[127.04729,37.57591]]]}},{"type":"Feature","properties":{"name":"종암주택재개발사업","cat":"재개발","gu":"성북구"},"geometry":{"type":"Polygon","coordinates":[[[127.03851,37.60018],[127.03766,37.59967],[127.03685,37.60015],[127.03651,37.60004],[127.03652,37.60063],[127.03577,37.60088],[127.0354,37.60133],[127.03587,37.60221],[127.03835,37.60164],[127.03852,37.60064],[127.03851,37.60018]]]}},{"type":"Feature","properties":{"name":"세종로4구역도시환경정비사업","cat":"재건축","gu":"종로구"},"geometry":{"type":"Polygon","coordinates":[[[126.97638,37.57117],[126.9764,37.57079],[126.97608,37.57075],[126.97576,37.57125],[126.97638,37.57117]]]}},{"type":"Feature","properties":{"name":"세운재정비촉진지구","cat":"재정비촉진지구","gu":"마포구"},"geometry":{"type":"Polygon","coordinates":[[[126.9368,37.55457],[126.93739,37.55155],[126.93821,37.54997],[126.93718,37.55108],[126.93727,37.55118],[126.93626,37.55201],[126.93424,37.55321],[126.9366,37.5546],[126.9368,37.55457]]]}},{"type":"Feature","properties":{"name":"청진3구역도시환경정비사업","cat":"재건축","gu":"종로구"},"geometry":{"type":"Polygon","coordinates":[[[126.98032,37.57225],[126.98171,37.57207],[126.98176,37.5714],[126.98141,37.57136],[126.9811,37.57182],[126.98053,37.57186],[126.98032,37.57225]]]}},{"type":"Feature","properties":{"name":"12지구","cat":"재건축","gu":"중구"},"geometry":{"type":"Polygon","coordinates":[[[126.97876,37.56054],[126.97879,37.56102],[126.97938,37.56112],[126.97927,37.56063],[126.97876,37.56054]]]}},{"type":"Feature","properties":{"name":"번동 441-3번지 일대 주택정비형 재개발정비구역","cat":"재개발","gu":"강북구"},"geometry":{"type":"Polygon","coordinates":[[[127.03032,37.63432],[127.02962,37.63388],[127.02899,37.63388],[127.02759,37.63349],[127.02674,37.63392],[127.02734,37.63468],[127.02795,37.6346],[127.02792,37.6349],[127.02882,37.63496],[127.02888,37.63451],[127.02944,37.63455],[127.02938,37.635],[127.03037,37.63507],[127.03032,37.63432]]]}},{"type":"Feature","properties":{"name":"상도14구역 주택정비형 재개발구역","cat":"재개발","gu":"동작구"},"geometry":{"type":"Polygon","coordinates":[[[126.93752,37.4986],[126.93755,37.49824],[126.93517,37.49772],[126.9346,37.49794],[126.93492,37.49841],[126.93451,37.49894],[126.93575,37.49966],[126.93541,37.50031],[126.93616,37.50055],[126.93654,37.50042],[126.93752,37.4986]]]}},{"type":"Feature","properties":{"name":"수유1구역주택재개발사업","cat":"재개발","gu":"강북구"},"geometry":{"type":"Polygon","coordinates":[[[127.0188,37.644],[127.02034,37.64356],[127.02026,37.6429],[127.0204,37.64284],[127.02022,37.64272],[127.02059,37.64231],[127.02046,37.64218],[127.02091,37.64179],[127.02008,37.6412],[127.02002,37.64139],[127.01798,37.6411],[127.01791,37.6413],[127.0175,37.64134],[127.01711,37.64172],[127.01692,37.64239],[127.01803,37.64267],[127.01769,37.64307],[127.01869,37.6435],[127.01847,37.64389],[127.0188,37.644]]]}},{"type":"Feature","properties":{"name":"신당1구역주택재개발사업","cat":"재개발","gu":"중구"},"geometry":{"type":"Polygon","coordinates":[[[127.02342,37.56078],[127.02322,37.56],[127.02239,37.55903],[127.02127,37.5589],[127.01994,37.55982],[127.02011,37.5599],[127.01983,37.56037],[127.02087,37.56039],[127.02142,37.56102],[127.02302,37.56069],[127.02342,37.56078]]]}},{"type":"Feature","properties":{"name":"방배2구역주택재개발사업","cat":"재개발","gu":"서초구"},"geometry":{"type":"Polygon","coordinates":[[[126.98321,37.47268],[126.98342,37.4735],[126.98489,37.47284],[126.98505,37.47299],[126.98537,37.47289],[126.98504,37.4722],[126.98411,37.4722],[126.98341,37.47179],[126.98321,37.47268]]]}},{"type":"Feature","properties":{"name":"적선4구역도시환경정비사업","cat":"재건축","gu":"종로구"},"geometry":{"type":"Polygon","coordinates":[[[126.9743,37.57486],[126.97374,37.5748],[126.97358,37.57562],[126.97422,37.57547],[126.9743,37.57486]]]}},{"type":"Feature","properties":{"name":"북창4구역도시환경정비사업","cat":"재건축","gu":"중구"},"geometry":{"type":"Polygon","coordinates":[[[126.97856,37.56363],[126.97856,37.56333],[126.97821,37.56335],[126.97819,37.56371],[126.97856,37.56363]]]}},{"type":"Feature","properties":{"name":"마포로1-36구역도시환경정비사업","cat":"재건축","gu":"마포구"},"geometry":{"type":"Polygon","coordinates":[[[126.94908,37.54074],[126.94878,37.54095],[126.94922,37.54126],[126.94949,37.54103],[126.94908,37.54074]]]}},{"type":"Feature","properties":{"name":"신길2-1구역주택재개발사업","cat":"재건축","gu":"영등포구"},"geometry":{"type":"Polygon","coordinates":[[[126.91284,37.50737],[126.91506,37.50633],[126.91485,37.50561],[126.91468,37.50538],[126.91442,37.50542],[126.9144,37.50518],[126.91234,37.50593],[126.91117,37.50607],[126.91115,37.50689],[126.91204,37.50677],[126.91216,37.5069],[126.91248,37.50672],[126.91284,37.50737]]]}},{"type":"Feature","properties":{"name":"성동구 금호제17,19 주택재개발구역 정","cat":"재개발","gu":"성동구"},"geometry":{"type":"Polygon","coordinates":[[[127.02359,37.55177],[127.02315,37.55184],[127.02276,37.55244],[127.02168,37.5526],[127.02067,37.55329],[127.02115,37.55363],[127.02368,37.55289],[127.02385,37.55238],[127.02359,37.55177]]]}},{"type":"Feature","properties":{"name":"마포로1-16구역도시환경정비사업","cat":"재건축","gu":"마포구"},"geometry":{"type":"Polygon","coordinates":[[[126.9486,37.54286],[126.94831,37.5425],[126.94794,37.54268],[126.94822,37.54304],[126.9486,37.54286]]]}},{"type":"Feature","properties":{"name":"신사2구역주택재개발사업","cat":"재개발","gu":"은평구"},"geometry":{"type":"Polygon","coordinates":[[[126.90778,37.59928],[126.90771,37.59829],[126.9064,37.59857],[126.90638,37.59883],[126.90729,37.59926],[126.90708,37.59942],[126.90778,37.59928]]]}},{"type":"Feature","properties":{"name":"남가좌제1주택 재건축정비구역","cat":"정비예정구역","gu":"서대문구"},"geometry":{"type":"Polygon","coordinates":[[[126.92072,37.5804],[126.92169,37.5797],[126.92157,37.5796],[126.92189,37.57913],[126.92262,37.57871],[126.92115,37.57775],[126.92009,37.57795],[126.91905,37.57844],[126.91991,37.57905],[126.91997,37.57927],[126.91991,37.57955],[126.9195,37.57946],[126.9194,37.57976],[126.91867,37.5797],[126.91947,37.58027],[126.91937,37.5804],[126.91963,37.58057],[126.91953,37.58079],[126.92066,37.58101],[126.92072,37.5804]]]}},{"type":"Feature","properties":{"name":"오류1구역주택재개발사업","cat":"재개발","gu":"구로구"},"geometry":{"type":"Polygon","coordinates":[[[126.84,37.49967],[126.84094,37.50011],[126.842,37.49991],[126.83979,37.49849],[126.83921,37.49902],[126.83844,37.49843],[126.83904,37.49784],[126.83852,37.49805],[126.83839,37.49793],[126.83817,37.49838],[126.83752,37.4984],[126.83702,37.49912],[126.83761,37.49936],[126.83756,37.50013],[126.83925,37.49997],[126.84,37.49967]]]}},{"type":"Feature","properties":{"name":"마포로1-43구역도시환경정비사업","cat":"재건축","gu":"마포구"},"geometry":{"type":"Polygon","coordinates":[[[126.95063,37.5418],[126.95033,37.54206],[126.95105,37.54214],[126.95095,37.54199],[126.95063,37.5418]]]}},{"type":"Feature","properties":{"name":"효창2구역주택재개발사업","cat":"재개발","gu":"마포구"},"geometry":{"type":"MultiPolygon","coordinates":[[[[126.95752,37.54078],[126.95669,37.54044],[126.95652,37.5407],[126.95683,37.54109],[126.95752,37.54078]]],[[[126.96007,37.54328],[126.95843,37.54263],[126.95838,37.5424],[126.95856,37.54187],[126.95789,37.54198],[126.95752,37.5411],[126.95692,37.54138],[126.95698,37.54164],[126.95766,37.54206],[126.95871,37.54317],[126.96007,37.54328]]]]}},{"type":"Feature","properties":{"name":"사직주거환경개선사업","cat":"주거환경개선","gu":"종로구"},"geometry":{"type":"Polygon","coordinates":[[[126.96595,37.57434],[126.96531,37.57391],[126.96499,37.5741],[126.96488,37.57463],[126.96541,37.57471],[126.96595,37.57434]]]}},{"type":"Feature","properties":{"name":"주거환경개선사업","cat":"주거환경개선","gu":"성동구"},"geometry":{"type":"Polygon","coordinates":[[[127.02026,37.55014],[127.02015,37.54935],[127.01969,37.54919],[127.01982,37.55021],[127.02026,37.55014]]]}},{"type":"Feature","properties":{"name":"남대문 제7-2, 9-2지구","cat":"재개발","gu":"중구"},"geometry":{"type":"Polygon","coordinates":[[[126.97924,37.55946],[126.9792,37.5602],[126.97993,37.56018],[126.97985,37.55964],[126.97924,37.55946]]]}},{"type":"Feature","properties":{"name":"마포로1-38구역도시환경정비사업","cat":"재건축","gu":"마포구"},"geometry":{"type":"Polygon","coordinates":[[[126.94949,37.54103],[126.94922,37.54126],[126.94948,37.54145],[126.94975,37.54127],[126.94949,37.54103]]]}},{"type":"Feature","properties":{"name":"주택재개발사업구역","cat":"재개발","gu":"송파구"},"geometry":{"type":"MultiPolygon","coordinates":[[[[127.15358,37.50201],[127.15502,37.5006],[127.15422,37.50001],[127.15522,37.49867],[127.15442,37.4987],[127.15408,37.49927],[127.1523,37.4998],[127.15247,37.50004],[127.15231,37.50082],[127.15218,37.50092],[127.15174,37.50058],[127.15147,37.50061],[127.15167,37.50083],[127.1511,37.50147],[127.15222,37.50106],[127.1537,37.50232],[127.15358,37.50201]]],[[[127.15305,37.49921],[127.15339,37.49863],[127.15412,37.49884],[127.15402,37.49735],[127.15295,37.49696],[127.15273,37.49665],[127.15177,37.49645],[127.15085,37.49583],[127.15093,37.49569],[127.15044,37.4953],[127.14978,37.4958],[127.15013,37.49602],[127.1499,37.49623],[127.14952,37.49597],[127.14906,37.49628],[127.15228,37.4995],[127.15305,37.49921]],[[127.14981,37.49631],[127.15009,37.49642],[127.15032,37.49626],[127.15081,37.49665],[127.15025,37.49692],[127.14961,37.49646],[127.14981,37.49631]]]]}},{"type":"Feature","properties":{"name":"여의도 수정아파트 재건축사업","cat":"정비예정구역","gu":"영등포구"},"geometry":{"type":"Polygon","coordinates":[[[126.93086,37.52387],[126.9318,37.52281],[126.93145,37.52258],[126.93128,37.52276],[126.93092,37.52254],[126.93109,37.52236],[126.9309,37.52228],[126.92984,37.52323],[126.93086,37.52387]]]}},{"type":"Feature","properties":{"name":"무교다동 11 지구","cat":"재건축","gu":"종로구"},"geometry":{"type":"Polygon","coordinates":[[[126.97825,37.56807],[126.97823,37.56782],[126.97788,37.56778],[126.97769,37.56807],[126.97825,37.56807]]]}},{"type":"Feature","properties":{"name":"구로3구역주택재개발정비사업","cat":"재개발","gu":"구로구"},"geometry":{"type":"Polygon","coordinates":[[[126.89532,37.49007],[126.8957,37.49007],[126.89626,37.4887],[126.89715,37.48748],[126.89718,37.48715],[126.89696,37.48686],[126.89674,37.48712],[126.89627,37.48707],[126.89589,37.4873],[126.89559,37.48784],[126.89585,37.488],[126.89555,37.48868],[126.89571,37.48905],[126.89532,37.49007]]]}},{"type":"Feature","properties":{"name":"하왕1-4구역주택재개발정사업","cat":"재건축","gu":"중구"},"geometry":{"type":"Polygon","coordinates":[[[127.02717,37.56033],[127.02726,37.55991],[127.02631,37.55912],[127.02608,37.55861],[127.02548,37.55808],[127.0243,37.558],[127.0238,37.55842],[127.02383,37.56],[127.02432,37.55958],[127.02426,37.55933],[127.0246,37.5593],[127.02528,37.55946],[127.02673,37.56036],[127.02717,37.56033]]]}},{"type":"Feature","properties":{"name":"공덕 제6주택재개발정비사업","cat":"재개발","gu":"마포구"},"geometry":{"type":"Polygon","coordinates":[[[126.95693,37.54823],[126.95627,37.54739],[126.95518,37.54766],[126.95556,37.54842],[126.95587,37.54848],[126.95693,37.54823]]]}},{"type":"Feature","properties":{"name":"주택재개발사업구역","cat":"재개발","gu":"성북구"},"geometry":{"type":"Polygon","coordinates":[[[127.01204,37.58428],[127.01199,37.58319],[127.01003,37.58316],[127.00985,37.58352],[127.00997,37.58356],[127.00972,37.58374],[127.00951,37.58366],[127.00949,37.58446],[127.0087,37.58483],[127.00864,37.58561],[127.00931,37.58613],[127.00979,37.58624],[127.00989,37.58488],[127.01035,37.58453],[127.01153,37.58462],[127.01148,37.58569],[127.01104,37.58594],[127.01117,37.586],[127.01203,37.58553],[127.0121,37.58504],[127.01318,37.58522],[127.01343,37.58507],[127.01328,37.58443],[127.01163,37.58458],[127.01204,37.58428]]]}},{"type":"Feature","properties":{"name":"청담도곡아파트지구 역삼주구","cat":"정비예정구역","gu":"강남구"},"geometry":{"type":"Polygon","coordinates":[[[127.04882,37.50262],[127.04963,37.50283],[127.05152,37.49883],[127.05074,37.49856],[127.05132,37.49736],[127.05056,37.49706],[127.05081,37.49653],[127.04941,37.49604],[127.04982,37.49526],[127.04694,37.49427],[127.0436,37.50135],[127.04434,37.50161],[127.04494,37.50226],[127.04765,37.50293],[127.04882,37.50262]]]}},{"type":"Feature","properties":{"name":"답십리6-4구역주택재개발사업","cat":"재건축","gu":"동대문구"},"geometry":{"type":"Polygon","coordinates":[[[127.0458,37.57403],[127.04531,37.57489],[127.04521,37.57539],[127.04536,37.57581],[127.04667,37.57507],[127.0458,37.57403]]]}},{"type":"Feature","properties":{"name":"가리봉2구역 주택재개발 정비구역","cat":"재개발","gu":"구로구"},"geometry":{"type":"Polygon","coordinates":[[[126.88552,37.48304],[126.88386,37.48416],[126.88407,37.48431],[126.88392,37.48453],[126.88437,37.48505],[126.88465,37.48483],[126.88544,37.48532],[126.88588,37.48509],[126.88699,37.48286],[126.88572,37.48291],[126.88541,37.48264],[126.88521,37.48277],[126.88552,37.48304]]]}},{"type":"Feature","properties":{"name":"노량진2재정비촉진구역","cat":"재개발","gu":"동작구"},"geometry":{"type":"Polygon","coordinates":[[[126.93981,37.50745],[126.93951,37.50604],[126.93831,37.50653],[126.93899,37.50812],[126.9392,37.50812],[126.93922,37.5076],[126.93981,37.50745]]]}},{"type":"Feature","properties":{"name":"노량진 재정비촉진지구","cat":"재정비촉진지구","gu":"동작구"},"geometry":{"type":"Polygon","coordinates":[[[126.94435,37.50853],[126.94373,37.50843],[126.94217,37.5068],[126.94085,37.50683],[126.94039,37.50609],[126.94065,37.50592],[126.9397,37.50569],[126.93977,37.50596],[126.93849,37.5065],[126.93723,37.50677],[126.93666,37.50652],[126.93607,37.50668],[126.93563,37.50645],[126.93484,37.50647],[126.93456,37.50571],[126.934,37.50568],[126.9327,37.50633],[126.93242,37.50671],[126.93199,37.51304],[126.935,37.51307],[126.93889,37.5121],[126.93915,37.51182],[126.93998,37.5118],[126.94008,37.51254],[126.94153,37.51231],[126.94372,37.51274],[126.94459,37.51067],[126.94427,37.51074],[126.9441,37.51056],[126.94435,37.51023],[126.94413,37.51004],[126.94459,37.50894],[126.94432,37.50889],[126.94435,37.50853]]]}},{"type":"Feature","properties":{"name":"노량진6재정비촉진구역","cat":"재개발","gu":"동작구"},"geometry":{"type":"Polygon","coordinates":[[[126.93899,37.5082],[126.93831,37.50653],[126.93723,37.50677],[126.93666,37.50652],[126.93607,37.50668],[126.93563,37.50645],[126.93507,37.50647],[126.93519,37.50686],[126.93467,37.50825],[126.93484,37.50908],[126.93593,37.50908],[126.93614,37.50858],[126.93715,37.50823],[126.93899,37.5082]]]}},{"type":"Feature","properties":{"name":"도시환경정비사업구역","cat":"재개발","gu":"종로구"},"geometry":{"type":"MultiPolygon","coordinates":[[[[126.97348,37.56947],[126.97356,37.56934],[126.97348,37.56934],[126.97348,37.56947]]],[[[126.97265,37.56918],[126.97242,37.56883],[126.97255,37.56847],[126.97171,37.56833],[126.97151,37.56871],[126.97141,37.56871],[126.97129,37.56874],[126.97188,37.56894],[126.97153,37.56896],[126.97185,37.56914],[126.97242,37.569],[126.97252,37.56925],[126.97265,37.56918]]],[[[126.97146,37.56901],[126.97138,37.5689],[126.97127,37.56905],[126.97146,37.56901]]]]}},{"type":"Feature","properties":{"name":"대농·신안주택재건축정비구역","cat":"정비예정구역","gu":"동대문구"},"geometry":{"type":"Polygon","coordinates":[[[127.04744,37.57167],[127.04776,37.57202],[127.04922,37.57091],[127.04863,37.57041],[127.04568,37.57152],[127.04634,37.57228],[127.04744,37.57167]]]}},{"type":"Feature","properties":{"name":"방배동175번지일대주택재건축사업","cat":"정비예정구역","gu":"서초구"},"geometry":{"type":"Polygon","coordinates":[[[126.99739,37.48451],[126.99866,37.48476],[126.9988,37.48458],[126.99941,37.48474],[126.99955,37.48452],[126.99889,37.48429],[126.99975,37.48402],[126.99881,37.48288],[126.99765,37.48347],[126.99775,37.48242],[126.99703,37.48348],[126.99664,37.48331],[126.99694,37.48361],[126.99647,37.48428],[126.99729,37.48463],[126.99739,37.48451]]]}},{"type":"Feature","properties":{"name":"주거환경개선사업","cat":"주거환경개선","gu":"도봉구"},"geometry":{"type":"Polygon","coordinates":[[[127.04341,37.68898],[127.04398,37.68906],[127.04443,37.6887],[127.04425,37.68822],[127.04327,37.68815],[127.04335,37.68754],[127.04116,37.68741],[127.04094,37.68854],[127.04196,37.68876],[127.04205,37.68897],[127.04241,37.68889],[127.04337,37.68912],[127.04341,37.68898]]]}},{"type":"Feature","properties":{"name":"마포로1구역 제43지구","cat":"재건축","gu":"마포구"},"geometry":{"type":"Polygon","coordinates":[[[126.95056,37.54186],[126.95036,37.54204],[126.95049,37.54213],[126.95103,37.54214],[126.95056,37.54186]]]}},{"type":"Feature","properties":{"name":"상계중앙시장도시환경정비사업","cat":"재개발","gu":"노원구"},"geometry":{"type":"Polygon","coordinates":[[[127.06926,37.65927],[127.06848,37.65987],[127.06897,37.66028],[127.06978,37.6597],[127.06926,37.65927]]]}},{"type":"Feature","properties":{"name":"명일주택재개발사업","cat":"재개발","gu":"강동구"},"geometry":{"type":"Polygon","coordinates":[[[127.15939,37.55138],[127.16037,37.5512],[127.1607,37.55037],[127.15975,37.54997],[127.15907,37.54994],[127.15907,37.55033],[127.1589,37.55041],[127.15935,37.55069],[127.15939,37.55138]]]}},{"type":"Feature","properties":{"name":"회현1구역도시환경정비사업","cat":"재건축","gu":"중구"},"geometry":{"type":"Polygon","coordinates":[[[126.98154,37.55865],[126.98121,37.55947],[126.9813,37.55969],[126.98201,37.5599],[126.9825,37.55896],[126.98154,37.55865]]]}},{"type":"Feature","properties":{"name":"을지로1가4구역도시환경정비사업","cat":"재건축","gu":"중구"},"geometry":{"type":"Polygon","coordinates":[[[126.98058,37.56655],[126.98067,37.56615],[126.9801,37.56615],[126.98015,37.56655],[126.98058,37.56655]]]}},{"type":"Feature","properties":{"name":"온수연립주택재건축사업","cat":"정비예정구역","gu":"구로구"},"geometry":{"type":"Polygon","coordinates":[[[126.82903,37.49874],[126.82769,37.49871],[126.82662,37.49813],[126.82614,37.49701],[126.8262,37.49652],[126.8253,37.49571],[126.8261,37.49485],[126.82693,37.49432],[126.82718,37.49399],[126.82728,37.49331],[126.82689,37.49333],[126.82707,37.4939],[126.82662,37.49442],[126.82364,37.49664],[126.82294,37.49645],[126.82199,37.49547],[126.82048,37.49518],[126.82016,37.4961],[126.82031,37.49661],[126.81959,37.49707],[126.81947,37.49736],[126.81997,37.49785],[126.81989,37.49836],[126.82171,37.49836],[126.82204,37.49717],[126.82313,37.49702],[126.82366,37.49743],[126.82492,37.49693],[126.82602,37.49688],[126.82644,37.4981],[126.82698,37.49853],[126.82755,37.49876],[126.82903,37.49874]],[[126.82437,37.49634],[126.82519,37.49577],[126.82611,37.4966],[126.82603,37.49681],[126.82491,37.49687],[126.82437,37.49634]],[[126.82482,37.4969],[126.82375,37.49732],[126.82329,37.49702],[126.82424,37.49637],[126.82482,37.4969]],[[126.82226,37.49703],[126.82194,37.49705],[126.82203,37.49678],[126.82231,37.49684],[126.82226,37.49703]],[[126.82144,37.49774],[126.8216,37.49711],[126.82173,37.49712],[126.82173,37.49772],[126.82144,37.49774]]]}},{"type":"Feature","properties":{"name":"을지로2가12구역도시환경정비사업","cat":"재건축","gu":"종로구"},"geometry":{"type":"Polygon","coordinates":[[[126.98353,37.56682],[126.98356,37.56735],[126.98438,37.56732],[126.98432,37.56682],[126.98353,37.56682]]]}},{"type":"Feature","properties":{"name":"신문로2-6구역도시환경정비사업","cat":"재건축","gu":"종로구"},"geometry":{"type":"Polygon","coordinates":[[[126.9712,37.56882],[126.97068,37.56859],[126.97034,37.56891],[126.97081,37.56918],[126.9712,37.56882]]]}},{"type":"Feature","properties":{"name":"용두제1주택재개발정비구역","cat":"재개발","gu":"동대문구"},"geometry":{"type":"Polygon","coordinates":[[[127.03504,37.5768],[127.03747,37.57669],[127.03732,37.57423],[127.03509,37.57421],[127.03504,37.5768]]]}},{"type":"Feature","properties":{"name":"북창18구역도시환경정비사업","cat":"재건축","gu":"중구"},"geometry":{"type":"Polygon","coordinates":[[[126.97864,37.56246],[126.97827,37.56247],[126.97826,37.56267],[126.97867,37.56266],[126.97864,37.56246]]]}},{"type":"Feature","properties":{"name":"구의제2-1주거환경개선구역","cat":"주거환경개선","gu":"광진구"},"geometry":{"type":"Polygon","coordinates":[[[127.09273,37.54726],[127.09213,37.5475],[127.09215,37.54779],[127.09305,37.54822],[127.09321,37.54844],[127.09311,37.54868],[127.09373,37.54846],[127.09371,37.54805],[127.09328,37.54754],[127.09273,37.54726]]]}},{"type":"Feature","properties":{"name":"관리형 주거환경개선사업","cat":"주거환경개선","gu":"종로구"},"geometry":{"type":"Polygon","coordinates":[[[127.00846,37.57695],[127.00828,37.57544],[127.00857,37.57524],[127.00866,37.5748],[127.00849,37.57425],[127.00825,37.57421],[127.00757,37.57484],[127.00707,37.57615],[127.00672,37.57653],[127.00765,37.57679],[127.00808,37.57711],[127.00846,37.57695]]]}},{"type":"Feature","properties":{"name":"3-6구역","cat":"재개발","gu":"종로구"},"geometry":{"type":"Polygon","coordinates":[[[126.99464,37.56774],[126.99461,37.56727],[126.99402,37.56722],[126.99403,37.5675],[126.99355,37.56757],[126.99428,37.5678],[126.99464,37.56774]]]}},{"type":"Feature","properties":{"name":"응암7주택재개발정비사업","cat":"재개발","gu":"은평구"},"geometry":{"type":"Polygon","coordinates":[[[126.92515,37.59378],[126.92563,37.59378],[126.92535,37.59359],[126.9265,37.59358],[126.9266,37.59299],[126.92622,37.59203],[126.92574,37.59147],[126.92581,37.59016],[126.92561,37.58932],[126.92496,37.58941],[126.92401,37.59235],[126.92423,37.59379],[126.92527,37.59369],[126.92515,37.59378]]]}},{"type":"Feature","properties":{"name":"은평아파트주택재건축사업","cat":"정비예정구역","gu":"은평구"},"geometry":{"type":"Polygon","coordinates":[[[126.90579,37.60393],[126.90695,37.60388],[126.90675,37.60372],[126.90664,37.6031],[126.90706,37.60302],[126.90713,37.60223],[126.90728,37.60222],[126.90674,37.60177],[126.90534,37.60291],[126.90554,37.60321],[126.90537,37.60368],[126.90579,37.60393]]]}},{"type":"Feature","properties":{"name":"세운재정비촉진지구5-2구역도시환경","cat":"재개발","gu":"종로구"},"geometry":{"type":"Polygon","coordinates":[[[126.99514,37.56751],[126.99505,37.56834],[126.99561,37.56839],[126.99571,37.56756],[126.99514,37.56751]]]}},{"type":"Feature","properties":{"name":"청량리 재정비촉진지구","cat":"재정비촉진지구","gu":"성북구"},"geometry":{"type":"Polygon","coordinates":[[[127.01594,37.5968],[127.0171,37.59715],[127.01822,37.59692],[127.0195,37.59719],[127.02012,37.59758],[127.022,37.59688],[127.02134,37.59138],[127.02272,37.59087],[127.0225,37.58902],[127.01967,37.58941],[127.01635,37.58677],[127.0164,37.58647],[127.01597,37.58649],[127.01614,37.58618],[127.01553,37.58552],[127.01559,37.58518],[127.01487,37.5845],[127.0118,37.58443],[127.0118,37.5822],[127.00954,37.58218],[127.00949,37.58446],[127.00669,37.58552],[127.00666,37.58622],[127.00599,37.58698],[127.00438,37.58726],[127.004,37.58781],[127.00401,37.58807],[127.00346,37.58833],[127.00352,37.58856],[127.00228,37.58922],[127.00177,37.59011],[127.00181,37.59134],[127.00388,37.59093],[127.00492,37.58967],[127.00513,37.58947],[127.00533,37.58954],[127.00574,37.58991],[127.00558,37.59007],[127.00748,37.59157],[127.00958,37.59208],[127.01117,37.59372],[127.01378,37.59488],[127.01266,37.59669],[127.01359,37.59827],[127.01514,37.59843],[127.01594,37.5968]]]}},{"type":"Feature","properties":{"name":"6-3-1,2구역","cat":"재정비촉진지구","gu":"성북구"},"geometry":{"type":"Polygon","coordinates":[[[127.01594,37.5968],[127.0171,37.59715],[127.01822,37.59692],[127.0195,37.59719],[127.02012,37.59758],[127.022,37.59688],[127.02134,37.59138],[127.02272,37.59087],[127.0225,37.58902],[127.01967,37.58941],[127.01635,37.58677],[127.0164,37.58647],[127.01597,37.58649],[127.01614,37.58618],[127.01553,37.58552],[127.01559,37.58518],[127.01487,37.5845],[127.0118,37.58443],[127.0118,37.5822],[127.00954,37.58218],[127.00949,37.58446],[127.00669,37.58552],[127.00666,37.58622],[127.00599,37.58698],[127.00438,37.58726],[127.004,37.58781],[127.00401,37.58807],[127.00346,37.58833],[127.00352,37.58856],[127.00228,37.58922],[127.00177,37.59011],[127.00181,37.59134],[127.00388,37.59093],[127.00492,37.58967],[127.00513,37.58947],[127.00533,37.58954],[127.00574,37.58991],[127.00558,37.59007],[127.00748,37.59157],[127.00958,37.59208],[127.01117,37.59372],[127.01378,37.59488],[127.01266,37.59669],[127.01359,37.59827],[127.01514,37.59843],[127.01594,37.5968]]]}},{"type":"Feature","properties":{"name":"도시환경정비사업구역","cat":"재개발","gu":"구로구"},"geometry":{"type":"Polygon","coordinates":[[[126.88495,37.48723],[126.8856,37.48569],[126.88509,37.48569],[126.88436,37.48643],[126.88435,37.48723],[126.88495,37.48723]]]}},{"type":"Feature","properties":{"name":"마포로1-31구역도시환경정비사업","cat":"재건축","gu":"마포구"},"geometry":{"type":"Polygon","coordinates":[[[126.94683,37.53964],[126.94678,37.53907],[126.94669,37.53907],[126.94632,37.53949],[126.94683,37.53964]]]}},{"type":"Feature","properties":{"name":"북창23구역도시환경정비사업","cat":"재건축","gu":"중구"},"geometry":{"type":"Polygon","coordinates":[[[126.97824,37.56187],[126.97784,37.56183],[126.97782,37.56203],[126.97823,37.56207],[126.97824,37.56187]]]}},{"type":"Feature","properties":{"name":"아현2 재정비촉진구역(주택재건축사","cat":"정비예정구역","gu":"서대문구"},"geometry":{"type":"Polygon","coordinates":[[[126.94984,37.55667],[126.95196,37.55661],[126.95214,37.55592],[126.9525,37.55568],[126.95251,37.55536],[126.95003,37.55412],[126.94949,37.55458],[126.94933,37.55508],[126.94868,37.5555],[126.94854,37.55586],[126.94853,37.55644],[126.94937,37.55648],[126.94936,37.55679],[126.94982,37.55681],[126.94984,37.55667]]]}},{"type":"Feature","properties":{"name":"돈의문 재정비촉진지구","cat":"재정비촉진지구","gu":"종로구"},"geometry":{"type":"Polygon","coordinates":[[[126.96454,37.57245],[126.96502,37.57196],[126.96508,37.57148],[126.96602,37.57017],[126.96605,37.56984],[126.96663,37.56939],[126.96788,37.56907],[126.96961,37.56938],[126.96997,37.56913],[126.96876,37.56823],[126.96776,37.56904],[126.96689,37.56844],[126.96592,37.56745],[126.96715,37.56669],[126.96685,37.56636],[126.96629,37.5664],[126.96088,37.57189],[126.96118,37.57225],[126.96384,37.57223],[126.96454,37.57245]]]}},{"type":"Feature","properties":{"name":"돈의문2재정비촉진구역","cat":"재개발","gu":"종로구"},"geometry":{"type":"Polygon","coordinates":[[[126.96461,37.56878],[126.96577,37.56743],[126.96548,37.56727],[126.96424,37.5686],[126.96461,37.56878]]]}},{"type":"Feature","properties":{"name":"봉천11-1구역주거환경개선사업","cat":"주거환경개선","gu":"관악구"},"geometry":{"type":"Polygon","coordinates":[[[126.96206,37.47597],[126.96217,37.47564],[126.963,37.47561],[126.9629,37.47552],[126.96335,37.47538],[126.9636,37.47498],[126.96395,37.47523],[126.96458,37.47499],[126.9645,37.47487],[126.96501,37.47468],[126.96512,37.4741],[126.96478,37.47473],[126.9634,37.47488],[126.96318,37.47527],[126.96182,37.47567],[126.96167,37.47605],[126.96206,37.47597]]]}},{"type":"Feature","properties":{"name":"주택재개발사업구역","cat":"재개발","gu":"은평구"},"geometry":{"type":"Polygon","coordinates":[[[126.91624,37.62757],[126.91711,37.62633],[126.91807,37.62594],[126.9192,37.62698],[126.91959,37.62711],[126.91965,37.62695],[126.91908,37.62668],[126.91716,37.62499],[126.91675,37.62503],[126.91589,37.62461],[126.91561,37.62414],[126.91595,37.62279],[126.91683,37.62264],[126.91681,37.62252],[126.91609,37.62257],[126.91616,37.6224],[126.91487,37.62177],[126.91416,37.62297],[126.91376,37.62288],[126.91323,37.62366],[126.91288,37.62387],[126.91265,37.62377],[126.91239,37.62444],[126.91194,37.6247],[126.91176,37.62456],[126.91099,37.62483],[126.91132,37.62543],[126.91137,37.62669],[126.91117,37.62696],[126.91308,37.62668],[126.91342,37.62713],[126.91347,37.62798],[126.91369,37.62811],[126.91331,37.6285],[126.91398,37.62911],[126.91624,37.62757]]]}},{"type":"Feature","properties":{"name":"도렴4.5지구 도시환경 정비구역","cat":"재개발","gu":"종로구"},"geometry":{"type":"Polygon","coordinates":[[[126.97386,37.57033],[126.97332,37.57033],[126.97336,37.57113],[126.97385,37.57113],[126.97386,37.57033]]]}},{"type":"Feature","properties":{"name":"혜화동 명륜·혜화 성곽마을 주거환경","cat":"주거환경개선","gu":"종로구"},"geometry":{"type":"Polygon","coordinates":[[[126.99946,37.59222],[127.00081,37.5923],[127.00135,37.5919],[127.00177,37.591],[127.00148,37.59051],[127.00152,37.59016],[127.002,37.58978],[127.00225,37.58911],[127.00326,37.58865],[127.00341,37.58804],[127.00388,37.58791],[127.00236,37.58703],[127.00141,37.58606],[127.0008,37.58586],[127.0,37.58686],[126.99915,37.58961],[126.99852,37.5899],[126.99803,37.59053],[126.99715,37.59052],[126.99683,37.5908],[126.99649,37.59034],[126.99579,37.59075],[126.99488,37.5901],[126.99482,37.58958],[126.99445,37.5896],[126.99468,37.58944],[126.99465,37.58922],[126.99379,37.58978],[126.99343,37.58939],[126.99315,37.58952],[126.99261,37.58926],[126.99215,37.58962],[126.99205,37.58953],[126.99187,37.59019],[126.99155,37.5904],[126.99218,37.59075],[126.99279,37.59148],[126.99453,37.59115],[126.99549,37.59192],[126.99721,37.59195],[126.99845,37.59247],[126.99946,37.59222]]]}},{"type":"Feature","properties":{"name":"용두도시환경정비사업","cat":"재개발","gu":"동대문구"},"geometry":{"type":"Polygon","coordinates":[[[127.03799,37.57799],[127.03814,37.57786],[127.03807,37.5767],[127.03504,37.5768],[127.03512,37.578],[127.03799,37.57799]]]}},{"type":"Feature","properties":{"name":"금호6구역주택재개발사업","cat":"재개발","gu":"성동구"},"geometry":{"type":"MultiPolygon","coordinates":[[[[127.02859,37.54933],[127.02888,37.54937],[127.0291,37.54921],[127.0287,37.549],[127.02859,37.54933]]],[[[127.02861,37.54934],[127.02631,37.55066],[127.02619,37.55094],[127.02631,37.55104],[127.02596,37.55131],[127.02578,37.55195],[127.0252,37.5525],[127.0253,37.55286],[127.02516,37.55318],[127.02497,37.5532],[127.02506,37.55421],[127.02477,37.55526],[127.02508,37.55532],[127.02497,37.55561],[127.02544,37.55553],[127.02549,37.55515],[127.02679,37.55464],[127.02639,37.55438],[127.02682,37.55411],[127.02719,37.55334],[127.02793,37.55308],[127.02819,37.55241],[127.02843,37.5523],[127.0284,37.55178],[127.02872,37.55085],[127.02861,37.54934]]]]}},{"type":"Feature","properties":{"name":"돈암1구역주택재개발사업","cat":"재개발","gu":"성북구"},"geometry":{"type":"Polygon","coordinates":[[[127.01537,37.59917],[127.01561,37.59904],[127.01579,37.59842],[127.01548,37.59839],[127.01554,37.59823],[127.01508,37.59797],[127.01488,37.5984],[127.01452,37.59836],[127.01425,37.59907],[127.01484,37.59898],[127.01537,37.59917]]]}},{"type":"Feature","properties":{"name":"금호7구역주택재개발사업","cat":"재개발","gu":"중구"},"geometry":{"type":"Polygon","coordinates":[[[127.01722,37.55098],[127.01747,37.55075],[127.01749,37.55043],[127.01923,37.55087],[127.01917,37.55017],[127.01847,37.54982],[127.01745,37.54976],[127.01683,37.55039],[127.01683,37.55097],[127.01722,37.55098]]]}},{"type":"Feature","properties":{"name":"세운재정비촉진지구20구역도시환경정","cat":"재건축","gu":"중구"},"geometry":{"type":"Polygon","coordinates":[[[126.99794,37.56522],[126.9979,37.56564],[126.99807,37.56564],[126.9981,37.56523],[126.99794,37.56522]]]}},{"type":"Feature","properties":{"name":"녹번제1구역제1지구 주택재개발","cat":"재건축","gu":"은평구"},"geometry":{"type":"Polygon","coordinates":[[[126.93761,37.60313],[126.93773,37.60276],[126.93751,37.6023],[126.93776,37.60222],[126.93776,37.60204],[126.93728,37.60133],[126.9378,37.60095],[126.93798,37.60101],[126.938,37.60064],[126.9367,37.60052],[126.93667,37.60082],[126.93614,37.60064],[126.93538,37.60207],[126.93591,37.60247],[126.93761,37.60313]]]}},{"type":"Feature","properties":{"name":"세운재정비촉진구역6-3-1,2구역","cat":"재개발","gu":"중구"},"geometry":{"type":"Polygon","coordinates":[[[126.99802,37.56643],[126.99807,37.56572],[126.99673,37.56561],[126.99622,37.56477],[126.99631,37.56434],[126.99604,37.56433],[126.99597,37.56497],[126.99615,37.56489],[126.99653,37.56541],[126.99645,37.56642],[126.99802,37.56643]]]}},{"type":"Feature","properties":{"name":"명동1지구","cat":"재건축","gu":"중구"},"geometry":{"type":"Polygon","coordinates":[[[126.98641,37.56597],[126.98644,37.56538],[126.986,37.56537],[126.98595,37.56593],[126.98641,37.56597]]]}},{"type":"Feature","properties":{"name":"양동도시정비형재개발구역","cat":"재개발","gu":"중구"},"geometry":{"type":"MultiPolygon","coordinates":[[[[126.97329,37.55594],[126.97628,37.55726],[126.97631,37.55673],[126.97684,37.55603],[126.97651,37.55545],[126.97627,37.55328],[126.97593,37.55348],[126.97434,37.55364],[126.97366,37.55403],[126.97354,37.55451],[126.97331,37.5545],[126.97329,37.55594]]],[[[126.97572,37.55709],[126.97573,37.55709],[126.97573,37.55709],[126.97572,37.55709]]]]}},{"type":"Feature","properties":{"name":"광희동1가303-1알원도시정비형재개발구역","cat":"재개발","gu":"중구"},"geometry":{"type":"Polygon","coordinates":[[[127.00406,37.56483],[127.00278,37.56473],[127.0038,37.56617],[127.00437,37.56602],[127.00406,37.56483]]]}},{"type":"Feature","properties":{"name":"양동도시정비형재개발구역 4-2·7지구","cat":"재건축","gu":"중구"},"geometry":{"type":"Polygon","coordinates":[[[126.97628,37.55571],[126.97624,37.55476],[126.97574,37.55476],[126.97574,37.55453],[126.97513,37.5543],[126.9749,37.55447],[126.97447,37.55558],[126.97503,37.55527],[126.97527,37.55551],[126.97476,37.55583],[126.97581,37.55623],[126.97602,37.55576],[126.97628,37.55571]]]}},{"type":"Feature","properties":{"name":"도화1구역주택재개발사업","cat":"재건축","gu":"마포구"},"geometry":{"type":"Polygon","coordinates":[[[126.95438,37.54107],[126.95491,37.54107],[126.95631,37.54019],[126.95573,37.53947],[126.95419,37.53887],[126.95355,37.538],[126.95329,37.53809],[126.95301,37.53857],[126.95214,37.53889],[126.95182,37.53967],[126.95225,37.53949],[126.95224,37.53971],[126.95291,37.54015],[126.95308,37.54013],[126.95317,37.53979],[126.95481,37.54015],[126.95478,37.54055],[126.9544,37.54053],[126.95438,37.54107]]]}},{"type":"Feature","properties":{"name":"사당7구역주택재개발사업","cat":"재개발","gu":"동작구"},"geometry":{"type":"Polygon","coordinates":[[[126.97579,37.49304],[126.97505,37.49289],[126.97494,37.49308],[126.97432,37.49317],[126.97422,37.49359],[126.9754,37.49379],[126.976,37.49334],[126.97579,37.49304]]]}},{"type":"Feature","properties":{"name":"가재울4재정비촉진구역","cat":"재개발","gu":"서대문구"},"geometry":{"type":"Polygon","coordinates":[[[126.91602,37.57512],[126.91786,37.57521],[126.91848,37.57446],[126.92023,37.57303],[126.92072,37.57325],[126.92069,37.57354],[126.92121,37.57345],[126.92104,37.57369],[126.92226,37.57392],[126.9227,37.57332],[126.92063,37.57171],[126.92045,37.57192],[126.9203,37.57183],[126.91972,37.57134],[126.91981,37.57111],[126.91827,37.56998],[126.91802,37.57021],[126.91736,37.57014],[126.91683,37.57055],[126.91653,37.57002],[126.91628,37.57003],[126.9166,37.57064],[126.91636,37.57073],[126.91651,37.57116],[126.91569,37.57171],[126.91553,37.57135],[126.9137,37.57137],[126.91367,37.57214],[126.91315,37.57346],[126.91318,37.57406],[126.91424,37.57533],[126.91602,37.57512]]]}},{"type":"Feature","properties":{"name":"중학1구역도시환경정비사업","cat":"재개발","gu":"종로구"},"geometry":{"type":"Polygon","coordinates":[[[126.97914,37.5752],[126.98002,37.57485],[126.97934,37.57422],[126.97863,37.57428],[126.97914,37.5752]]]}},{"type":"Feature","properties":{"name":"미성동 건영아파트 주택재건축정비구","cat":"정비예정구역","gu":"관악구"},"geometry":{"type":"Polygon","coordinates":[[[126.91273,37.47729],[126.91287,37.47681],[126.91336,37.47661],[126.9131,37.47579],[126.91172,37.47574],[126.91162,37.47547],[126.91133,37.47566],[126.91181,37.47716],[126.91208,37.47719],[126.91236,37.47696],[126.91253,37.47717],[126.91241,37.47725],[126.91273,37.47729]]]}},{"type":"Feature","properties":{"name":"삼환가락아파트 주택재건축 정비사업","cat":"정비예정구역","gu":"송파구"},"geometry":{"type":"Polygon","coordinates":[[[127.13771,37.4948],[127.13674,37.49396],[127.13521,37.49514],[127.13703,37.49671],[127.13829,37.49604],[127.13758,37.49557],[127.13771,37.4948]]]}},{"type":"Feature","properties":{"name":"마천1-1구역주거환경개선사업","cat":"주거환경개선","gu":"송파구"},"geometry":{"type":"Polygon","coordinates":[[[127.15783,37.49206],[127.15847,37.49205],[127.15817,37.49102],[127.15752,37.49154],[127.15783,37.49206]]]}},{"type":"Feature","properties":{"name":"도시환경정비사업구역","cat":"재개발","gu":"마포구"},"geometry":{"type":"MultiPolygon","coordinates":[[[[126.94922,37.54126],[126.94925,37.54124],[126.94903,37.54113],[126.94922,37.54126]]],[[[126.94844,37.54214],[126.94867,37.54188],[126.94817,37.54151],[126.94791,37.54169],[126.94844,37.54214]]],[[[126.94714,37.54216],[126.94712,37.54208],[126.94708,37.54211],[126.94714,37.54216]]],[[[126.95012,37.54151],[126.95012,37.54149],[126.95,37.54163],[126.95012,37.54151]]],[[[126.95022,37.54364],[126.95044,37.54394],[126.95055,37.54377],[126.9504,37.54356],[126.95022,37.54364]]],[[[126.94997,37.54368],[126.94972,37.54385],[126.95001,37.54373],[126.94997,37.54368]]]]}},{"type":"Feature","properties":{"name":"연희2구역주거환경개선사업","cat":"주거환경개선","gu":"서대문구"},"geometry":{"type":"Polygon","coordinates":[[[126.92491,37.57319],[126.92499,37.57331],[126.92467,37.57317],[126.92466,37.57298],[126.92445,37.57335],[126.92645,37.57408],[126.92698,37.57459],[126.9272,37.57432],[126.92703,37.57406],[126.92512,37.57322],[126.92513,37.57306],[126.92491,37.57319]]]}},{"type":"Feature","properties":{"name":"정릉동710-81일대주택재건축사업","cat":"정비예정구역","gu":"성북구"},"geometry":{"type":"Polygon","coordinates":[[[127.00709,37.6126],[127.00788,37.61215],[127.00782,37.61088],[127.00749,37.61102],[127.00721,37.61083],[127.00685,37.61113],[127.00683,37.61079],[127.00595,37.61081],[127.00552,37.61193],[127.00567,37.61208],[127.00709,37.6126]]]}},{"type":"Feature","properties":{"name":"신정6-2구역주택재개발사업","cat":"재건축","gu":"양천구"},"geometry":{"type":"Polygon","coordinates":[[[126.8771,37.51735],[126.87684,37.51505],[126.87667,37.51461],[126.87626,37.51475],[126.87636,37.51514],[126.87548,37.51564],[126.87598,37.51624],[126.87608,37.51756],[126.8771,37.51735]]]}},{"type":"Feature","properties":{"name":"상봉9재정비촉진구역","cat":"재정비촉진지구","gu":"중랑구"},"geometry":{"type":"Polygon","coordinates":[[[127.09144,37.59505],[127.09038,37.59599],[127.09237,37.59674],[127.09277,37.59705],[127.09294,37.5953],[127.09144,37.59505]]]}},{"type":"Feature","properties":{"name":"면목1구역주택재개발사업","cat":"재개발","gu":"중랑구"},"geometry":{"type":"Polygon","coordinates":[[[127.08779,37.57284],[127.08746,37.57229],[127.08568,37.57166],[127.08507,37.57251],[127.08537,37.5731],[127.0857,37.57291],[127.08664,37.57285],[127.08702,37.57311],[127.08779,37.57284]]]}},{"type":"Feature","properties":{"name":"다동12구역도시환경정비사업","cat":"재건축","gu":"종로구"},"geometry":{"type":"Polygon","coordinates":[[[126.98203,37.56772],[126.9814,37.56771],[126.98139,37.56783],[126.98199,37.56798],[126.98203,37.56772]]]}},{"type":"Feature","properties":{"name":"용산1구역주거환경개선사업","cat":"주거환경개선","gu":"용산구"},"geometry":{"type":"Polygon","coordinates":[[[126.98454,37.54653],[126.98495,37.54594],[126.98467,37.54573],[126.98436,37.54588],[126.98405,37.54577],[126.98415,37.54535],[126.98291,37.54515],[126.98306,37.54585],[126.98219,37.54626],[126.9822,37.5464],[126.98354,37.54651],[126.9841,37.5468],[126.98454,37.54653]]]}},{"type":"Feature","properties":{"name":"한남4재정비촉진구역","cat":"재개발","gu":"용산구"},"geometry":{"type":"Polygon","coordinates":[[[126.99926,37.52809],[127.00087,37.52633],[127.00157,37.52643],[127.00227,37.52694],[127.00221,37.52706],[127.00287,37.52718],[127.0032,37.52657],[127.0037,37.52667],[127.00252,37.52557],[127.00166,37.52419],[127.00116,37.52436],[127.001,37.52462],[127.00008,37.52513],[127.00004,37.52532],[126.99881,37.52534],[126.99836,37.52441],[126.99783,37.52461],[126.99771,37.52606],[126.99686,37.52592],[126.99691,37.52606],[126.9966,37.52628],[126.99706,37.52691],[126.99671,37.52746],[126.99672,37.52811],[126.99734,37.52917],[126.99741,37.52962],[126.99686,37.53018],[126.99777,37.52968],[126.99916,37.52813],[126.99955,37.52832],[126.99926,37.52809]]]}},{"type":"Feature","properties":{"name":"본동2-3구역주택재개발사업","cat":"재건축","gu":"동작구"},"geometry":{"type":"Polygon","coordinates":[[[126.95122,37.50843],[126.95134,37.50812],[126.95094,37.5081],[126.94902,37.50862],[126.94874,37.50959],[126.95073,37.50919],[126.9514,37.5086],[126.95122,37.50843]],[[126.95119,37.50845],[126.95117,37.5085],[126.95113,37.50849],[126.95119,37.50845]]]}},{"type":"Feature","properties":{"name":"안암제2구역 주택재개발정비사업","cat":"재개발","gu":"성북구"},"geometry":{"type":"Polygon","coordinates":[[[127.02381,37.58514],[127.02403,37.58412],[127.02312,37.58417],[127.02304,37.58453],[127.02368,37.58575],[127.0244,37.58589],[127.02423,37.58535],[127.02381,37.58514]]]}},{"type":"Feature","properties":{"name":"마천4구역","cat":"재개발","gu":"송파구"},"geometry":{"type":"Polygon","coordinates":[[[127.15529,37.49443],[127.15646,37.49191],[127.15734,37.49094],[127.15712,37.49064],[127.15314,37.49266],[127.15238,37.49322],[127.15503,37.49452],[127.15529,37.49443]]]}},{"type":"Feature","properties":{"name":"행당1구역주택재개발사업","cat":"재건축","gu":"성동구"},"geometry":{"type":"Polygon","coordinates":[[[127.03546,37.55479],[127.036,37.55474],[127.03639,37.55411],[127.03697,37.5538],[127.03643,37.55237],[127.03526,37.55212],[127.03462,37.55457],[127.03546,37.55479]]]}},{"type":"Feature","properties":{"name":"서울역~서대문5-1구역도시환경정비사","cat":"재건축","gu":"중구"},"geometry":{"type":"Polygon","coordinates":[[[126.97172,37.55982],[126.97153,37.55982],[126.97111,37.5604],[126.9716,37.56059],[126.97183,37.56028],[126.97172,37.55982]]]}},{"type":"Feature","properties":{"name":"강북5 재정비촉진구역","cat":"재개발","gu":"강북구"},"geometry":{"type":"Polygon","coordinates":[[[127.02882,37.61394],[127.02877,37.61508],[127.02974,37.61524],[127.02979,37.61391],[127.02906,37.61378],[127.02882,37.61394]]]}},{"type":"Feature","properties":{"name":"미아중심 재정비촉진지구","cat":"재정비촉진지구","gu":"강북구"},"geometry":{"type":"Polygon","coordinates":[[[127.0308,37.61618],[127.03104,37.61404],[127.03059,37.61291],[127.03196,37.61223],[127.03339,37.61112],[127.03347,37.61088],[127.03077,37.60946],[127.03064,37.60887],[127.03224,37.60379],[127.03347,37.60323],[127.03321,37.60269],[127.03285,37.60282],[127.03237,37.60248],[127.03207,37.60304],[127.03024,37.60401],[127.02903,37.60439],[127.02779,37.60446],[127.02687,37.60421],[127.02592,37.60301],[127.02484,37.60425],[127.02502,37.60461],[127.02431,37.60563],[127.02323,37.6087],[127.02383,37.60883],[127.02485,37.60591],[127.02512,37.60574],[127.02547,37.60588],[127.02595,37.60671],[127.02702,37.6066],[127.02729,37.60704],[127.02808,37.60747],[127.02822,37.60798],[127.02798,37.60829],[127.02838,37.60877],[127.02905,37.60912],[127.02922,37.61145],[127.02901,37.61242],[127.02846,37.61251],[127.02826,37.61294],[127.02852,37.61317],[127.02842,37.61401],[127.02882,37.61401],[127.0289,37.61643],[127.02745,37.61701],[127.02761,37.61737],[127.03014,37.61717],[127.0308,37.61618]],[[127.02921,37.60672],[127.02921,37.60621],[127.0278,37.60622],[127.02731,37.60579],[127.02778,37.60551],[127.02759,37.60519],[127.02739,37.60503],[127.02684,37.60539],[127.02595,37.60466],[127.02557,37.60407],[127.02598,37.60385],[127.02684,37.6046],[127.02786,37.6049],[127.02906,37.60479],[127.03052,37.60437],[127.03054,37.60621],[127.02963,37.60621],[127.02963,37.60672],[127.02921,37.60672]]]}},{"type":"Feature","properties":{"name":"흑석재정비촉진지구","cat":"재정비촉진지구","gu":"동작구"},"geometry":{"type":"Polygon","coordinates":[[[126.97204,37.50554],[126.97254,37.50531],[126.97161,37.50446],[126.97053,37.50438],[126.96926,37.50399],[126.96915,37.50416],[126.96759,37.50365],[126.96683,37.50389],[126.96603,37.50308],[126.96594,37.50284],[126.96626,37.50278],[126.96607,37.50248],[126.9651,37.50222],[126.96469,37.50114],[126.96412,37.50108],[126.96368,37.50167],[126.96314,37.50164],[126.96318,37.50212],[126.96232,37.50201],[126.96239,37.50105],[126.96273,37.50088],[126.96267,37.5007],[126.96284,37.5006],[126.96206,37.49988],[126.96132,37.49974],[126.96152,37.49949],[126.96132,37.4994],[126.96107,37.49965],[126.9609,37.49942],[126.96079,37.49957],[126.96048,37.49906],[126.95997,37.49935],[126.96013,37.50112],[126.95952,37.50121],[126.95933,37.5006],[126.95913,37.50058],[126.95928,37.50091],[126.9586,37.50101],[126.95834,37.50124],[126.95771,37.5011],[126.95773,37.5005],[126.95708,37.50049],[126.95698,37.50083],[126.95706,37.50117],[126.9575,37.50132],[126.95753,37.50188],[126.9569,37.5019],[126.95692,37.50217],[126.9576,37.50292],[126.95853,37.50354],[126.95862,37.50405],[126.95847,37.50421],[126.95965,37.50625],[126.95932,37.5065],[126.95925,37.50713],[126.95734,37.50655],[126.95707,37.50637],[126.95711,37.506],[126.95669,37.50577],[126.95666,37.50542],[126.95634,37.50524],[126.95469,37.50529],[126.95469,37.50549],[126.95492,37.50592],[126.95471,37.50592],[126.95657,37.50623],[126.95595,37.50704],[126.95525,37.50743],[126.95546,37.50773],[126.95532,37.5081],[126.95555,37.50843],[126.95549,37.50868],[126.95569,37.50892],[126.95555,37.50924],[126.95592,37.50942],[126.95644,37.50905],[126.95686,37.50956],[126.95727,37.50963],[126.95735,37.50944],[126.95789,37.50976],[126.95805,37.50961],[126.95803,37.50984],[126.95753,37.51005],[126.95808,37.51123],[126.95881,37.51133],[126.95896,37.51172],[126.95928,37.51157],[126.96014,37.51176],[126.96119,37.51121],[126.96417,37.50808],[126.9653,37.50739],[126.96981,37.5057],[126.97204,37.50554]]]}},{"type":"Feature","properties":{"name":"흑석9재정비촉진구역","cat":"재개발","gu":"동작구"},"geometry":{"type":"Polygon","coordinates":[[[126.96258,37.50626],[126.96263,37.50658],[126.96349,37.5065],[126.9635,37.50609],[126.9637,37.50612],[126.96393,37.50544],[126.9644,37.50557],[126.96401,37.50527],[126.96432,37.50509],[126.96436,37.50472],[126.96467,37.50476],[126.96512,37.50434],[126.96504,37.50376],[126.96452,37.50332],[126.96368,37.50311],[126.96192,37.50322],[126.96121,37.503],[126.96108,37.50304],[126.96125,37.50314],[126.96074,37.50314],[126.9607,37.50395],[126.96093,37.50395],[126.96088,37.5045],[126.96092,37.50497],[126.96099,37.50532],[126.96174,37.50691],[126.96173,37.5064],[126.96258,37.50626]],[[126.96099,37.50495],[126.96096,37.5037],[126.96177,37.50352],[126.96189,37.50524],[126.96115,37.50524],[126.96099,37.50495]]]}},{"type":"Feature","properties":{"name":"마포로4-6-2구역도시환경정비사업","cat":"재건축","gu":"서대문구"},"geometry":{"type":"Polygon","coordinates":[[[126.96519,37.56419],[126.96497,37.5639],[126.96459,37.56401],[126.96482,37.56433],[126.96519,37.56419]]]}},{"type":"Feature","properties":{"name":"사직1구역도시환경정비사업","cat":"재개발","gu":"종로구"},"geometry":{"type":"Polygon","coordinates":[[[126.96991,37.57405],[126.969,37.57373],[126.9683,37.57315],[126.96758,37.57297],[126.9671,37.57373],[126.96751,37.57405],[126.96735,37.57424],[126.96895,37.57531],[126.9704,37.57466],[126.96991,37.57405]]]}},{"type":"Feature","properties":{"name":"당산1구역주택재개발사업","cat":"재개발","gu":"영등포구"},"geometry":{"type":"Polygon","coordinates":[[[126.90079,37.52006],[126.90087,37.51916],[126.8998,37.51957],[126.90003,37.51986],[126.89983,37.51989],[126.89989,37.52016],[126.90079,37.52006]]]}},{"type":"Feature","properties":{"name":"장교6구역도시환경정비사업","cat":"재건축","gu":"종로구"},"geometry":{"type":"Polygon","coordinates":[[[126.98908,37.56789],[126.98898,37.56721],[126.98781,37.56708],[126.98795,37.56788],[126.98908,37.56789]]]}},{"type":"Feature","properties":{"name":"남대문2구역도시환경정비사업","cat":"재건축","gu":"중구"},"geometry":{"type":"Polygon","coordinates":[[[126.97664,37.55857],[126.97628,37.55853],[126.9761,37.55882],[126.9766,37.55889],[126.97664,37.55857]]]}},{"type":"Feature","properties":{"name":"남대문1구역도시환경정비사업","cat":"재건축","gu":"중구"},"geometry":{"type":"Polygon","coordinates":[[[126.97647,37.55897],[126.97604,37.55896],[126.97604,37.55983],[126.97651,37.55981],[126.97647,37.55897]]]}},{"type":"Feature","properties":{"name":"남대문10-1구역도시환경정비사업","cat":"재건축","gu":"중구"},"geometry":{"type":"Polygon","coordinates":[[[126.98075,37.56117],[126.9807,37.56075],[126.98016,37.5608],[126.9803,37.56119],[126.98075,37.56117]]]}},{"type":"Feature","properties":{"name":"휘경제2구역 주택재개발정비사업","cat":"재개발","gu":"동대문구"},"geometry":{"type":"Polygon","coordinates":[[[127.06867,37.58991],[127.06831,37.59022],[127.06742,37.59145],[127.06882,37.59184],[127.0689,37.59083],[127.06867,37.58991]]]}},{"type":"Feature","properties":{"name":"신길4구역주택재개발사업","cat":"재개발","gu":"영등포구"},"geometry":{"type":"Polygon","coordinates":[[[126.90112,37.4997],[126.9032,37.49773],[126.9038,37.49755],[126.90362,37.49738],[126.90256,37.49806],[126.90127,37.49934],[126.90112,37.4997]]]}},{"type":"Feature","properties":{"name":"명동도시정비형재개발구역","cat":"재개발","gu":"중구"},"geometry":{"type":"Polygon","coordinates":[[[126.98726,37.56601],[126.98738,37.56478],[126.98643,37.56431],[126.9865,37.56496],[126.98575,37.56518],[126.98576,37.56596],[126.98726,37.56601]]]}},{"type":"Feature","properties":{"name":"주거환경개선사업","cat":"주거환경개선","gu":"서대문구"},"geometry":{"type":"Polygon","coordinates":[[[126.9584,37.5691],[126.95899,37.56906],[126.95899,37.56858],[126.95922,37.56851],[126.95898,37.56826],[126.95897,37.56767],[126.95943,37.56645],[126.959,37.56582],[126.95906,37.56553],[126.95852,37.56614],[126.95798,37.56634],[126.95738,37.5674],[126.95796,37.56887],[126.9584,37.5691]]]}},{"type":"Feature","properties":{"name":"자양4 재정비촉진지구","cat":"재개발","gu":"광진구"},"geometry":{"type":"Polygon","coordinates":[[[127.0823,37.53775],[127.08207,37.53767],[127.08195,37.53707],[127.08128,37.53723],[127.08135,37.53736],[127.08083,37.53768],[127.08109,37.53821],[127.08177,37.53868],[127.08166,37.53801],[127.0823,37.53775]]]}},{"type":"Feature","properties":{"name":"한남3 재정비촉진구역","cat":"재개발","gu":"용산구"},"geometry":{"type":"MultiPolygon","coordinates":[[[[126.99793,37.53296],[126.99806,37.53338],[126.9978,37.53371],[126.99775,37.5343],[126.99821,37.53435],[126.99828,37.53402],[126.99854,37.53392],[126.9988,37.53413],[126.99908,37.53367],[126.99947,37.53419],[126.99969,37.53407],[127.00017,37.53444],[127.00109,37.53337],[127.00109,37.53321],[127.00081,37.53317],[127.00072,37.53254],[127.0029,37.53232],[127.003,37.53252],[127.00372,37.53244],[127.00386,37.53275],[127.00404,37.53263],[127.00456,37.53302],[127.00547,37.53229],[127.00568,37.53132],[127.00669,37.53001],[127.00655,37.52884],[127.0064,37.52861],[127.00566,37.52878],[127.00554,37.52839],[127.00578,37.5281],[127.00517,37.52765],[127.00564,37.52804],[127.00526,37.52821],[127.00451,37.52778],[127.00441,37.52779],[127.00477,37.52831],[127.00433,37.52861],[127.00432,37.52922],[127.00376,37.52927],[127.0032,37.5288],[127.00327,37.52856],[127.00287,37.5282],[127.00361,37.52786],[127.00356,37.52751],[127.00381,37.52737],[127.00388,37.52695],[127.00368,37.5267],[127.0032,37.52657],[127.00287,37.52718],[127.00221,37.52706],[127.00227,37.52694],[127.00157,37.52643],[127.00087,37.52633],[126.99926,37.52809],[126.99927,37.52815],[126.99955,37.52828],[126.99955,37.52832],[126.99916,37.52813],[126.99861,37.52857],[126.99827,37.52916],[126.999,37.52987],[126.99989,37.52952],[127.0001,37.52985],[127.00055,37.52984],[127.00133,37.53033],[127.00001,37.53109],[126.99937,37.53113],[126.99803,37.53172],[126.99758,37.53235],[126.99764,37.53254],[126.9981,37.53264],[126.99793,37.53296]]],[[[127.00368,37.5267],[127.00369,37.52668],[127.00368,37.52668],[127.00368,37.5267]]]]}},{"type":"Feature","properties":{"name":"한남 재정비촉진지구","cat":"재정비촉진지구","gu":"용산구"},"geometry":{"type":"Polygon","coordinates":[[[126.99619,37.52609],[126.99686,37.52592],[126.99691,37.52606],[126.9966,37.52628],[126.99706,37.52691],[126.99672,37.52744],[126.99682,37.52778],[126.99667,37.52792],[126.99741,37.52962],[126.99514,37.53133],[126.99431,37.5331],[126.99697,37.53325],[126.99779,37.53307],[126.99807,37.53339],[126.9978,37.53371],[126.99775,37.5343],[126.99821,37.53435],[126.99828,37.53402],[126.99854,37.53392],[126.9988,37.53413],[126.99908,37.53367],[126.99947,37.53419],[126.99969,37.53407],[127.00017,37.53444],[127.00109,37.53337],[127.00109,37.53321],[127.00081,37.53317],[127.00072,37.53254],[127.0029,37.53232],[127.003,37.53252],[127.00372,37.53244],[127.00386,37.53275],[127.00404,37.53263],[127.00456,37.53302],[127.00547,37.53229],[127.00568,37.53132],[127.00669,37.53001],[127.00668,37.52917],[127.00634,37.52853],[127.00318,37.52629],[127.0023,37.52527],[127.00143,37.52382],[127.00014,37.5226],[126.99484,37.52038],[126.99435,37.52041],[126.99413,37.52067],[126.99362,37.52318],[126.99615,37.5246],[126.9958,37.52505],[126.99615,37.52571],[126.99609,37.52597],[126.99619,37.52609]]]}},{"type":"Feature","properties":{"name":"도곡우성아파트 재건축정비사업","cat":"정비예정구역","gu":"강남구"},"geometry":{"type":"Polygon","coordinates":[[[127.03699,37.4897],[127.03687,37.48964],[127.03705,37.48951],[127.03677,37.48943],[127.03669,37.48916],[127.03708,37.48866],[127.03738,37.48871],[127.03764,37.48736],[127.03723,37.48723],[127.03667,37.48817],[127.0363,37.4882],[127.03577,37.48906],[127.03536,37.48912],[127.03699,37.4897]]]}},{"type":"Feature","properties":{"name":"상계2 재정비촉진구역","cat":"재개발","gu":"노원구"},"geometry":{"type":"Polygon","coordinates":[[[127.08094,37.67281],[127.0812,37.67286],[127.082,37.67258],[127.08148,37.6727],[127.08074,37.67178],[127.0808,37.6715],[127.08005,37.67152],[127.07934,37.67124],[127.07927,37.67092],[127.07829,37.6701],[127.07767,37.66914],[127.07697,37.66993],[127.07684,37.67063],[127.07627,37.67097],[127.07708,37.67153],[127.07699,37.67179],[127.07824,37.67244],[127.07827,37.6731],[127.07906,37.67393],[127.0798,37.67344],[127.08032,37.67341],[127.08094,37.67281]]]}},{"type":"Feature","properties":{"name":"무교다동 22-3 지구","cat":"재건축","gu":"종로구"},"geometry":{"type":"Polygon","coordinates":[[[126.98188,37.56761],[126.98172,37.56751],[126.98171,37.56759],[126.98188,37.56761]]]}},{"type":"Feature","properties":{"name":"무교다동 23-2 지구","cat":"재건축","gu":"종로구"},"geometry":{"type":"Polygon","coordinates":[[[126.98159,37.5674],[126.98151,37.5673],[126.98148,37.56738],[126.98159,37.5674]]]}},{"type":"Feature","properties":{"name":"목동11단지아파트 재건축사업 정비구역","cat":"정비예정구역","gu":"양천구"},"geometry":{"type":"Polygon","coordinates":[[[126.85742,37.51405],[126.85981,37.51189],[126.86042,37.51097],[126.85905,37.51037],[126.86024,37.50836],[126.86166,37.50888],[126.86218,37.50773],[126.86011,37.50701],[126.85618,37.51353],[126.85742,37.51405]]]}},{"type":"Feature","properties":{"name":"천호 재정비촉진지구","cat":"재정비촉진지구","gu":"강동구"},"geometry":{"type":"Polygon","coordinates":[[[127.12525,37.54179],[127.1257,37.5423],[127.12615,37.54341],[127.12699,37.54324],[127.12853,37.54254],[127.12848,37.54167],[127.12998,37.54121],[127.1287,37.54061],[127.12719,37.54059],[127.12631,37.54083],[127.12654,37.54133],[127.12525,37.54179]]]}},{"type":"Feature","properties":{"name":"이문·휘경 재정비촉진지구","cat":"재정비촉진지구","gu":"동대문구"},"geometry":{"type":"Polygon","coordinates":[[[127.05683,37.60089],[127.05494,37.60031],[127.05327,37.60017],[127.05321,37.60039],[127.05392,37.60042],[127.05381,37.60061],[127.05425,37.60065],[127.05508,37.60134],[127.05541,37.60101],[127.05734,37.60151],[127.05732,37.60115],[127.05917,37.60104],[127.05931,37.60133],[127.06054,37.60187],[127.06001,37.60208],[127.05994,37.60233],[127.06017,37.60316],[127.06086,37.60357],[127.06135,37.60317],[127.06192,37.60312],[127.06193,37.60289],[127.06225,37.60289],[127.06215,37.60121],[127.06236,37.60121],[127.06235,37.60098],[127.06214,37.60098],[127.06214,37.60082],[127.06474,37.6008],[127.06474,37.6004],[127.06511,37.60006],[127.06505,37.59951],[127.06584,37.5994],[127.06677,37.60077],[127.06732,37.6021],[127.06776,37.5963],[127.0685,37.59336],[127.06292,37.59212],[127.06357,37.59147],[127.06242,37.59104],[127.06248,37.59031],[127.05723,37.58879],[127.05626,37.58917],[127.05606,37.58979],[127.05683,37.59116],[127.057,37.59115],[127.05698,37.59094],[127.05945,37.59077],[127.05993,37.59118],[127.06018,37.59109],[127.06262,37.59443],[127.06195,37.59484],[127.06197,37.59519],[127.06087,37.59548],[127.06081,37.59535],[127.05984,37.59605],[127.06077,37.59747],[127.0586,37.59847],[127.059,37.59995],[127.0582,37.59993],[127.05823,37.59978],[127.05748,37.59952],[127.05743,37.60033],[127.05683,37.60089]]]}},{"type":"Feature","properties":{"name":"주택재개발사업구역","cat":"재개발","gu":"동대문구"},"geometry":{"type":"Polygon","coordinates":[[[127.06214,37.60081],[127.06474,37.6008],[127.06474,37.6004],[127.06511,37.60006],[127.06505,37.59951],[127.06584,37.5994],[127.06308,37.59577],[127.06146,37.59645],[127.06091,37.59729],[127.06127,37.59788],[127.06147,37.5978],[127.06168,37.59808],[127.06189,37.59794],[127.06236,37.59857],[127.06225,37.59891],[127.06187,37.59898],[127.06203,37.59965],[127.06253,37.59959],[127.06277,37.59935],[127.06321,37.59971],[127.06295,37.59999],[127.06248,37.59969],[127.06205,37.59978],[127.06214,37.60038],[127.06248,37.60038],[127.06214,37.60049],[127.06214,37.60081]]]}},{"type":"Feature","properties":{"name":"우신빌라 재건축사업","cat":"정비예정구역","gu":"구로구"},"geometry":{"type":"Polygon","coordinates":[[[126.82893,37.49622],[126.82924,37.49607],[126.82979,37.49512],[126.83036,37.49506],[126.83126,37.49345],[126.83027,37.49341],[126.83004,37.49392],[126.82933,37.49378],[126.8281,37.49453],[126.82756,37.4953],[126.82773,37.49579],[126.82893,37.49622]]]}},{"type":"Feature","properties":{"name":"대치미도아파트 재건축정비사업","cat":"정비예정구역","gu":"강남구"},"geometry":{"type":"Polygon","coordinates":[[[127.07079,37.49391],[127.06941,37.49252],[127.06814,37.49164],[127.06865,37.49035],[127.06794,37.49155],[127.06636,37.49099],[127.06553,37.49103],[127.06486,37.49175],[127.0639,37.49355],[127.06614,37.49422],[127.06574,37.49507],[127.06908,37.49606],[127.07002,37.49575],[127.07084,37.49427],[127.07079,37.49391]]]}},{"type":"Feature","properties":{"name":"양평 제13구역 도시정비형 재개발사업","cat":"재개발","gu":"양천구"},"geometry":{"type":"Polygon","coordinates":[[[126.88605,37.52551],[126.88585,37.52437],[126.88354,37.52476],[126.88387,37.52591],[126.88605,37.52551]]]}},{"type":"Feature","properties":{"name":"5-1·3구역","cat":"재개발","gu":"종로구"},"geometry":{"type":"Polygon","coordinates":[[[126.99648,37.56777],[126.99637,37.56726],[126.99575,37.56724],[126.99561,37.56839],[126.99656,37.56847],[126.99657,37.56828],[126.99617,37.56835],[126.9962,37.56786],[126.99648,37.56777]]]}},{"type":"Feature","properties":{"name":"신림2재정비촉진구역","cat":"재개발","gu":"관악구"},"geometry":{"type":"Polygon","coordinates":[[[126.93075,37.46373],[126.93161,37.46322],[126.9318,37.46151],[126.93151,37.46142],[126.93146,37.46189],[126.9307,37.46247],[126.93043,37.46141],[126.92999,37.46071],[126.93012,37.45939],[126.9299,37.45923],[126.93004,37.45976],[126.92956,37.4605],[126.9287,37.45955],[126.92816,37.45928],[126.92849,37.45994],[126.92837,37.4601],[126.92993,37.4613],[126.93013,37.4617],[126.93003,37.46251],[126.92964,37.46249],[126.92957,37.46286],[126.92967,37.46329],[126.92989,37.46333],[126.92963,37.46501],[126.92891,37.4654],[126.92934,37.46595],[126.92913,37.46629],[126.92916,37.46681],[126.92969,37.46695],[126.93107,37.46662],[126.93104,37.46628],[126.9306,37.46615],[126.93099,37.46564],[126.93108,37.46578],[126.93132,37.46564],[126.93149,37.46433],[126.93118,37.4646],[126.93041,37.46452],[126.93075,37.46373]]]}},{"type":"Feature","properties":{"name":"신림재정비촉진지구","cat":"재정비촉진지구","gu":"관악구"},"geometry":{"type":"Polygon","coordinates":[[[126.92993,37.4613],[126.93013,37.46186],[126.93003,37.46251],[126.92964,37.46249],[126.92957,37.46286],[126.92967,37.46328],[126.92988,37.46333],[126.92963,37.46501],[126.92891,37.4654],[126.92934,37.46595],[126.92907,37.46686],[126.92934,37.46822],[126.92897,37.4684],[126.92851,37.46818],[126.928,37.46848],[126.92837,37.46885],[126.92797,37.46909],[126.92836,37.46935],[126.92835,37.46968],[126.92773,37.4699],[126.92836,37.46987],[126.9286,37.47019],[126.92747,37.47043],[126.92665,37.47084],[126.92679,37.47106],[126.92707,37.47107],[126.9278,37.47077],[126.92907,37.47085],[126.9292,37.471],[126.9288,37.47148],[126.9297,37.47212],[126.92966,37.47244],[126.93008,37.47272],[126.93132,37.47153],[126.93201,37.47164],[126.93225,37.47263],[126.9319,37.47322],[126.9309,37.47356],[126.93079,37.474],[126.93093,37.47435],[126.93071,37.47445],[126.93072,37.47467],[126.93098,37.47478],[126.93197,37.47452],[126.93214,37.47384],[126.93284,37.47433],[126.93335,37.47435],[126.9336,37.47406],[126.93365,37.47309],[126.93419,37.47302],[126.93425,37.47244],[126.93552,37.47188],[126.93482,37.46955],[126.9333,37.47007],[126.9316,37.46682],[126.93157,37.46564],[126.93237,37.46608],[126.9334,37.46614],[126.93362,37.46596],[126.93377,37.4641],[126.93334,37.4639],[126.93295,37.46337],[126.93296,37.46212],[126.93305,37.46141],[126.93404,37.46138],[126.93331,37.46122],[126.93351,37.46015],[126.93296,37.45903],[126.93283,37.45894],[126.93249,37.4592],[126.93177,37.46054],[126.93202,37.46146],[126.93151,37.46142],[126.93146,37.46189],[126.9307,37.46247],[126.93043,37.46141],[126.92999,37.46071],[126.93012,37.45938],[126.9299,37.45923],[126.93004,37.45976],[126.92955,37.4605],[126.9287,37.45955],[126.92815,37.45928],[126.92849,37.45994],[126.92837,37.4601],[126.92993,37.4613]]]}},{"type":"Feature","properties":{"name":"창신1도시정비형 재개발구역 1-A","cat":"재개발","gu":"종로구"},"geometry":{"type":"Polygon","coordinates":[[[127.01146,37.57046],[127.01253,37.57025],[127.01252,37.57004],[127.00984,37.57003],[127.00989,37.57054],[127.01096,37.57158],[127.01067,37.57089],[127.01086,37.57077],[127.01254,37.57078],[127.01254,37.57064],[127.01141,37.57066],[127.01146,37.57046]]]}},{"type":"Feature","properties":{"name":"주택재개발사업구역","cat":"재개발","gu":"성북구"},"geometry":{"type":"Polygon","coordinates":[[[127.05417,37.61973],[127.05558,37.61892],[127.0568,37.61779],[127.05637,37.61724],[127.05641,37.61685],[127.05593,37.61694],[127.05515,37.61764],[127.05392,37.61686],[127.05314,37.61749],[127.05263,37.61713],[127.05145,37.61806],[127.05417,37.61973]],[[127.0554,37.61777],[127.05605,37.61718],[127.05625,37.61735],[127.05557,37.61791],[127.0554,37.61777]]]}},{"type":"Feature","properties":{"name":"정릉제10구역주택재개발정비사업","cat":"재개발","gu":"성북구"},"geometry":{"type":"Polygon","coordinates":[[[127.01142,37.60252],[127.01217,37.60232],[127.01252,37.60197],[127.01185,37.60126],[127.01046,37.60103],[127.01025,37.60157],[127.01075,37.60176],[127.01089,37.60225],[127.01131,37.60207],[127.01142,37.60252]]]}},{"type":"Feature","properties":{"name":"돈암제5구역 주택재개발정비사업","cat":"재개발","gu":"성북구"},"geometry":{"type":"Polygon","coordinates":[[[127.02354,37.60146],[127.0239,37.60092],[127.02363,37.60055],[127.02237,37.5994],[127.02205,37.59951],[127.02227,37.60095],[127.02304,37.60139],[127.02323,37.60129],[127.02354,37.60146]]]}},{"type":"Feature","properties":{"name":"수색9 재정비촉진구역 주택재개발사업","cat":"재개발","gu":"은평구"},"geometry":{"type":"Polygon","coordinates":[[[126.90104,37.58109],[126.901,37.58074],[126.90054,37.58067],[126.90068,37.58008],[126.90029,37.5799],[126.90014,37.57953],[126.89919,37.58011],[126.89952,37.58046],[126.89893,37.58083],[126.89857,37.58057],[126.9006,37.58282],[126.90067,37.58245],[126.90091,37.58226],[126.90085,37.58141],[126.90131,37.58131],[126.90104,37.58109]]]}},{"type":"Feature","properties":{"name":"마포로2-3구역도시환경정비사업","cat":"재건축","gu":"마포구"},"geometry":{"type":"Polygon","coordinates":[[[126.95307,37.54709],[126.95266,37.54726],[126.95314,37.54785],[126.95349,37.5477],[126.95307,37.54709]]]}},{"type":"Feature","properties":{"name":"마포로4-5구역도시환경정비사업","cat":"재건축","gu":"서대문구"},"geometry":{"type":"Polygon","coordinates":[[[126.96453,37.5633],[126.9641,37.56258],[126.96369,37.56266],[126.96431,37.56333],[126.96453,37.5633]]]}},{"type":"Feature","properties":{"name":"강북구 미아동 소난무협동마을 주거환경관리사업","cat":"주거환경개선","gu":"강북구"},"geometry":{"type":"Polygon","coordinates":[[[127.01994,37.62152],[127.01923,37.62158],[127.01921,37.62141],[127.01905,37.62162],[127.01865,37.62162],[127.01866,37.62192],[127.01777,37.62189],[127.01777,37.62144],[127.01821,37.62107],[127.01828,37.62004],[127.01694,37.62011],[127.01438,37.6203],[127.01441,37.62159],[127.01368,37.62154],[127.01339,37.62196],[127.01298,37.62204],[127.01316,37.62253],[127.0133,37.62227],[127.01383,37.62238],[127.01376,37.62263],[127.01423,37.62259],[127.01451,37.62283],[127.01458,37.62298],[127.01393,37.62325],[127.01399,37.62339],[127.01473,37.62313],[127.01564,37.62327],[127.01611,37.62295],[127.01658,37.62316],[127.01697,37.62289],[127.01718,37.62308],[127.01806,37.62305],[127.01786,37.62333],[127.01864,37.62352],[127.01998,37.62213],[127.01969,37.62199],[127.01994,37.62152]]]}},{"type":"Feature","properties":{"name":"국립중앙의료원 부지 특별계획구역","cat":"재개발","gu":"종로구"},"geometry":{"type":"Polygon","coordinates":[[[127.0071,37.56717],[127.00616,37.56724],[127.00596,37.56649],[127.00465,37.56671],[127.00555,37.56826],[127.00764,37.56791],[127.0071,37.56717]]]}},{"type":"Feature","properties":{"name":"방화6구역","cat":"정비예정구역","gu":"강서구"},"geometry":{"type":"Polygon","coordinates":[[[126.81524,37.56668],[126.81633,37.56649],[126.81628,37.56403],[126.8153,37.56385],[126.8153,37.56367],[126.81512,37.56367],[126.81524,37.56668]]]}},{"type":"Feature","properties":{"name":"구로4구역주택재개발사업","cat":"재개발","gu":"구로구"},"geometry":{"type":"Polygon","coordinates":[[[126.89405,37.49273],[126.89472,37.49254],[126.89498,37.49186],[126.89437,37.49147],[126.89335,37.49148],[126.89332,37.49209],[126.89317,37.49218],[126.89364,37.49221],[126.8936,37.4924],[126.89405,37.49273]]]}},{"type":"Feature","properties":{"name":"영동포1구역주택재개발사업","cat":"재개발","gu":"영등포구"},"geometry":{"type":"Polygon","coordinates":[[[126.91263,37.51565],[126.91311,37.51565],[126.91358,37.51477],[126.91216,37.51395],[126.91178,37.51431],[126.91226,37.51492],[126.91253,37.51486],[126.91263,37.51565]]]}},{"type":"Feature","properties":{"name":"구로2동 살구마을 관리형 주거환경개선사업 정비구역","cat":"주거환경개선","gu":"구로구"},"geometry":{"type":"Polygon","coordinates":[[[126.88746,37.494],[126.88866,37.49462],[126.88994,37.49303],[126.88956,37.4929],[126.88928,37.49315],[126.88965,37.49214],[126.88915,37.49181],[126.88875,37.49239],[126.88877,37.49264],[126.88616,37.49236],[126.88595,37.49324],[126.88762,37.49374],[126.88746,37.494]]]}},{"type":"Feature","properties":{"name":"용두5 주택재개발구역","cat":"재개발","gu":"동대문구"},"geometry":{"type":"Polygon","coordinates":[[[127.03024,37.57047],[127.02817,37.57105],[127.02819,37.57249],[127.03041,37.5724],[127.03024,37.57047]]]}},{"type":"Feature","properties":{"name":"세운재정비촉진지구27-1구역도시환경","cat":"재건축","gu":"종로구"},"geometry":{"type":"Polygon","coordinates":[[[126.99613,37.566],[126.99607,37.5664],[126.99656,37.56643],[126.9966,37.56603],[126.99613,37.566]]]}},{"type":"Feature","properties":{"name":"서소문13구역도시환경정비사업","cat":"재건축","gu":"중구"},"geometry":{"type":"Polygon","coordinates":[[[126.97349,37.56127],[126.97288,37.56099],[126.97256,37.56134],[126.97311,37.56165],[126.97349,37.56127]]]}},{"type":"Feature","properties":{"name":"주택재개발사업구역","cat":"재개발","gu":"서대문구"},"geometry":{"type":"Polygon","coordinates":[[[126.91711,37.57745],[126.91809,37.57704],[126.91828,37.57643],[126.9188,37.57574],[126.92001,37.57674],[126.92058,37.57622],[126.91977,37.57554],[126.91927,37.57588],[126.91859,37.57534],[126.91873,37.57487],[126.91904,37.57492],[126.9185,37.57445],[126.91786,37.57521],[126.91667,37.57507],[126.91642,37.57647],[126.91622,37.57667],[126.91671,37.57671],[126.9168,37.57717],[126.91711,37.57745]]]}},{"type":"Feature","properties":{"name":"주거환경개선사업","cat":"주거환경개선","gu":"양천구"},"geometry":{"type":"Polygon","coordinates":[[[126.87323,37.54057],[126.8731,37.5404],[126.87329,37.54018],[126.87281,37.53907],[126.87062,37.54007],[126.87065,37.53928],[126.87038,37.53928],[126.86972,37.53968],[126.8698,37.54026],[126.86889,37.54038],[126.86911,37.54137],[126.86948,37.54115],[126.87016,37.54136],[126.87069,37.54069],[126.87158,37.54193],[126.87316,37.54125],[126.87304,37.54117],[126.87323,37.54057]]]}},{"type":"Feature","properties":{"name":"구로제8주택 재개발구역","cat":"재개발","gu":"구로구"},"geometry":{"type":"Polygon","coordinates":[[[126.89088,37.48661],[126.89108,37.48668],[126.89143,37.48632],[126.89093,37.48601],[126.89101,37.48585],[126.89037,37.48571],[126.89036,37.48526],[126.88952,37.48524],[126.88977,37.4866],[126.89044,37.48712],[126.89088,37.48661]]]}},{"type":"Feature","properties":{"name":"마포로1구역 제41,42지구","cat":"재건축","gu":"마포구"},"geometry":{"type":"Polygon","coordinates":[[[126.95063,37.5418],[126.95014,37.5415],[126.94988,37.54174],[126.95033,37.54206],[126.95063,37.5418]]]}},{"type":"Feature","properties":{"name":"재개발 정비구역","cat":"재개발","gu":"성동구"},"geometry":{"type":"Polygon","coordinates":[[[127.03619,37.55687],[127.03584,37.55759],[127.03562,37.55757],[127.03633,37.55815],[127.03646,37.55798],[127.03686,37.55808],[127.03681,37.55822],[127.0379,37.55835],[127.03864,37.55787],[127.03882,37.55792],[127.03871,37.5575],[127.0373,37.5558],[127.03589,37.55632],[127.03586,37.5567],[127.03619,37.55687]]]}},{"type":"Feature","properties":{"name":"홍은4-1구역주택재개발사업","cat":"재건축","gu":"서대문구"},"geometry":{"type":"Polygon","coordinates":[[[126.94538,37.59674],[126.94525,37.59687],[126.94507,37.59678],[126.94314,37.59749],[126.94445,37.59801],[126.94501,37.59804],[126.94555,37.59758],[126.9453,37.59698],[126.94538,37.59674]]]}},{"type":"Feature","properties":{"name":"신림7구역주택재개발사업","cat":"재개발","gu":"관악구"},"geometry":{"type":"Polygon","coordinates":[[[126.92025,37.46246],[126.92006,37.46192],[126.92101,37.46088],[126.91961,37.46051],[126.91911,37.46171],[126.91861,37.4618],[126.91878,37.46244],[126.91904,37.46251],[126.91904,37.46278],[126.91927,37.4626],[126.91979,37.46281],[126.92025,37.46246]]]}},{"type":"Feature","properties":{"name":"흑석11재정비촉진구역","cat":"재개발","gu":"동작구"},"geometry":{"type":"Polygon","coordinates":[[[126.96981,37.5057],[126.9723,37.50551],[126.97254,37.50531],[126.97161,37.50446],[126.97053,37.50438],[126.96926,37.50399],[126.96915,37.50416],[126.96759,37.50365],[126.96657,37.50405],[126.96672,37.50443],[126.96643,37.50448],[126.96608,37.50496],[126.96636,37.50554],[126.96685,37.50539],[126.96727,37.50473],[126.96777,37.50645],[126.96981,37.5057]],[[126.97042,37.50457],[126.96931,37.50441],[126.9693,37.50439],[126.96994,37.50427],[126.97022,37.50446],[126.9705,37.5044],[126.97042,37.50457]]]}},{"type":"Feature","properties":{"name":"보문제3주택재개발정비사업","cat":"재개발","gu":"성북구"},"geometry":{"type":"Polygon","coordinates":[[[127.01951,37.57972],[127.01907,37.57945],[127.0193,37.5791],[127.01907,37.57895],[127.01932,37.57862],[127.01937,37.57808],[127.01905,37.57797],[127.01913,37.57774],[127.01877,37.57751],[127.01842,37.57766],[127.01809,37.57757],[127.01792,37.57781],[127.01833,37.57859],[127.01824,37.57911],[127.0174,37.58022],[127.01813,37.58122],[127.01773,37.58256],[127.01779,37.58319],[127.01838,37.58273],[127.01831,37.58191],[127.01951,37.57972]]]}},{"type":"Feature","properties":{"name":"천호 3-1구역","cat":"재개발","gu":"강동구"},"geometry":{"type":"Polygon","coordinates":[[[127.13452,37.54345],[127.13416,37.54295],[127.13432,37.54262],[127.13346,37.54243],[127.13209,37.54299],[127.1319,37.5426],[127.13158,37.54284],[127.13199,37.54319],[127.13207,37.54331],[127.13192,37.54334],[127.13222,37.54373],[127.13269,37.54356],[127.13398,37.54394],[127.13452,37.54345]]]}},{"type":"Feature","properties":{"name":"용문구역 주택재개발","cat":"재개발","gu":"용산구"},"geometry":{"type":"Polygon","coordinates":[[[126.95914,37.53696],[126.96,37.53601],[126.95968,37.5355],[126.95867,37.53595],[126.9584,37.53635],[126.95869,37.53644],[126.95835,37.53655],[126.95843,37.53674],[126.95914,37.53696]]]}},{"type":"Feature","properties":{"name":"내자·필운구역 제2-1지구","cat":"재건축","gu":"종로구"},"geometry":{"type":"MultiPolygon","coordinates":[[[[126.9704,37.57588],[126.97151,37.57572],[126.97145,37.57474],[126.9713,37.57477],[126.97123,37.57451],[126.97016,37.575],[126.9704,37.57588]]],[[[126.9696,37.57549],[126.96955,37.5753],[126.96951,37.57532],[126.9696,37.57549]]],[[[126.96942,37.5758],[126.9692,37.57548],[126.96907,37.57557],[126.96912,37.57564],[126.96942,37.5758]]]]}},{"type":"Feature","properties":{"name":"내자·필운구역 도시정비형 재개발사업","cat":"재개발","gu":"종로구"},"geometry":{"type":"Polygon","coordinates":[[[126.97151,37.57572],[126.97148,37.57444],[126.96907,37.5756],[126.9699,37.5759],[126.97151,37.57572]]]}},{"type":"Feature","properties":{"name":"마장동 382번지 일대 주택정비형 재개발사업","cat":"재개발","gu":"성동구"},"geometry":{"type":"Polygon","coordinates":[[[127.04509,37.56232],[127.04382,37.56336],[127.04433,37.56374],[127.04447,37.56412],[127.04524,37.56325],[127.04537,37.56388],[127.04638,37.56367],[127.0459,37.56312],[127.04535,37.56312],[127.04529,37.56246],[127.04509,37.56232]]]}},{"type":"Feature","properties":{"name":"도봉2구역주택재개발사업","cat":"재개발","gu":"도봉구"},"geometry":{"type":"Polygon","coordinates":[[[127.04797,37.67417],[127.04702,37.67207],[127.04673,37.67229],[127.04717,37.67443],[127.04797,37.67417]]]}},{"type":"Feature","properties":{"name":"신월시영아파트 재건축 정비구역","cat":"정비예정구역","gu":"양천구"},"geometry":{"type":"Polygon","coordinates":[[[126.83781,37.51755],[126.8354,37.51661],[126.83545,37.51598],[126.83486,37.5158],[126.83442,37.5167],[126.83295,37.51625],[126.8318,37.5168],[126.83122,37.51751],[126.83118,37.51883],[126.83163,37.51877],[126.83223,37.51923],[126.83284,37.51915],[126.83275,37.51967],[126.83309,37.51992],[126.8354,37.51927],[126.83582,37.51835],[126.83714,37.51864],[126.83752,37.5182],[126.83781,37.51755]]]}},{"type":"Feature","properties":{"name":"길동진흥아파트주택재건축사업","cat":"정비예정구역","gu":"강동구"},"geometry":{"type":"Polygon","coordinates":[[[127.14475,37.5339],[127.14513,37.53481],[127.1458,37.53465],[127.14646,37.53486],[127.14653,37.5351],[127.14772,37.5349],[127.14804,37.53445],[127.14764,37.53344],[127.14706,37.53311],[127.14475,37.5339]]]}},{"type":"Feature","properties":{"name":"서울역~서대문3구역도시환경정비사업","cat":"재건축","gu":"종로구"},"geometry":{"type":"Polygon","coordinates":[[[126.96867,37.56414],[126.96844,37.56405],[126.96813,37.56447],[126.96862,37.56458],[126.96867,37.56414]]]}},{"type":"Feature","properties":{"name":"주거환경개선사업","cat":"주거환경개선","gu":"서울시"},"geometry":{"type":"Polygon","coordinates":[[[126.8949,37.44763],[126.89472,37.4476],[126.89481,37.44781],[126.8949,37.44763]]]}},{"type":"Feature","properties":{"name":"개봉3동 너른뜰마을 관리형주거환경개선사업 정비구역","cat":"주거환경개선","gu":"구로구"},"geometry":{"type":"Polygon","coordinates":[[[126.85644,37.48807],[126.85853,37.48818],[126.85909,37.48795],[126.85763,37.48625],[126.85664,37.48604],[126.85644,37.48807]]]}},{"type":"Feature","properties":{"name":"전농13재정비촉진구역","cat":"재개발","gu":"동대문구"},"geometry":{"type":"Polygon","coordinates":[[[127.05748,37.57688],[127.05749,37.57533],[127.0553,37.57566],[127.05737,37.57712],[127.05763,37.577],[127.05748,37.57688]]]}},{"type":"Feature","properties":{"name":"도렴11구역도시환경정비사업","cat":"재건축","gu":"종로구"},"geometry":{"type":"Polygon","coordinates":[[[126.97475,37.57149],[126.97463,37.57124],[126.97419,37.57124],[126.97424,37.57155],[126.97475,37.57149]]]}},{"type":"Feature","properties":{"name":"방화재정비촉진지구","cat":"재정비촉진지구","gu":"강서구"},"geometry":{"type":"Polygon","coordinates":[[[126.81014,37.56458],[126.8066,37.56422],[126.8061,37.56574],[126.80707,37.56591],[126.80772,37.56711],[126.80769,37.56788],[126.81185,37.56786],[126.8119,37.56671],[126.81254,37.56652],[126.81258,37.56666],[126.81521,37.56673],[126.81617,37.56662],[126.81633,37.56649],[126.8163,37.56582],[126.81676,37.56557],[126.81684,37.56513],[126.81763,37.56512],[126.81749,37.5653],[126.81885,37.56475],[126.81879,37.56269],[126.81628,37.5646],[126.81625,37.56219],[126.81473,37.56208],[126.81445,37.56303],[126.81117,37.56449],[126.81094,37.56419],[126.81014,37.56458]]]}},{"type":"Feature","properties":{"name":"노량진4재정비촉진구역","cat":"재개발","gu":"동작구"},"geometry":{"type":"Polygon","coordinates":[[[126.94206,37.50907],[126.94301,37.50848],[126.94307,37.50904],[126.94272,37.50936],[126.9425,37.50921],[126.94232,37.5094],[126.94298,37.50974],[126.94323,37.50934],[126.94307,37.50809],[126.94325,37.50794],[126.94305,37.50763],[126.94217,37.5068],[126.94085,37.50683],[126.94089,37.50811],[126.94151,37.50811],[126.94145,37.5092],[126.94217,37.50935],[126.94206,37.50907]]]}},{"type":"Feature","properties":{"name":"주택재개발사업구역","cat":"재개발","gu":"노원구"},"geometry":{"type":"Polygon","coordinates":[[[127.07588,37.66678],[127.07548,37.66361],[127.07299,37.66548],[127.07486,37.6659],[127.07568,37.66737],[127.07604,37.66713],[127.0775,37.66915],[127.07767,37.66907],[127.07588,37.66678]]]}},{"type":"Feature","properties":{"name":"노원구 상계동 677, 680번지 일대","cat":"정비예정구역","gu":"노원구"},"geometry":{"type":"MultiPolygon","coordinates":[[[[127.06305,37.66293],[127.06172,37.66309],[127.06131,37.66502],[127.06222,37.66508],[127.06334,37.66473],[127.06305,37.66293]]],[[[127.06299,37.6618],[127.06287,37.66102],[127.0619,37.66113],[127.06199,37.66191],[127.06299,37.6618]]]]}},{"type":"Feature","properties":{"name":"상계3-1구역주택재개발사업","cat":"재건축","gu":"노원구"},"geometry":{"type":"Polygon","coordinates":[[[127.08083,37.66689],[127.07872,37.6659],[127.07794,37.66598],[127.07896,37.66734],[127.08061,37.66766],[127.08083,37.66689]]]}},{"type":"Feature","properties":{"name":"경복궁서측 주거환경관리사업구역","cat":"주거환경개선","gu":"종로구"},"geometry":{"type":"Polygon","coordinates":[[[126.9702,37.58395],[126.97374,37.58382],[126.97383,37.58056],[126.97444,37.57607],[126.97222,37.57622],[126.97259,37.57624],[126.97196,37.57801],[126.97163,37.57783],[126.97216,37.57653],[126.97058,37.57649],[126.96937,37.57706],[126.96929,37.57623],[126.969,37.57618],[126.96803,37.57667],[126.96749,37.57723],[126.96754,37.5776],[126.96647,37.57773],[126.96668,37.5782],[126.96722,37.57818],[126.9676,37.57787],[126.96844,37.578],[126.96815,37.57838],[126.96831,37.57908],[126.96815,37.57925],[126.96776,37.57897],[126.96744,37.57908],[126.96765,37.57991],[126.96689,37.57953],[126.96643,37.57963],[126.96623,37.57954],[126.96628,37.57935],[126.96614,37.57947],[126.96569,37.57934],[126.96569,37.57955],[126.96491,37.57962],[126.9649,37.57985],[126.96439,37.5798],[126.96447,37.58011],[126.96405,37.58057],[126.9642,37.58128],[126.96397,37.58258],[126.96445,37.58298],[126.96494,37.58253],[126.96543,37.58259],[126.96509,37.58292],[126.96543,37.58271],[126.96567,37.58286],[126.96584,37.58252],[126.96705,37.58198],[126.96724,37.58227],[126.96775,37.58228],[126.96722,37.58337],[126.96758,37.58408],[126.96804,37.58421],[126.96947,37.58399],[126.96966,37.58435],[126.9702,37.58395]]]}},{"type":"Feature","properties":{"name":"공덕1-1주거환경개선지구","cat":"주거환경개선","gu":"마포구"},"geometry":{"type":"Polygon","coordinates":[[[126.96355,37.55004],[126.96335,37.54885],[126.96317,37.5489],[126.96309,37.54928],[126.96141,37.54967],[126.96044,37.54957],[126.9624,37.55134],[126.96319,37.55066],[126.96355,37.55004]]]}},{"type":"Feature","properties":{"name":"마포로2-1-1구역도시환경정비사업","cat":"재건축","gu":"마포구"},"geometry":{"type":"Polygon","coordinates":[[[126.95214,37.54584],[126.95166,37.54532],[126.95138,37.54549],[126.95175,37.54599],[126.95214,37.54584]]]}},{"type":"Feature","properties":{"name":"도렴12구역도시환경정비사업","cat":"재건축","gu":"종로구"},"geometry":{"type":"Polygon","coordinates":[[[126.97276,37.57199],[126.9738,37.57204],[126.97386,37.57173],[126.97284,37.57169],[126.97276,37.57199]]]}},{"type":"Feature","properties":{"name":"마포로1구역 제58-2지구","cat":"재건축","gu":"마포구"},"geometry":{"type":"Polygon","coordinates":[[[126.94904,37.54325],[126.94878,37.54299],[126.94796,37.54343],[126.94829,37.5436],[126.94904,37.54325]]]}},{"type":"Feature","properties":{"name":"무교다동구역제29지구","cat":"재건축","gu":"종로구"},"geometry":{"type":"Polygon","coordinates":[[[126.9793,37.56628],[126.9793,37.56677],[126.97978,37.56672],[126.97963,37.56615],[126.9793,37.56628]]]}},{"type":"Feature","properties":{"name":"주택재개발사업구역","cat":"재개발","gu":"은평구"},"geometry":{"type":"Polygon","coordinates":[[[126.91074,37.58926],[126.91287,37.58871],[126.91268,37.58776],[126.91221,37.5867],[126.91165,37.587],[126.90962,37.58495],[126.90877,37.58548],[126.91029,37.58625],[126.90856,37.58736],[126.90881,37.58765],[126.9077,37.58839],[126.90761,37.58866],[126.90844,37.58878],[126.90864,37.58909],[126.9104,37.58926],[126.91025,37.58939],[126.91044,37.5896],[126.91074,37.58926]]]}},{"type":"Feature","properties":{"name":"상계7구역주택재개발사업","cat":"재개발","gu":"노원구"},"geometry":{"type":"Polygon","coordinates":[[[127.07702,37.66464],[127.07825,37.66422],[127.07772,37.66232],[127.07564,37.66257],[127.07614,37.66334],[127.07629,37.66329],[127.07709,37.66423],[127.07719,37.6644],[127.07694,37.66452],[127.07702,37.66464]]]}},{"type":"Feature","properties":{"name":"청진구역 제17지구 도시환경정비구역","cat":"재개발","gu":"종로구"},"geometry":{"type":"Polygon","coordinates":[[[126.98199,37.57203],[126.98251,37.57197],[126.98245,37.57163],[126.98193,37.57163],[126.98199,37.57203]]]}},{"type":"Feature","properties":{"name":"도렴도시환경정비사업","cat":"재개발","gu":"종로구"},"geometry":{"type":"Polygon","coordinates":[[[126.97431,37.57401],[126.97489,37.57041],[126.97274,37.57032],[126.97279,37.5739],[126.97431,37.57401]]]}},{"type":"Feature","properties":{"name":"마포로1-11구역도시환경정비사업","cat":"재건축","gu":"마포구"},"geometry":{"type":"Polygon","coordinates":[[[126.94728,37.54214],[126.94784,37.54265],[126.9485,37.54232],[126.94786,37.54179],[126.94728,37.54214]]]}},{"type":"Feature","properties":{"name":"목동 13단지 아파트 재건축 정비사업","cat":"정비예정구역","gu":"양천구"},"geometry":{"type":"Polygon","coordinates":[[[126.86804,37.5168],[126.86939,37.51401],[126.86403,37.51223],[126.86261,37.51502],[126.86804,37.5168]]]}},{"type":"Feature","properties":{"name":"연희2구역 주택정비형 공공재개발사업","cat":"재개발","gu":"서대문구"},"geometry":{"type":"Polygon","coordinates":[[[126.93384,37.57615],[126.93409,37.57566],[126.93319,37.57544],[126.93321,37.5753],[126.93054,37.57521],[126.93064,37.57593],[126.93034,37.57622],[126.93228,37.57725],[126.93386,37.57676],[126.93384,37.57615]]]}},{"type":"Feature","properties":{"name":"미아제8주택재개발구역","cat":"재개발","gu":"강북구"},"geometry":{"type":"Polygon","coordinates":[[[127.01591,37.61988],[127.01844,37.61964],[127.01757,37.61889],[127.01923,37.61879],[127.01925,37.61815],[127.01888,37.61816],[127.01821,37.61777],[127.01806,37.6174],[127.01732,37.61738],[127.0174,37.6166],[127.01705,37.61631],[127.01626,37.61643],[127.01566,37.61679],[127.01559,37.61662],[127.0156,37.61676],[127.01593,37.61725],[127.01613,37.61737],[127.0158,37.61765],[127.01543,37.61765],[127.01555,37.61881],[127.01535,37.61927],[127.01591,37.61988]]]}},{"type":"Feature","properties":{"name":"동자동제8구역도시환경정비사업","cat":"재개발","gu":"용산구"},"geometry":{"type":"Polygon","coordinates":[[[126.97315,37.55052],[126.97234,37.55055],[126.97248,37.55123],[126.97316,37.55123],[126.97315,37.55052]]]}},{"type":"Feature","properties":{"name":"북아현2 재정비촉진구역","cat":"재개발","gu":"서대문구"},"geometry":{"type":"Polygon","coordinates":[[[126.95981,37.55833],[126.95805,37.55817],[126.95719,37.55789],[126.9564,37.55797],[126.95676,37.55978],[126.95609,37.56078],[126.95598,37.56144],[126.95889,37.56169],[126.95933,37.56071],[126.95935,37.56018],[126.95983,37.56023],[126.96004,37.56058],[126.9603,37.56052],[126.96038,37.56071],[126.96075,37.56066],[126.96089,37.55957],[126.96049,37.55908],[126.9608,37.5589],[126.95977,37.55859],[126.95981,37.55833]]]}},{"type":"Feature","properties":{"name":"중화재정비촉진지구","cat":"재정비촉진지구","gu":"중랑구"},"geometry":{"type":"MultiPolygon","coordinates":[[[[127.07961,37.59984],[127.07926,37.59986],[127.07932,37.59957],[127.07893,37.59952],[127.07876,37.60054],[127.07943,37.60078],[127.07961,37.59984]]],[[[127.07762,37.60165],[127.07438,37.60161],[127.07441,37.60293],[127.07731,37.60328],[127.07762,37.60165]]]]}},{"type":"Feature","properties":{"name":"중화1재정비촉진사업","cat":"재개발","gu":"중랑구"},"geometry":{"type":"Polygon","coordinates":[[[127.07438,37.60163],[127.07441,37.60293],[127.07731,37.60328],[127.07762,37.60165],[127.07438,37.60163]]]}},{"type":"Feature","properties":{"name":"무교14구역도시환경정비사업","cat":"재건축","gu":"종로구"},"geometry":{"type":"Polygon","coordinates":[[[126.97788,37.56778],[126.97826,37.56782],[126.97813,37.56716],[126.97738,37.56709],[126.97735,37.56799],[126.97769,37.56807],[126.97788,37.56778]]]}},{"type":"Feature","properties":{"name":"수송1-9 도시환경정비사업","cat":"재개발","gu":"종로구"},"geometry":{"type":"Polygon","coordinates":[[[126.98116,37.573],[126.98138,37.57292],[126.98125,37.57228],[126.98058,37.57242],[126.98116,37.573]]]}},{"type":"Feature","properties":{"name":"신촌지역 마포2도시환경정비구역","cat":"재개발","gu":"서대문구"},"geometry":{"type":"Polygon","coordinates":[[[126.93618,37.55484],[126.93506,37.55418],[126.93479,37.55442],[126.93531,37.55543],[126.93612,37.55516],[126.93618,37.55484]]]}},{"type":"Feature","properties":{"name":"중심지형재정비촉진지구","cat":"재정비촉진지구","gu":"중랑구"},"geometry":{"type":"Polygon","coordinates":[[[127.09476,37.59739],[127.09512,37.59569],[127.09323,37.59528],[127.09334,37.59406],[127.08555,37.59239],[127.08489,37.59544],[127.08464,37.59541],[127.0842,37.59657],[127.0869,37.59725],[127.09363,37.59966],[127.09594,37.60067],[127.09552,37.59957],[127.09721,37.59991],[127.09756,37.5985],[127.09506,37.59794],[127.09476,37.59739]]]}},{"type":"Feature","properties":{"name":"4구역","cat":"재개발","gu":"종로구"},"geometry":{"type":"Polygon","coordinates":[[[126.99767,37.57011],[126.9977,37.56905],[126.99562,37.56883],[126.9954,37.57038],[126.99716,37.57045],[126.99767,37.57011]]]}},{"type":"Feature","properties":{"name":"대현1구역주택재개발사업","cat":"재개발","gu":"서대문구"},"geometry":{"type":"Polygon","coordinates":[[[126.94986,37.55985],[126.94942,37.55969],[126.94911,37.55902],[126.94853,37.5589],[126.94654,37.55882],[126.94635,37.55914],[126.9457,37.55912],[126.94565,37.55969],[126.94721,37.55979],[126.94781,37.56019],[126.94939,37.56053],[126.94986,37.56027],[126.94986,37.55985]]]}},{"type":"Feature","properties":{"name":"적선5구역도시환경정비사업","cat":"재건축","gu":"종로구"},"geometry":{"type":"Polygon","coordinates":[[[126.97374,37.5748],[126.97326,37.57464],[126.97302,37.57513],[126.9737,37.57513],[126.97374,37.5748]]]}},{"type":"Feature","properties":{"name":"천호동 397-419번지 일대 주택정비형재개발구","cat":"재개발","gu":"강동구"},"geometry":{"type":"Polygon","coordinates":[[[127.13316,37.54197],[127.13229,37.5401],[127.13151,37.54052],[127.1319,37.54089],[127.13208,37.5414],[127.13171,37.54185],[127.13107,37.54215],[127.13114,37.54228],[127.13144,37.54213],[127.13289,37.54213],[127.13316,37.54197]]]}},{"type":"Feature","properties":{"name":"신촌지역(마포)1-2지구 도시정비형 재개발구","cat":"재개발","gu":"서대문구"},"geometry":{"type":"Polygon","coordinates":[[[126.93351,37.55613],[126.93388,37.556],[126.93378,37.55572],[126.93334,37.55583],[126.93351,37.55613]]]}},{"type":"Feature","properties":{"name":"마포로1-35구역도시환경정비사업","cat":"재건축","gu":"마포구"},"geometry":{"type":"Polygon","coordinates":[[[126.9485,37.54114],[126.94926,37.5417],[126.94944,37.54154],[126.94874,37.54099],[126.9485,37.54114]]]}},{"type":"Feature","properties":{"name":"금호제13주택재개발정비구역","cat":"재개발","gu":"중구"},"geometry":{"type":"Polygon","coordinates":[[[127.01966,37.5567],[127.01989,37.55527],[127.01927,37.55486],[127.01894,37.55415],[127.01899,37.55372],[127.01774,37.55345],[127.01732,37.55389],[127.01753,37.55472],[127.01744,37.55567],[127.01764,37.55608],[127.01794,37.55627],[127.01803,37.5567],[127.01873,37.5567],[127.01936,37.55695],[127.01966,37.5567]]]}},{"type":"Feature","properties":{"name":"구로1구역주택재개발사업","cat":"재개발","gu":"구로구"},"geometry":{"type":"Polygon","coordinates":[[[126.89058,37.49046],[126.89048,37.49061],[126.8901,37.49057],[126.88966,37.49024],[126.88875,37.49022],[126.88895,37.49014],[126.88812,37.48993],[126.88778,37.49065],[126.88849,37.49083],[126.88989,37.49165],[126.89054,37.49112],[126.89058,37.49046]]]}},{"type":"Feature","properties":{"name":"본동2-1구역주택재개발사업","cat":"재건축","gu":"동작구"},"geometry":{"type":"Polygon","coordinates":[[[126.94874,37.50959],[126.94902,37.50866],[126.94856,37.50851],[126.94864,37.50774],[126.94799,37.50834],[126.94752,37.50809],[126.94733,37.50823],[126.94778,37.50842],[126.94684,37.50982],[126.94618,37.51039],[126.94696,37.51081],[126.94831,37.51068],[126.94848,37.5098],[126.94874,37.50959]]]}},{"type":"Feature","properties":{"name":"서린2구역도시환경정비사업","cat":"재건축","gu":"종로구"},"geometry":{"type":"Polygon","coordinates":[[[126.9791,37.56937],[126.97849,37.5694],[126.97851,37.56966],[126.97919,37.56965],[126.9791,37.56937]]]}},{"type":"Feature","properties":{"name":"도곡삼익아파트 주택재건축 정비사업","cat":"정비예정구역","gu":"강남구"},"geometry":{"type":"Polygon","coordinates":[[[127.04212,37.48981],[127.04176,37.48977],[127.04174,37.49064],[127.04133,37.49187],[127.04173,37.49199],[127.04293,37.49104],[127.04276,37.49051],[127.04212,37.48981]]]}},{"type":"Feature","properties":{"name":"답십리6-1구역주택재개발사업","cat":"재건축","gu":"동대문구"},"geometry":{"type":"Polygon","coordinates":[[[127.0443,37.57227],[127.04342,37.57249],[127.04401,37.57318],[127.04481,37.57287],[127.0443,37.57227]]]}},{"type":"Feature","properties":{"name":"흑석3구역","cat":"재개발","gu":"동작구"},"geometry":{"type":"Polygon","coordinates":[[[126.96409,37.50315],[126.9642,37.50168],[126.96314,37.50164],[126.96318,37.50212],[126.96232,37.50201],[126.96239,37.50105],[126.96273,37.50088],[126.96267,37.5007],[126.96284,37.5006],[126.96206,37.49988],[126.96132,37.49974],[126.96152,37.49949],[126.96132,37.4994],[126.96107,37.49965],[126.96106,37.4995],[126.9609,37.49942],[126.96079,37.49957],[126.96053,37.49929],[126.96064,37.49912],[126.96006,37.4992],[126.96,37.50019],[126.96017,37.50105],[126.96005,37.50152],[126.96074,37.50314],[126.96409,37.50315]]]}},{"type":"Feature","properties":{"name":"서계2구역주거환경개선사업","cat":"주거환경개선","gu":"중구"},"geometry":{"type":"Polygon","coordinates":[[[126.96423,37.55259],[126.9648,37.55248],[126.96489,37.55226],[126.96546,37.55251],[126.96564,37.55169],[126.96581,37.55161],[126.96533,37.55121],[126.965,37.55134],[126.96476,37.55079],[126.96455,37.55114],[126.96412,37.55121],[126.96391,37.55196],[126.96401,37.5522],[126.9644,37.55223],[126.96423,37.55259]]]}},{"type":"Feature","properties":{"name":"시흥1구역 주택정비형 재개발사업","cat":"재개발","gu":"금천구"},"geometry":{"type":"Polygon","coordinates":[[[126.90825,37.45818],[126.90824,37.4577],[126.9076,37.45773],[126.90737,37.45696],[126.90788,37.45671],[126.90795,37.45648],[126.90577,37.4562],[126.90524,37.45885],[126.90577,37.45892],[126.90643,37.45948],[126.9068,37.45915],[126.9071,37.45933],[126.90782,37.45914],[126.90804,37.45935],[126.90806,37.45843],[126.90825,37.45818]]]}},{"type":"Feature","properties":{"name":"장안시영2단지2차아파트주택재건축사","cat":"정비예정구역","gu":"동대문구"},"geometry":{"type":"Polygon","coordinates":[[[127.07638,37.57673],[127.07658,37.57511],[127.07412,37.57524],[127.07424,37.57692],[127.07638,37.57673]]]}},{"type":"Feature","properties":{"name":"회현구역 제2-3지구","cat":"재건축","gu":"중구"},"geometry":{"type":"Polygon","coordinates":[[[126.98366,37.55917],[126.98303,37.55902],[126.98266,37.55959],[126.98355,37.5598],[126.98366,37.55917]]]}},{"type":"Feature","properties":{"name":"신공덕6구역주택재개발사업","cat":"재개발","gu":"마포구"},"geometry":{"type":"Polygon","coordinates":[[[126.95622,37.54487],[126.9569,37.5447],[126.95671,37.54423],[126.9559,37.5444],[126.95503,37.5443],[126.95502,37.54456],[126.95589,37.54529],[126.95622,37.54487]]]}},{"type":"Feature","properties":{"name":"서울역~서대문4구역도시환경정비사업","cat":"재건축","gu":"중구"},"geometry":{"type":"Polygon","coordinates":[[[126.97264,37.55986],[126.97167,37.55977],[126.97183,37.56028],[126.9716,37.56059],[126.97201,37.56077],[126.97264,37.55986]]]}},{"type":"Feature","properties":{"name":"마포로1-44-1구역도시환경정비사업","cat":"재건축","gu":"마포구"},"geometry":{"type":"Polygon","coordinates":[[[126.95113,37.54272],[126.9507,37.54262],[126.95067,37.54234],[126.95027,37.54236],[126.95062,37.54295],[126.95113,37.54272]]]}},{"type":"Feature","properties":{"name":"도렴18구역도시환경정비사업","cat":"재건축","gu":"종로구"},"geometry":{"type":"Polygon","coordinates":[[[126.97354,37.57322],[126.97393,37.57255],[126.97367,37.57236],[126.97277,37.57235],[126.97278,37.57324],[126.97354,37.57322]]]}},{"type":"Feature","properties":{"name":"도렴17구역도시환경정비사업","cat":"재건축","gu":"종로구"},"geometry":{"type":"Polygon","coordinates":[[[126.97404,37.57295],[126.97375,37.57285],[126.97354,37.57322],[126.97381,37.57328],[126.97404,37.57295]]]}},{"type":"Feature","properties":{"name":"마포로1-4구역도시환경정비사업","cat":"재건축","gu":"마포구"},"geometry":{"type":"Polygon","coordinates":[[[126.94534,37.53945],[126.94474,37.53978],[126.94562,37.54069],[126.94628,37.54013],[126.94534,37.53945]]]}},{"type":"Feature","properties":{"name":"서린11구역도시환경정비사업","cat":"재건축","gu":"종로구"},"geometry":{"type":"Polygon","coordinates":[[[126.9818,37.56917],[126.98108,37.56923],[126.98099,37.56958],[126.98158,37.5696],[126.9818,37.56917]]]}},{"type":"Feature","properties":{"name":"양평제14 도시환경정비구역","cat":"재개발","gu":"영등포구"},"geometry":{"type":"Polygon","coordinates":[[[126.88583,37.52429],[126.88562,37.52344],[126.88491,37.52355],[126.88482,37.5232],[126.88442,37.52327],[126.8847,37.52443],[126.88583,37.52429]]]}},{"type":"Feature","properties":{"name":"신월7동 1구역 주택정비형 재개발구역","cat":"재개발","gu":"양천구"},"geometry":{"type":"Polygon","coordinates":[[[126.83183,37.52349],[126.83124,37.52479],[126.83312,37.52502],[126.83564,37.52398],[126.83671,37.52228],[126.83633,37.52213],[126.83639,37.52194],[126.8357,37.52038],[126.83613,37.52003],[126.83573,37.51983],[126.83486,37.52047],[126.83358,37.52236],[126.83395,37.52278],[126.83364,37.52295],[126.83328,37.52254],[126.83221,37.52313],[126.83183,37.52349]]]}},{"type":"Feature","properties":{"name":"상계4-2구역주택재개발사업","cat":"재건축","gu":"노원구"},"geometry":{"type":"Polygon","coordinates":[[[127.07545,37.66386],[127.07527,37.66277],[127.07418,37.66199],[127.07361,37.66303],[127.07389,37.66358],[127.07441,37.66389],[127.07545,37.66386]]]}},{"type":"Feature","properties":{"name":"가재울7 재정비촉진구역","cat":"재개발","gu":"서대문구"},"geometry":{"type":"Polygon","coordinates":[[[126.91383,37.57734],[126.91367,37.57714],[126.91347,37.57736],[126.91287,37.57732],[126.91275,37.57755],[126.91198,37.5779],[126.91125,37.57788],[126.91105,37.57756],[126.9106,37.57791],[126.912,37.57973],[126.91262,37.57942],[126.91331,37.57961],[126.91429,37.57823],[126.9144,37.5787],[126.91477,37.57865],[126.91508,37.57924],[126.91636,37.5797],[126.91568,37.57866],[126.9152,37.57709],[126.91383,37.57734]]]}},{"type":"Feature","properties":{"name":"미아제10-1주택재개발정비구역","cat":"재개발","gu":"강북구"},"geometry":{"type":"Polygon","coordinates":[[[127.02519,37.61289],[127.02718,37.61334],[127.02735,37.61261],[127.02641,37.61274],[127.02594,37.61223],[127.02478,37.61216],[127.02458,37.61336],[127.02519,37.61289]]]}},{"type":"Feature","properties":{"name":"마포로3-1구역도시환경정비사업","cat":"재건축","gu":"마포구"},"geometry":{"type":"Polygon","coordinates":[[[126.95559,37.55171],[126.95511,37.55075],[126.95456,37.55096],[126.95496,37.55161],[126.95559,37.55171]]]}},{"type":"Feature","properties":{"name":"북창33구역도시환경정비사업","cat":"재건축","gu":"중구"},"geometry":{"type":"Polygon","coordinates":[[[126.9767,37.56262],[126.97731,37.56251],[126.97731,37.5622],[126.97659,37.56234],[126.9767,37.56262]]]}},{"type":"Feature","properties":{"name":"주택재개발사업구역","cat":"재개발","gu":"동작구"},"geometry":{"type":"Polygon","coordinates":[[[126.96629,37.50543],[126.96608,37.50496],[126.96643,37.50448],[126.96672,37.50443],[126.96657,37.50405],[126.96683,37.50389],[126.96603,37.50308],[126.96594,37.50284],[126.96626,37.50278],[126.96607,37.50248],[126.96518,37.5023],[126.96477,37.5012],[126.96412,37.50108],[126.96361,37.50171],[126.9642,37.50168],[126.96425,37.50253],[126.96404,37.50309],[126.96418,37.50335],[126.96452,37.50332],[126.96504,37.50376],[126.96512,37.50434],[126.96467,37.50476],[126.96436,37.50472],[126.96432,37.50509],[126.96401,37.50527],[126.9644,37.50557],[126.96481,37.5053],[126.96524,37.50529],[126.96491,37.50535],[126.96479,37.50561],[126.96459,37.50556],[126.96429,37.50621],[126.96366,37.5068],[126.9639,37.50693],[126.96423,37.50673],[126.9653,37.50673],[126.96614,37.50641],[126.96653,37.50689],[126.96712,37.50664],[126.96666,37.50611],[126.96682,37.5054],[126.96629,37.50543]],[[126.96499,37.50472],[126.965,37.50472],[126.96497,37.50471],[126.96499,37.50472]],[[126.96558,37.50506],[126.96561,37.50512],[126.9658,37.50528],[126.96558,37.50506]]]}},{"type":"Feature","properties":{"name":"도렴24구역도시환경정비사업","cat":"재건축","gu":"종로구"},"geometry":{"type":"Polygon","coordinates":[[[126.9745,37.57326],[126.97458,37.57266],[126.97439,37.57261],[126.97391,37.57328],[126.9745,37.57326]]]}},{"type":"Feature","properties":{"name":"홍은5-8구역주택재개발사업","cat":"재건축","gu":"서대문구"},"geometry":{"type":"Polygon","coordinates":[[[126.94645,37.59611],[126.94626,37.59589],[126.94602,37.59605],[126.94624,37.59622],[126.94645,37.59611]]]}},{"type":"Feature","properties":{"name":"응암동 755번지 일대 주택정비형 재개발사업","cat":"재개발","gu":"은평구"},"geometry":{"type":"Polygon","coordinates":[[[126.91908,37.58611],[126.92048,37.58534],[126.9207,37.58555],[126.921,37.58548],[126.92121,37.58512],[126.92049,37.58499],[126.92045,37.5848],[126.92188,37.58458],[126.922,37.58408],[126.92172,37.58378],[126.92176,37.58346],[126.92047,37.5833],[126.92034,37.58368],[126.91934,37.58342],[126.91873,37.58518],[126.91821,37.58515],[126.91821,37.58595],[126.91908,37.58611]]]}},{"type":"Feature","properties":{"name":"신월1구역주택재개발사업","cat":"재개발","gu":"양천구"},"geometry":{"type":"Polygon","coordinates":[[[126.82759,37.53524],[126.82889,37.53358],[126.82827,37.5328],[126.82826,37.5326],[126.82867,37.53225],[126.82804,37.53184],[126.82725,37.53204],[126.82631,37.53187],[126.82655,37.53103],[126.82545,37.53083],[126.82471,37.53353],[126.8265,37.53384],[126.82748,37.53503],[126.82735,37.53563],[126.8275,37.53565],[126.82759,37.53524]]]}},{"type":"Feature","properties":{"name":"주거환경개선사업","cat":"주거환경개선","gu":"성북구"},"geometry":{"type":"Polygon","coordinates":[[[127.02148,37.57867],[127.02169,37.57852],[127.02182,37.57797],[127.02148,37.57797],[127.02123,37.57669],[127.02032,37.57627],[127.0202,37.57647],[127.01978,37.57637],[127.0197,37.5766],[127.01888,37.57568],[127.01896,37.57693],[127.01878,37.57698],[127.01879,37.57751],[127.01932,37.57785],[127.01939,37.57772],[127.01907,37.57758],[127.0193,37.5773],[127.02014,37.57738],[127.02031,37.57751],[127.02012,37.57837],[127.02092,37.5787],[127.02105,37.57845],[127.02148,37.57867]]]}},{"type":"Feature","properties":{"name":"논현동현아파트 재건축정비사업","cat":"정비예정구역","gu":"강남구"},"geometry":{"type":"Polygon","coordinates":[[[127.03527,37.51976],[127.03761,37.52038],[127.03778,37.51897],[127.03718,37.51885],[127.03726,37.51859],[127.03578,37.51831],[127.03538,37.51908],[127.03527,37.51976]]]}},{"type":"Feature","properties":{"name":"관리형 주거환경개선사업","cat":"주거환경개선","gu":"종로구"},"geometry":{"type":"Polygon","coordinates":[[[127.00837,37.57796],[127.00832,37.57758],[127.00864,37.57699],[127.00812,37.57712],[127.00765,37.5768],[127.00703,37.57668],[127.0074,37.57695],[127.00728,37.57717],[127.00692,37.57722],[127.0068,37.5778],[127.00704,37.57786],[127.00721,37.57831],[127.00735,37.57796],[127.00772,37.57796],[127.00797,37.57814],[127.00789,37.57849],[127.00804,37.57853],[127.00837,37.57796]]]}},{"type":"Feature","properties":{"name":"답십리제14구역 주택재개발정비사업","cat":"재개발","gu":"동대문구"},"geometry":{"type":"Polygon","coordinates":[[[127.0608,37.56837],[127.06085,37.56756],[127.06122,37.56724],[127.06088,37.56738],[127.05943,37.56697],[127.05834,37.56724],[127.05763,37.56764],[127.05859,37.56832],[127.05884,37.56812],[127.05986,37.56842],[127.0608,37.56837]]]}},{"type":"Feature","properties":{"name":"시흥1-1구역주거환경개선사업","cat":"주거환경개선","gu":"금천구"},"geometry":{"type":"Polygon","coordinates":[[[126.89775,37.45425],[126.89718,37.45422],[126.89719,37.45478],[126.89775,37.45477],[126.89774,37.45497],[126.89834,37.45492],[126.89839,37.45505],[126.89834,37.45477],[126.89857,37.45465],[126.89805,37.45463],[126.89821,37.45443],[126.89775,37.45441],[126.89775,37.45425]]]}},{"type":"Feature","properties":{"name":"무교다동 24-5 지구","cat":"재건축","gu":"종로구"},"geometry":{"type":"Polygon","coordinates":[[[126.98194,37.56684],[126.98185,37.56676],[126.98184,37.56683],[126.98194,37.56684]]]}},{"type":"Feature","properties":{"name":"양평제12 도시환경정비구역","cat":"재개발","gu":"영등포구"},"geometry":{"type":"Polygon","coordinates":[[[126.8878,37.5232],[126.88689,37.52334],[126.88693,37.52376],[126.88591,37.52392],[126.88627,37.52543],[126.88834,37.52521],[126.8878,37.5232]]]}},{"type":"Feature","properties":{"name":"남대문14구역도시환경정비사업","cat":"재건축","gu":"중구"},"geometry":{"type":"Polygon","coordinates":[[[126.97725,37.56026],[126.97707,37.56062],[126.97766,37.5608],[126.97781,37.56038],[126.97725,37.56026]]]}},{"type":"Feature","properties":{"name":"마포로1구역 제38지구","cat":"재건축","gu":"마포구"},"geometry":{"type":"Polygon","coordinates":[[[126.94948,37.54104],[126.94925,37.54124],[126.94957,37.54142],[126.94974,37.54124],[126.94948,37.54104]]]}},{"type":"Feature","properties":{"name":"상도제10구역주택재개발정비사업","cat":"재개발","gu":"동작구"},"geometry":{"type":"Polygon","coordinates":[[[126.93666,37.50652],[126.93731,37.50666],[126.93853,37.50636],[126.93939,37.50588],[126.93934,37.50553],[126.93919,37.50524],[126.9383,37.50504],[126.93782,37.50521],[126.93784,37.50537],[126.93726,37.50542],[126.93712,37.5058],[126.93656,37.50567],[126.93655,37.50591],[126.93645,37.50574],[126.9361,37.50589],[126.93607,37.50668],[126.93666,37.50652]]]}},{"type":"Feature","properties":{"name":"홍제14구역주택재개발사업","cat":"재개발","gu":"서대문구"},"geometry":{"type":"Polygon","coordinates":[[[126.9501,37.57856],[126.95033,37.57855],[126.95054,37.57893],[126.95169,37.5786],[126.95213,37.57909],[126.95261,37.57914],[126.95254,37.57959],[126.95283,37.57915],[126.95256,37.579],[126.95268,37.57888],[126.95249,37.57847],[126.95283,37.57818],[126.95231,37.57811],[126.95223,37.57829],[126.95195,37.57784],[126.95086,37.57786],[126.95079,37.57809],[126.95059,37.5781],[126.95043,37.57778],[126.95004,37.57759],[126.94989,37.57765],[126.95,37.57795],[126.94984,37.57825],[126.9501,37.57856]]]}},{"type":"Feature","properties":{"name":"재건축사업구역","cat":"정비예정구역","gu":"서대문구"},"geometry":{"type":"Polygon","coordinates":[[[126.93052,37.57665],[126.92996,37.5764],[126.93017,37.57622],[126.92741,37.57476],[126.92708,37.57515],[126.9303,37.57692],[126.93052,37.57665]]]}},{"type":"Feature","properties":{"name":"전농7재정비촉진구역","cat":"재개발","gu":"동대문구"},"geometry":{"type":"Polygon","coordinates":[[[127.04943,37.57537],[127.05004,37.57642],[127.05137,37.57804],[127.05237,37.57759],[127.05322,37.57867],[127.05494,37.57787],[127.05514,37.57723],[127.05501,37.57711],[127.05551,37.57658],[127.05507,37.57629],[127.05523,37.57604],[127.05298,37.57432],[127.05264,37.57488],[127.0523,37.57506],[127.05213,37.57487],[127.05205,37.57505],[127.05178,37.57476],[127.05119,37.57461],[127.05102,37.57419],[127.04992,37.57482],[127.05023,37.5749],[127.04943,37.57537]]]}},{"type":"Feature","properties":{"name":"청파2구역 주택정비형 재개발사업","cat":"재개발","gu":"용산구"},"geometry":{"type":"Polygon","coordinates":[[[126.9681,37.54968],[126.9698,37.54915],[126.96985,37.54881],[126.96869,37.54881],[126.96823,37.54787],[126.96773,37.54819],[126.96781,37.54833],[126.96832,37.5483],[126.96822,37.54865],[126.96757,37.54836],[126.96751,37.54806],[126.96692,37.54806],[126.96693,37.54837],[126.96505,37.54838],[126.96503,37.54815],[126.9635,37.54845],[126.96363,37.54991],[126.96428,37.54958],[126.96516,37.55015],[126.96528,37.55042],[126.96679,37.55013],[126.96682,37.54928],[126.96779,37.5494],[126.9681,37.54968]]]}},{"type":"Feature","properties":{"name":"공평구역 제3지구","cat":"재건축","gu":"종로구"},"geometry":{"type":"Polygon","coordinates":[[[126.98429,37.57221],[126.9846,37.5715],[126.98381,37.57153],[126.98385,37.57213],[126.98429,37.57221]]]}},{"type":"Feature","properties":{"name":"공평 도시정비형 재개발구역","cat":"재개발","gu":"종로구"},"geometry":{"type":"Polygon","coordinates":[[[126.98762,37.57303],[126.98739,37.57039],[126.98334,37.57038],[126.98318,37.57054],[126.98322,37.57189],[126.98749,37.5734],[126.98762,37.57303]]]}},{"type":"Feature","properties":{"name":"자양7 주택재건축 정비사업","cat":"정비예정구역","gu":"광진구"},"geometry":{"type":"Polygon","coordinates":[[[127.07527,37.53231],[127.07523,37.53215],[127.0746,37.53229],[127.0741,37.53073],[127.07151,37.53082],[127.07128,37.53101],[127.07209,37.53169],[127.07248,37.53144],[127.07289,37.53183],[127.07277,37.53194],[127.07296,37.53219],[127.07248,37.53239],[127.07297,37.53348],[127.07349,37.53287],[127.07527,37.53231]]]}},{"type":"Feature","properties":{"name":"중계1 주택재건축 정비구역","cat":"정비예정구역","gu":"노원구"},"geometry":{"type":"Polygon","coordinates":[[[127.07351,37.65938],[127.07528,37.65984],[127.0751,37.65886],[127.07476,37.65885],[127.07476,37.65864],[127.07443,37.65845],[127.07419,37.65862],[127.07375,37.65832],[127.07375,37.65847],[127.0731,37.6587],[127.07316,37.65882],[127.0738,37.65867],[127.0733,37.65909],[127.07351,37.65938]]]}},{"type":"Feature","properties":{"name":"옥수9구역주택재개발사업","cat":"재개발","gu":"성동구"},"geometry":{"type":"Polygon","coordinates":[[[127.01522,37.54355],[127.01508,37.54309],[127.01541,37.5427],[127.01557,37.54275],[127.01565,37.54235],[127.01525,37.54235],[127.0154,37.54213],[127.01523,37.54192],[127.01445,37.54172],[127.01495,37.54126],[127.0146,37.54084],[127.013,37.54098],[127.01363,37.54132],[127.01296,37.54191],[127.01308,37.54202],[127.0118,37.54182],[127.01232,37.54201],[127.01218,37.54216],[127.01291,37.54278],[127.01325,37.54277],[127.01377,37.54317],[127.01434,37.54324],[127.0149,37.54358],[127.01522,37.54355]]]}},{"type":"Feature","properties":{"name":"산새마을주거환경관리사업","cat":"주거환경개선","gu":"은평구"},"geometry":{"type":"Polygon","coordinates":[[[126.90585,37.59764],[126.90703,37.59696],[126.90747,37.59647],[126.90496,37.59544],[126.90415,37.5959],[126.90474,37.59634],[126.90461,37.5967],[126.90364,37.59625],[126.90348,37.59713],[126.90438,37.59749],[126.90424,37.59724],[126.90486,37.59715],[126.90585,37.59764]]]}},{"type":"Feature","properties":{"name":"마포로4구역 제4-1지구","cat":"재건축","gu":"서대문구"},"geometry":{"type":"MultiPolygon","coordinates":[[[[126.96346,37.56155],[126.96304,37.56088],[126.96239,37.56082],[126.96296,37.56169],[126.96346,37.56155]]],[[[126.96291,37.5617],[126.96292,37.56163],[126.96282,37.56164],[126.96291,37.5617]]]]}},{"type":"Feature","properties":{"name":"충정로1구역 주택정비형 공공재개발사업","cat":"재개발","gu":"서대문구"},"geometry":{"type":"Polygon","coordinates":[[[126.96495,37.56064],[126.96399,37.56003],[126.96365,37.56022],[126.96443,37.5613],[126.96465,37.5613],[126.96495,37.56064]]]}},{"type":"Feature","properties":{"name":"신림동 미성아파트 주택재건축 정비","cat":"정비예정구역","gu":"구로구"},"geometry":{"type":"Polygon","coordinates":[[[126.90415,37.48211],[126.90334,37.48174],[126.90251,37.48284],[126.90283,37.48319],[126.90463,37.4827],[126.90415,37.48211]]]}},{"type":"Feature","properties":{"name":"봉천4-2구역주택재개발사업","cat":"재개발","gu":"동작구"},"geometry":{"type":"Polygon","coordinates":[[[126.94561,37.49252],[126.94559,37.49205],[126.94411,37.49184],[126.94628,37.48908],[126.94639,37.48865],[126.94617,37.48859],[126.94653,37.48745],[126.94595,37.48723],[126.94597,37.48709],[126.94487,37.48697],[126.94464,37.48775],[126.94489,37.48891],[126.94414,37.48922],[126.94352,37.49014],[126.94251,37.49079],[126.94191,37.49187],[126.9419,37.4922],[126.94282,37.49216],[126.94451,37.49251],[126.94455,37.49311],[126.94573,37.49342],[126.94597,37.49288],[126.94561,37.49252]]]}},{"type":"Feature","properties":{"name":"천호1구역","cat":"재개발","gu":"강동구"},"geometry":{"type":"Polygon","coordinates":[[[127.12853,37.54254],[127.12848,37.54167],[127.12998,37.54121],[127.12825,37.54055],[127.12631,37.54083],[127.12689,37.54208],[127.12787,37.54182],[127.12818,37.54265],[127.12853,37.54254]]]}},{"type":"Feature","properties":{"name":"불광2구역주택재개발사업","cat":"재개발","gu":"은평구"},"geometry":{"type":"Polygon","coordinates":[[[126.93682,37.61342],[126.93746,37.61346],[126.93744,37.61328],[126.93937,37.61256],[126.93862,37.61208],[126.93783,37.61208],[126.93739,37.61184],[126.93746,37.61162],[126.93807,37.61125],[126.9383,37.61081],[126.93903,37.61065],[126.93819,37.61072],[126.93783,37.61133],[126.93688,37.61199],[126.93588,37.612],[126.93555,37.61247],[126.93501,37.61263],[126.93547,37.61321],[126.936,37.61321],[126.93658,37.61358],[126.93682,37.61342]]]}},{"type":"Feature","properties":{"name":"면목7구역 주택정비형재개발사업","cat":"재개발","gu":"중랑구"},"geometry":{"type":"Polygon","coordinates":[[[127.09196,37.58861],[127.09373,37.58901],[127.09444,37.58678],[127.09414,37.58672],[127.09429,37.58624],[127.09163,37.58642],[127.09196,37.58861]]]}},{"type":"Feature","properties":{"name":"창신1도시정비형 재개발구역 1-6","cat":"재개발","gu":"종로구"},"geometry":{"type":"Polygon","coordinates":[[[127.01209,37.57182],[127.01212,37.57129],[127.01155,37.57101],[127.01131,37.57165],[127.01209,37.57182]]]}},{"type":"Feature","properties":{"name":"다동17구역도시환경정비사업","cat":"재건축","gu":"종로구"},"geometry":{"type":"Polygon","coordinates":[[[126.98247,37.56755],[126.98211,37.56759],[126.98216,37.56797],[126.98249,37.56797],[126.98247,37.56755]]]}},{"type":"Feature","properties":{"name":"다동1구역도시환경정비사업","cat":"재건축","gu":"종로구"},"geometry":{"type":"Polygon","coordinates":[[[126.98045,37.56828],[126.97992,37.56829],[126.97994,37.5688],[126.98046,37.56882],[126.98045,37.56828]]]}},{"type":"Feature","properties":{"name":"천호_성내재정비촉진지구천호2구역도","cat":"재개발","gu":"강동구"},"geometry":{"type":"Polygon","coordinates":[[[127.12505,37.53918],[127.1252,37.53927],[127.12511,37.53904],[127.12531,37.53891],[127.12596,37.5389],[127.12596,37.53923],[127.12552,37.53929],[127.12575,37.53929],[127.12589,37.53976],[127.12611,37.53967],[127.12599,37.53928],[127.12738,37.53897],[127.12656,37.53793],[127.12492,37.53844],[127.12505,37.53918]]]}},{"type":"Feature","properties":{"name":"보문4구역주택재개발사업","cat":"재개발","gu":"성북구"},"geometry":{"type":"Polygon","coordinates":[[[127.01745,37.58418],[127.01797,37.58348],[127.01777,37.58337],[127.01778,37.58353],[127.01682,37.5835],[127.01649,37.58317],[127.01644,37.58189],[127.01556,37.58192],[127.01483,37.58233],[127.01579,37.58373],[127.01638,37.58372],[127.01652,37.58404],[127.01693,37.58425],[127.0166,37.5845],[127.01745,37.58418]]]}},{"type":"Feature","properties":{"name":"강북5 도시환경정비구역","cat":"재개발","gu":"강북구"},"geometry":{"type":"Polygon","coordinates":[[[127.02877,37.61508],[127.02974,37.61524],[127.02979,37.61391],[127.02907,37.61378],[127.02888,37.61403],[127.02878,37.61389],[127.02877,37.61508]]]}},{"type":"Feature","properties":{"name":"무교다동 32 지구","cat":"재건축","gu":"중구"},"geometry":{"type":"Polygon","coordinates":[[[126.98015,37.56655],[126.98008,37.56615],[126.97977,37.56615],[126.97991,37.56655],[126.98015,37.56655]]]}},{"type":"Feature","properties":{"name":"무교다동 36-1 지구","cat":"재건축","gu":"종로구"},"geometry":{"type":"Polygon","coordinates":[[[126.98153,37.56709],[126.98145,37.56695],[126.98146,37.56707],[126.98153,37.56709]]]}},{"type":"Feature","properties":{"name":"불광8 주택정비형 재개발사업","cat":"재개발","gu":"은평구"},"geometry":{"type":"Polygon","coordinates":[[[126.93255,37.61127],[126.93278,37.61053],[126.93189,37.61042],[126.93189,37.61195],[126.93294,37.61188],[126.93255,37.61127]]]}},{"type":"Feature","properties":{"name":"세운재정비촉진지구34구역도시환경정","cat":"재건축","gu":"중구"},"geometry":{"type":"Polygon","coordinates":[[[126.99635,37.56362],[126.99624,37.56415],[126.99675,37.56418],[126.99679,37.56365],[126.99635,37.56362]]]}},{"type":"Feature","properties":{"name":"성동구 하왕 제1-5구역 주택재개발 정","cat":"재개발","gu":"중구"},"geometry":{"type":"Polygon","coordinates":[[[127.02505,37.5607],[127.02642,37.56014],[127.02501,37.5594],[127.0251,37.55928],[127.02417,37.55923],[127.02394,37.55953],[127.02395,37.56077],[127.02459,37.56192],[127.02518,37.56167],[127.02493,37.56113],[127.02505,37.5607]]]}},{"type":"Feature","properties":{"name":"창신2도시정비형 재개발구역 2-3","cat":"재개발","gu":"종로구"},"geometry":{"type":"Polygon","coordinates":[[[127.01387,37.57215],[127.01365,37.57201],[127.01351,37.57201],[127.01349,37.57221],[127.01381,37.57231],[127.01387,37.57215]]]}},{"type":"Feature","properties":{"name":"신길역세권 장기전세주택 도시정비형 재개발구역","cat":"재개발","gu":"영등포구"},"geometry":{"type":"Polygon","coordinates":[[[126.91703,37.51571],[126.91687,37.51531],[126.91662,37.51525],[126.91564,37.51589],[126.91507,37.51575],[126.91472,37.51596],[126.91462,37.51631],[126.91383,37.51645],[126.91418,37.51681],[126.91645,37.51685],[126.91703,37.51571]]]}},{"type":"Feature","properties":{"name":"도시환경정비사업구역","cat":"재개발","gu":"구로구"},"geometry":{"type":"Polygon","coordinates":[[[126.83747,37.48697],[126.83724,37.48753],[126.83661,37.48757],[126.83627,37.48791],[126.83672,37.48821],[126.83787,37.48761],[126.83827,37.48717],[126.83747,37.48697]]]}},{"type":"Feature","properties":{"name":"목동9단지 아파트 재건축사업 정비구역","cat":"정비예정구역","gu":"양천구"},"geometry":{"type":"Polygon","coordinates":[[[126.8657,37.52149],[126.86704,37.51852],[126.86171,37.51667],[126.86006,37.51956],[126.86162,37.52039],[126.86206,37.51957],[126.86337,37.52003],[126.86314,37.52063],[126.8657,37.52149]]]}},{"type":"Feature","properties":{"name":"구로6-1구역주거환경개선사업","cat":"주거환경개선","gu":"구로구"},"geometry":{"type":"Polygon","coordinates":[[[126.89058,37.49046],[126.89039,37.49009],[126.88966,37.49024],[126.89037,37.4906],[126.89058,37.49046]]]}},{"type":"Feature","properties":{"name":"충정1-1구역주택재개발사업","cat":"재건축","gu":"서대문구"},"geometry":{"type":"Polygon","coordinates":[[[126.96405,37.55903],[126.96429,37.55819],[126.96404,37.55798],[126.96418,37.55758],[126.96391,37.55732],[126.96316,37.55746],[126.96302,37.55818],[126.96342,37.55817],[126.96365,37.55901],[126.96405,37.55903]]]}},{"type":"Feature","properties":{"name":"마포로1구역 제24지구 재개발사업","cat":"정비구역","gu":"마포구"},"geometry":{"type":"MultiPolygon","coordinates":[[[[126.94486,37.53804],[126.94485,37.53803],[126.94485,37.53805],[126.94486,37.53804]]],[[[126.94411,37.53767],[126.9447,37.53733],[126.94436,37.5367],[126.94385,37.53701],[126.94411,37.53767]]],[[[126.94424,37.53765],[126.94428,37.53759],[126.94422,37.53766],[126.94424,37.53765]]],[[[126.94414,37.53772],[126.94399,37.53764],[126.94406,37.53777],[126.94414,37.53772]]],[[[126.94407,37.53576],[126.94404,37.5357],[126.94404,37.5357],[126.94407,37.53576]]]]}},{"type":"Feature","properties":{"name":"홍제재정비촉진지구","cat":"재정비촉진지구","gu":"서대문구"},"geometry":{"type":"Polygon","coordinates":[[[126.94396,37.59196],[126.94362,37.59208],[126.94177,37.59149],[126.94296,37.59001],[126.94431,37.59047],[126.94512,37.58961],[126.94568,37.58933],[126.94573,37.58874],[126.94735,37.58676],[126.94688,37.58656],[126.94669,37.58615],[126.94595,37.58569],[126.94563,37.5861],[126.94526,37.58608],[126.94535,37.58658],[126.94515,37.58665],[126.94517,37.58694],[126.9445,37.58735],[126.94447,37.58723],[126.94382,37.58739],[126.94316,37.58796],[126.94312,37.58824],[126.94126,37.58983],[126.94163,37.59005],[126.94151,37.59022],[126.94091,37.59058],[126.94072,37.59047],[126.94015,37.59121],[126.94061,37.59134],[126.94072,37.59156],[126.94087,37.59142],[126.94097,37.59163],[126.94168,37.59174],[126.94256,37.59289],[126.94333,37.59312],[126.94396,37.59196]]]}},{"type":"Feature","properties":{"name":"목동6단지 아파트 재건축사업","cat":"정비예정구역","gu":"양천구"},"geometry":{"type":"Polygon","coordinates":[[[126.88621,37.53474],[126.88556,37.53242],[126.88499,37.53187],[126.88369,37.53203],[126.88403,37.53425],[126.88311,37.53639],[126.88502,37.53706],[126.88601,37.53543],[126.88756,37.53592],[126.88766,37.53577],[126.88606,37.53526],[126.88621,37.53474]]]}},{"type":"Feature","properties":{"name":"강남구 대치쌍용2차아파트 주택재건","cat":"정비예정구역","gu":"강남구"},"geometry":{"type":"Polygon","coordinates":[[[127.07151,37.49977],[127.07171,37.49987],[127.07197,37.49938],[127.0692,37.49858],[127.06895,37.49903],[127.06978,37.49927],[127.06991,37.49946],[127.06969,37.49993],[127.07072,37.50037],[127.07151,37.49977]]]}},{"type":"Feature","properties":{"name":"신교주거환경개선사업","cat":"주거환경개선","gu":"종로구"},"geometry":{"type":"Polygon","coordinates":[[[126.97022,37.58369],[126.97014,37.58314],[126.96879,37.583],[126.96847,37.58314],[126.96862,37.58344],[126.96824,37.5837],[126.96859,37.58369],[126.96871,37.584],[126.97022,37.58369]]]}},{"type":"Feature","properties":{"name":"창신2도시정비형 재개발구역 2-1","cat":"재개발","gu":"종로구"},"geometry":{"type":"Polygon","coordinates":[[[127.0129,37.57174],[127.01256,37.57166],[127.01247,37.57191],[127.01267,37.57196],[127.0129,37.57174]]]}},{"type":"Feature","properties":{"name":"목2동 232번지 일대 주택정비형 재개발사업","cat":"재개발","gu":"양천구"},"geometry":{"type":"Polygon","coordinates":[[[126.87015,37.54136],[126.87069,37.54069],[126.87044,37.53935],[126.8698,37.53971],[126.86992,37.5403],[126.8689,37.54044],[126.86921,37.54162],[126.87024,37.54146],[126.87015,37.54136]]]}},{"type":"Feature","properties":{"name":"장위 14구역","cat":"재개발","gu":"성북구"},"geometry":{"type":"Polygon","coordinates":[[[127.04799,37.61287],[127.04623,37.61239],[127.04544,37.61147],[127.04531,37.61165],[127.04389,37.61162],[127.04386,37.61191],[127.04305,37.61147],[127.04227,37.61155],[127.0416,37.61166],[127.04075,37.61209],[127.03993,37.61197],[127.03953,37.61167],[127.04,37.61205],[127.04116,37.61217],[127.04092,37.61243],[127.04034,37.61252],[127.04026,37.61274],[127.04049,37.61398],[127.04068,37.61408],[127.04032,37.6143],[127.04304,37.61387],[127.04607,37.61383],[127.04896,37.61345],[127.04808,37.61339],[127.04799,37.61287]]]}},{"type":"Feature","properties":{"name":"응암제3주택재개발정비사업","cat":"재개발","gu":"은평구"},"geometry":{"type":"Polygon","coordinates":[[[126.92664,37.59965],[126.92731,37.59932],[126.9268,37.59896],[126.92693,37.59877],[126.92761,37.59874],[126.92772,37.59856],[126.92747,37.59835],[126.92763,37.59799],[126.92671,37.5983],[126.92634,37.59824],[126.92624,37.59797],[126.92559,37.59812],[126.92554,37.59837],[126.92664,37.59965]]]}},{"type":"Feature","properties":{"name":"면목5 주택재건축정비사업","cat":"정비예정구역","gu":"중랑구"},"geometry":{"type":"Polygon","coordinates":[[[127.07876,37.58141],[127.07778,37.5827],[127.07821,37.58293],[127.07956,37.58289],[127.07952,37.58191],[127.07876,37.58141]]]}},{"type":"Feature","properties":{"name":"재건축사업구역","cat":"정비예정구역","gu":"영등포구"},"geometry":{"type":"Polygon","coordinates":[[[126.90382,37.52903],[126.9014,37.52999],[126.90165,37.53036],[126.90233,37.53009],[126.90284,37.53091],[126.90436,37.53026],[126.90382,37.52903]]]}},{"type":"Feature","properties":{"name":"청진4구역도시환경정비사업","cat":"재건축","gu":"종로구"},"geometry":{"type":"Polygon","coordinates":[[[126.98204,37.57037],[126.98107,37.57038],[126.98084,37.57118],[126.98173,37.57122],[126.98204,37.57037]]]}},{"type":"Feature","properties":{"name":"세운재정비촉진지구36구역도시환경정","cat":"재건축","gu":"중구"},"geometry":{"type":"Polygon","coordinates":[[[126.99637,37.56283],[126.99633,37.56319],[126.99706,37.56325],[126.9971,37.5629],[126.99637,37.56283]]]}},{"type":"Feature","properties":{"name":"북아현1-3구역 주택재개발사업","cat":"재개발","gu":"서대문구"},"geometry":{"type":"Polygon","coordinates":[[[126.95581,37.56146],[126.95589,37.56079],[126.9566,37.55972],[126.95613,37.55758],[126.95533,37.55754],[126.95519,37.55793],[126.95213,37.55774],[126.95214,37.55734],[126.9518,37.55732],[126.95178,37.55772],[126.94877,37.55755],[126.94852,37.55817],[126.948,37.55867],[126.94916,37.559],[126.94933,37.55833],[126.94949,37.5583],[126.9506,37.55877],[126.95085,37.55849],[126.95147,37.55885],[126.95166,37.55867],[126.95243,37.5587],[126.95378,37.55924],[126.95438,37.55873],[126.95498,37.559],[126.95575,37.56011],[126.95515,37.56137],[126.95581,37.56146]]]}},{"type":"Feature","properties":{"name":"상계5재정비촉진구역","cat":"재개발","gu":"노원구"},"geometry":{"type":"Polygon","coordinates":[[[127.08206,37.67148],[127.08093,37.67029],[127.0774,37.66562],[127.07608,37.6662],[127.07591,37.66641],[127.0761,37.66683],[127.07833,37.66962],[127.07829,37.6701],[127.07927,37.67092],[127.07934,37.67124],[127.08005,37.67152],[127.08206,37.67148]],[[127.07763,37.66817],[127.07863,37.66863],[127.07863,37.66868],[127.07816,37.66891],[127.07763,37.66817]]]}},{"type":"Feature","properties":{"name":"북창16구역도시환경정비사업","cat":"재건축","gu":"중구"},"geometry":{"type":"Polygon","coordinates":[[[126.97795,37.56275],[126.97797,37.56242],[126.9777,37.5624],[126.97766,37.56281],[126.97795,37.56275]]]}},{"type":"Feature","properties":{"name":"마포로5-1구역도시환경정비사업","cat":"재건축","gu":"서대문구"},"geometry":{"type":"Polygon","coordinates":[[[126.96494,37.56221],[126.96451,37.56168],[126.96415,37.56184],[126.96445,37.56232],[126.96494,37.56221]]]}},{"type":"Feature","properties":{"name":"천호A1-2구역(천호동461-31일대주택정비형재개발구역)","cat":"재개발","gu":"강동구"},"geometry":{"type":"Polygon","coordinates":[[[127.1226,37.54039],[127.12176,37.53955],[127.12042,37.54041],[127.12192,37.54184],[127.12289,37.54145],[127.12314,37.54158],[127.1226,37.54039]]]}},{"type":"Feature","properties":{"name":"북가좌제6주택재건축정비사업","cat":"정비예정구역","gu":"은평구"},"geometry":{"type":"Polygon","coordinates":[[[126.90731,37.57598],[126.90776,37.57613],[126.906,37.57455],[126.90531,37.57517],[126.90506,37.57605],[126.90385,37.57708],[126.90662,37.57981],[126.90822,37.57878],[126.90635,37.57775],[126.90743,37.57701],[126.90743,37.57665],[126.90719,37.57656],[126.90731,37.57598]]]}},{"type":"Feature","properties":{"name":"재건축사업구역","cat":"정비예정구역","gu":"서대문구"},"geometry":{"type":"Polygon","coordinates":[[[126.95092,37.57964],[126.95011,37.57845],[126.94981,37.57867],[126.95022,37.57898],[126.94994,37.5794],[126.95013,37.57967],[126.94938,37.5802],[126.94936,37.58051],[126.94891,37.58039],[126.94831,37.58064],[126.94882,37.58081],[126.95025,37.58205],[126.95084,37.58106],[126.95139,37.58063],[126.95107,37.58029],[126.95092,37.57964]]]}},{"type":"Feature","properties":{"name":"용두2구역주택재개발사업","cat":"재개발","gu":"동대문구"},"geometry":{"type":"Polygon","coordinates":[[[127.03755,37.57316],[127.03785,37.57325],[127.03753,37.57297],[127.03591,37.57283],[127.03531,37.5733],[127.03514,37.57386],[127.03729,37.57396],[127.03726,37.57342],[127.03757,37.5734],[127.03755,37.57316]]]}},{"type":"Feature","properties":{"name":"마포로4-7구역도시환경정비사업","cat":"재건축","gu":"서대문구"},"geometry":{"type":"Polygon","coordinates":[[[126.96611,37.56564],[126.96531,37.56436],[126.96487,37.5644],[126.96571,37.56555],[126.96611,37.56564]]]}},{"type":"Feature","properties":{"name":"마포로2-1-2구역도시환경정비사업","cat":"재건축","gu":"마포구"},"geometry":{"type":"Polygon","coordinates":[[[126.95214,37.54584],[126.95175,37.54599],[126.95227,37.54661],[126.95259,37.54646],[126.95214,37.54584]]]}},{"type":"Feature","properties":{"name":"정릉4구역주택재개발사업","cat":"재개발","gu":"성북구"},"geometry":{"type":"Polygon","coordinates":[[[127.0074,37.62026],[127.00788,37.61985],[127.00775,37.61963],[127.00845,37.61898],[127.0085,37.61862],[127.00946,37.6182],[127.00994,37.61777],[127.01013,37.6168],[127.01094,37.61628],[127.01142,37.61636],[127.01118,37.61618],[127.01124,37.61594],[127.00993,37.61619],[127.00907,37.61594],[127.00889,37.61613],[127.00794,37.61541],[127.00735,37.61532],[127.00687,37.6158],[127.007,37.61654],[127.00768,37.61669],[127.00748,37.61717],[127.00702,37.61689],[127.0058,37.61663],[127.0061,37.6174],[127.00561,37.61806],[127.00602,37.61806],[127.00609,37.61958],[127.00582,37.61974],[127.00566,37.62019],[127.0074,37.62026]]]}},{"type":"Feature","properties":{"name":"신계구역주택재개발정비사업","cat":"재개발","gu":"용산구"},"geometry":{"type":"Polygon","coordinates":[[[126.96591,37.53762],[126.96762,37.53648],[126.96823,37.53548],[126.96837,37.53487],[126.96785,37.53429],[126.96669,37.53436],[126.96659,37.53489],[126.96627,37.5348],[126.96559,37.53507],[126.96567,37.53625],[126.96543,37.53706],[126.96616,37.53731],[126.96577,37.53756],[126.96591,37.53762]]]}},{"type":"Feature","properties":{"name":"창신1도시정비형 재개발구역 1-5","cat":"재개발","gu":"종로구"},"geometry":{"type":"Polygon","coordinates":[[[127.01194,37.57054],[127.01146,37.57039],[127.01141,37.57066],[127.01187,37.57066],[127.01194,37.57054]]]}},{"type":"Feature","properties":{"name":"현석2주택재개발정비구역","cat":"재개발","gu":"마포구"},"geometry":{"type":"Polygon","coordinates":[[[126.9346,37.54454],[126.93487,37.54455],[126.935,37.54393],[126.93538,37.54408],[126.93578,37.54372],[126.93647,37.54386],[126.93681,37.54367],[126.93638,37.54282],[126.93687,37.54242],[126.93677,37.5423],[126.93426,37.54231],[126.93429,37.5438],[126.93459,37.54377],[126.93448,37.54422],[126.9346,37.54454]]]}},{"type":"Feature","properties":{"name":"북가좌2구역주택재개발사업","cat":"재개발","gu":"서대문구"},"geometry":{"type":"Polygon","coordinates":[[[126.91354,37.57717],[126.91378,37.57716],[126.91412,37.57659],[126.91409,37.57623],[126.91352,37.57554],[126.91311,37.57579],[126.91281,37.57578],[126.91282,37.57562],[126.91257,37.57574],[126.91224,37.57642],[126.91165,37.57692],[126.91295,37.57735],[126.91347,37.57736],[126.91354,37.57717]]]}},{"type":"Feature","properties":{"name":"충신성곽마을 주거환경관리사업","cat":"주거환경개선","gu":"종로구"},"geometry":{"type":"Polygon","coordinates":[[[127.00864,37.57705],[127.00838,37.5759],[127.00889,37.57476],[127.00883,37.57311],[127.00762,37.57307],[127.00502,37.57579],[127.00696,37.57691],[127.00703,37.57668],[127.00672,37.57654],[127.00707,37.57615],[127.0073,37.57529],[127.00797,37.57434],[127.00849,37.57425],[127.00866,37.57499],[127.00828,37.57545],[127.0083,37.57625],[127.00844,37.57706],[127.00864,37.57705]]]}},{"type":"Feature","properties":{"name":"금호1-7구역주택재개발사업","cat":"재개발","gu":"성동구"},"geometry":{"type":"MultiPolygon","coordinates":[[[[127.02676,37.5546],[127.02949,37.55383],[127.02956,37.55326],[127.02894,37.55278],[127.02901,37.55241],[127.02933,37.55233],[127.03015,37.55131],[127.02941,37.55137],[127.02922,37.55086],[127.02893,37.55144],[127.02841,37.55177],[127.02843,37.5523],[127.02819,37.55241],[127.02793,37.55308],[127.02719,37.55334],[127.02682,37.55411],[127.02639,37.55438],[127.02676,37.5546]]],[[[127.02876,37.5494],[127.02863,37.54959],[127.02931,37.55081],[127.02882,37.54985],[127.02876,37.5494]]]]}},{"type":"Feature","properties":{"name":"신월4 주택재건축 정비구역","cat":"정비예정구역","gu":"양천구"},"geometry":{"type":"Polygon","coordinates":[[[126.84495,37.52277],[126.84304,37.52239],[126.84273,37.52291],[126.84324,37.52311],[126.84326,37.52328],[126.84475,37.5235],[126.84495,37.52277]]]}},{"type":"Feature","properties":{"name":"황학구역 주택재개발정비사업","cat":"재개발","gu":"종로구"},"geometry":{"type":"Polygon","coordinates":[[[127.02329,37.57122],[127.0233,37.57035],[127.02211,37.57043],[127.0219,37.57017],[127.02045,37.57054],[127.01989,37.57025],[127.01939,37.57067],[127.0178,37.56995],[127.01619,37.56953],[127.02118,37.57161],[127.02298,37.57153],[127.02329,37.57122]]]}},{"type":"Feature","properties":{"name":"마포로1-28구역도시환경정비사업","cat":"재건축","gu":"마포구"},"geometry":{"type":"Polygon","coordinates":[[[126.94547,37.53845],[126.94516,37.53871],[126.94547,37.53894],[126.94577,37.53867],[126.94547,37.53845]]]}},{"type":"Feature","properties":{"name":"중계본동 주택재개발정비사업","cat":"재개발","gu":"노원구"},"geometry":{"type":"Polygon","coordinates":[[[127.08903,37.6419],[127.08837,37.64125],[127.08852,37.64089],[127.08793,37.64108],[127.08664,37.64081],[127.08613,37.64104],[127.08305,37.64005],[127.08306,37.64109],[127.08343,37.64242],[127.08334,37.6437],[127.08351,37.64331],[127.08374,37.64335],[127.0836,37.64371],[127.08413,37.6438],[127.08367,37.64403],[127.08377,37.64441],[127.08398,37.64436],[127.08414,37.64461],[127.08437,37.64461],[127.08447,37.64429],[127.08525,37.64412],[127.08594,37.6442],[127.0869,37.64466],[127.08691,37.64488],[127.08787,37.64479],[127.08836,37.64493],[127.09022,37.64458],[127.09094,37.64417],[127.09099,37.64404],[127.09052,37.64385],[127.08972,37.64385],[127.08944,37.64359],[127.08859,37.64376],[127.08812,37.64341],[127.08781,37.64371],[127.0867,37.64334],[127.08673,37.64307],[127.08743,37.64219],[127.08903,37.6419]]]}},{"type":"Feature","properties":{"name":"상계3재정비촉진구역","cat":"재개발","gu":"노원구"},"geometry":{"type":"Polygon","coordinates":[[[127.08565,37.67166],[127.08588,37.67124],[127.08494,37.67042],[127.08464,37.66992],[127.08366,37.6701],[127.08339,37.66996],[127.08258,37.6683],[127.08042,37.66869],[127.08035,37.66849],[127.07994,37.66836],[127.08016,37.66771],[127.07918,37.66751],[127.08107,37.67001],[127.08215,37.67004],[127.08224,37.67058],[127.08281,37.67137],[127.08306,37.6721],[127.08427,37.67348],[127.08506,37.67401],[127.08436,37.6731],[127.0844,37.6729],[127.08497,37.67256],[127.08597,37.67248],[127.08565,37.67166]]]}},{"type":"Feature","properties":{"name":"성북구 정릉동(삼덕마을) 주거환경관","cat":"주거환경개선","gu":"성북구"},"geometry":{"type":"Polygon","coordinates":[[[127.00273,37.61216],[127.0055,37.61225],[127.0051,37.61104],[127.00274,37.61111],[127.00208,37.61174],[127.00273,37.61216]]]}},{"type":"Feature","properties":{"name":"마포로1-19-1구역도시환경정비사업","cat":"재건축","gu":"마포구"},"geometry":{"type":"Polygon","coordinates":[[[126.94938,37.54268],[126.9491,37.54291],[126.94929,37.54326],[126.94969,37.54308],[126.94938,37.54268]]]}},{"type":"Feature","properties":{"name":"합정재정비촉진지구3구역도시환경정","cat":"재개발","gu":"마포구"},"geometry":{"type":"Polygon","coordinates":[[[126.91297,37.54957],[126.91166,37.54958],[126.91147,37.55033],[126.9127,37.55045],[126.91297,37.54957]]]}},{"type":"Feature","properties":{"name":"청량리재정비촉진지구","cat":"재정비촉진지구","gu":"동대문구"},"geometry":{"type":"Polygon","coordinates":[[[127.05159,37.58531],[127.05201,37.58519],[127.05044,37.58322],[127.04977,37.58161],[127.05133,37.58091],[127.04664,37.57509],[127.04455,37.5762],[127.04486,37.57694],[127.04407,37.5774],[127.04414,37.5777],[127.0432,37.57833],[127.04163,37.57725],[127.03953,37.57664],[127.03841,37.57667],[127.03848,37.57787],[127.03865,37.57805],[127.04476,37.57987],[127.04866,37.5823],[127.04998,37.58343],[127.05159,37.58531]]]}},{"type":"Feature","properties":{"name":"용두1 재정비촉진구역","cat":"재개발","gu":"동대문구"},"geometry":{"type":"Polygon","coordinates":[[[127.04151,37.57885],[127.04211,37.5776],[127.04163,37.57725],[127.03953,37.57664],[127.03841,37.57667],[127.03848,37.57787],[127.03865,37.57805],[127.04151,37.57885]]]}},{"type":"Feature","properties":{"name":"용두1(3지구) 재정비촉진구역","cat":"재건축","gu":"동대문구"},"geometry":{"type":"Polygon","coordinates":[[[127.0391,37.57754],[127.03893,37.57678],[127.03841,37.57667],[127.03846,37.57753],[127.0391,37.57754]]]}},{"type":"Feature","properties":{"name":"무수골주거환경개선사업","cat":"주거환경개선","gu":"도봉구"},"geometry":{"type":"Polygon","coordinates":[[[127.03616,37.67976],[127.03656,37.67982],[127.03675,37.68039],[127.03695,37.68041],[127.03717,37.67978],[127.03763,37.67953],[127.03748,37.67943],[127.03764,37.67905],[127.03797,37.67874],[127.03869,37.67879],[127.03896,37.67892],[127.03914,37.67937],[127.03879,37.67992],[127.03905,37.67991],[127.03904,37.67977],[127.03968,37.67991],[127.03974,37.68041],[127.03991,37.68025],[127.04005,37.68041],[127.04041,37.68026],[127.04039,37.68003],[127.04082,37.67974],[127.0414,37.67894],[127.04012,37.67866],[127.04046,37.67842],[127.03944,37.6784],[127.03885,37.67801],[127.03779,37.67826],[127.03692,37.67821],[127.03535,37.67761],[127.03545,37.67732],[127.03488,37.67723],[127.03518,37.67697],[127.03456,37.67689],[127.03463,37.67722],[127.03405,37.67743],[127.03624,37.67827],[127.03589,37.67869],[127.03594,37.67893],[127.03559,37.67859],[127.03543,37.67871],[127.0356,37.67885],[127.03563,37.67899],[127.0354,37.67902],[127.03562,37.67934],[127.03519,37.67961],[127.03567,37.67969],[127.03628,37.67917],[127.03656,37.67955],[127.03614,37.67966],[127.0356,37.68009],[127.03559,37.68049],[127.03626,37.68007],[127.03616,37.67976]]]}},{"type":"Feature","properties":{"name":"숭인동 56일대 주택정비형 재개발구역","cat":"재개발","gu":"종로구"},"geometry":{"type":"Polygon","coordinates":[[[127.01545,37.57832],[127.01539,37.58033],[127.01557,37.58031],[127.01572,37.57972],[127.01647,37.57949],[127.01707,37.57972],[127.01733,37.58025],[127.01755,37.57973],[127.01797,37.57952],[127.0183,37.57903],[127.01819,37.57866],[127.01795,37.57877],[127.01756,37.57853],[127.01734,37.57865],[127.01731,37.57887],[127.01748,37.57894],[127.0173,37.57897],[127.01665,37.57849],[127.01681,37.57816],[127.01758,37.57809],[127.01729,37.57802],[127.01736,37.57757],[127.01654,37.57761],[127.01643,37.57744],[127.01575,37.57807],[127.01547,37.57807],[127.01533,37.57827],[127.01545,37.57832]]]}},{"type":"Feature","properties":{"name":"주택재개발사업구역","cat":"재개발","gu":"성동구"},"geometry":{"type":"Polygon","coordinates":[[[127.02431,37.55553],[127.02434,37.55534],[127.02464,37.55538],[127.02451,37.5542],[127.02416,37.55409],[127.0242,37.55346],[127.02454,37.55314],[127.02474,37.55321],[127.02495,37.55275],[127.02486,37.55257],[127.02316,37.55323],[127.02159,37.55359],[127.02081,37.55406],[127.02096,37.55449],[127.02132,37.55441],[127.0213,37.55456],[127.02194,37.55469],[127.02222,37.55531],[127.0225,37.55548],[127.02431,37.55553]]]}},{"type":"Feature","properties":{"name":"도봉구 방학2동(숲속마을)주거환경관리사업","cat":"주거환경개선","gu":"도봉구"},"geometry":{"type":"MultiPolygon","coordinates":[[[[127.03384,37.66863],[127.0342,37.66869],[127.03491,37.66923],[127.03571,37.66925],[127.03575,37.67018],[127.03606,37.67065],[127.03704,37.67023],[127.03733,37.66989],[127.0362,37.66937],[127.03173,37.6663],[127.03088,37.66649],[127.03095,37.66714],[127.02977,37.66707],[127.03021,37.66757],[127.02962,37.66837],[127.02891,37.66866],[127.02834,37.66916],[127.02869,37.66938],[127.0286,37.6702],[127.02893,37.67043],[127.03189,37.67115],[127.03223,37.66921],[127.03344,37.66901],[127.03384,37.66863]]],[[[127.03384,37.66929],[127.03341,37.66924],[127.03326,37.66943],[127.03299,37.6701],[127.03311,37.67093],[127.03396,37.67058],[127.03384,37.66929]]]]}},{"type":"Feature","properties":{"name":"다동10구역도시환경정비사업","cat":"재건축","gu":"종로구"},"geometry":{"type":"Polygon","coordinates":[[[126.98124,37.56836],[126.98126,37.56873],[126.98206,37.5687],[126.98197,37.56839],[126.98124,37.56836]]]}},{"type":"Feature","properties":{"name":"주택재개발사업구역","cat":"재개발","gu":"성북구"},"geometry":{"type":"Polygon","coordinates":[[[127.06495,37.60582],[127.06365,37.60524],[127.06216,37.60509],[127.06191,37.60603],[127.06144,37.60668],[127.06557,37.60709],[127.06566,37.6068],[127.06506,37.60669],[127.06547,37.60553],[127.06495,37.60582]]]}},{"type":"Feature","properties":{"name":"은평재정비촉진지구","cat":"재정비촉진지구","gu":"은평구"},"geometry":{"type":"Polygon","coordinates":[[[126.93638,37.65046],[126.93658,37.6497],[126.93593,37.64941],[126.9355,37.6499],[126.93496,37.65002],[126.9337,37.64978],[126.93105,37.64747],[126.93045,37.64603],[126.93036,37.64523],[126.93066,37.64475],[126.93195,37.64468],[126.93252,37.64439],[126.93293,37.64346],[126.93208,37.6411],[126.93138,37.64095],[126.93033,37.64117],[126.92951,37.64108],[126.92775,37.64022],[126.92785,37.64209],[126.92822,37.64315],[126.92805,37.64339],[126.92753,37.64337],[126.92304,37.64138],[126.92169,37.64009],[126.92136,37.63872],[126.92088,37.63851],[126.92004,37.63864],[126.91949,37.63715],[126.91901,37.63724],[126.91898,37.63707],[126.91911,37.63629],[126.91953,37.63611],[126.91991,37.63666],[126.92134,37.63537],[126.92226,37.63518],[126.92289,37.63534],[126.92476,37.6369],[126.92567,37.63716],[126.92757,37.63722],[126.92736,37.63763],[126.927,37.63763],[126.92702,37.63802],[126.92742,37.63802],[126.92742,37.63828],[126.92913,37.63849],[126.9293,37.63717],[126.93261,37.63771],[126.93488,37.64107],[126.93581,37.64281],[126.93654,37.64321],[126.93769,37.64318],[126.93821,37.64342],[126.93876,37.64478],[126.93956,37.64537],[126.93953,37.64491],[126.94033,37.64441],[126.94017,37.64362],[126.94049,37.64306],[126.94122,37.64273],[126.94189,37.64271],[126.94203,37.64216],[126.94186,37.64201],[126.94207,37.64156],[126.94321,37.64124],[126.94363,37.64083],[126.94273,37.6404],[126.9415,37.64073],[126.94104,37.64045],[126.94081,37.64052],[126.9403,37.63948],[126.93996,37.63934],[126.93979,37.63877],[126.94013,37.63845],[126.94015,37.63758],[126.9405,37.63759],[126.94043,37.637],[126.9398,37.63713],[126.93957,37.6374],[126.93927,37.63725],[126.93891,37.63738],[126.93892,37.63765],[126.93843,37.63786],[126.93821,37.63763],[126.93821,37.63724],[126.93711,37.63615],[126.9367,37.63599],[126.93679,37.6357],[126.93738,37.6354],[126.93709,37.63509],[126.93706,37.63457],[126.93669,37.63456],[126.93642,37.63417],[126.9376,37.63379],[126.93812,37.63413],[126.93892,37.63389],[126.93922,37.63319],[126.93916,37.63268],[126.93827,37.63244],[126.93793,37.63208],[126.93743,37.63214],[126.93711,37.63195],[126.93671,37.63213],[126.93483,37.63178],[126.93464,37.63144],[126.93308,37.63114],[126.93282,37.63085],[126.93282,37.62998],[126.93308,37.62975],[126.9335,37.62956],[126.93413,37.62988],[126.93494,37.62905],[126.93552,37.62908],[126.93577,37.62867],[126.93712,37.62867],[126.93823,37.62797],[126.93798,37.62704],[126.9376,37.62674],[126.93676,37.62673],[126.937,37.62654],[126.93678,37.62615],[126.93621,37.62611],[126.93576,37.62647],[126.93408,37.6267],[126.93207,37.62642],[126.93182,37.62664],[126.93172,37.62686],[126.93188,37.62704],[126.93128,37.62799],[126.92928,37.62853],[126.92915,37.62951],[126.92662,37.63013],[126.92654,37.63034],[126.92519,37.63095],[126.92297,37.63096],[126.92123,37.6304],[126.92056,37.62954],[126.92059,37.62911],[126.92096,37.62917],[126.92086,37.62889],[126.9206,37.62894],[126.92058,37.62841],[126.91932,37.62817],[126.91855,37.62853],[126.91705,37.62873],[126.91623,37.62971],[126.91586,37.62944],[126.91518,37.63093],[126.91618,37.63206],[126.91611,37.63307],[126.91476,37.63357],[126.91397,37.63342],[126.91367,37.63301],[126.91398,37.63186],[126.91384,37.63185],[126.91353,37.63212],[126.91323,37.63332],[126.91226,37.63319],[126.91188,37.63182],[126.91153,37.63179],[126.91161,37.63314],[126.91025,37.63348],[126.90955,37.63323],[126.9094,37.63336],[126.91072,37.63416],[126.91194,37.63422],[126.91224,37.63489],[126.91281,37.63467],[126.91282,37.63439],[126.91324,37.63429],[126.91519,37.63465],[126.91597,37.6346],[126.91647,37.63504],[126.91645,37.63547],[126.91473,37.63546],[126.91469,37.63563],[126.91603,37.63666],[126.91576,37.63797],[126.91459,37.63908],[126.914,37.63924],[126.91411,37.64042],[126.91453,37.64175],[126.91448,37.64294],[126.91297,37.64361],[126.91207,37.64378],[126.91228,37.64432],[126.90772,37.64629],[126.90691,37.64733],[126.90713,37.64719],[126.90482,37.6492],[126.90843,37.64725],[126.90865,37.64741],[126.90974,37.64688],[126.91195,37.64537],[126.9134,37.645],[126.91372,37.64476],[126.91519,37.64512],[126.92412,37.64611],[126.92713,37.6481],[126.92929,37.64984],[126.93001,37.65017],[126.93144,37.65034],[126.9319,37.65023],[126.93571,37.6512],[126.93688,37.65073],[126.93638,37.65046]]]}},{"type":"Feature","properties":{"name":"보문1구역주택재개발사업","cat":"재개발","gu":"성북구"},"geometry":{"type":"Polygon","coordinates":[[[127.01625,37.58654],[127.01693,37.58644],[127.01773,37.58481],[127.0173,37.58467],[127.01648,37.58491],[127.01621,37.58546],[127.01554,37.58537],[127.01579,37.58593],[127.01624,37.58627],[127.01625,37.58654]]]}},{"type":"Feature","properties":{"name":"은평구재정비촉진구역","cat":"재정비촉진지구","gu":"은평구"},"geometry":{"type":"Polygon","coordinates":[[[126.93637,37.65046],[126.93657,37.6497],[126.93593,37.64941],[126.9355,37.6499],[126.93496,37.65002],[126.9337,37.64978],[126.93105,37.64747],[126.93045,37.64603],[126.93036,37.64522],[126.93066,37.64475],[126.93195,37.64468],[126.93252,37.64439],[126.93293,37.64346],[126.93208,37.6411],[126.93138,37.64095],[126.93033,37.64117],[126.92951,37.64108],[126.92774,37.64022],[126.92785,37.64209],[126.92822,37.64315],[126.92805,37.64339],[126.92753,37.64337],[126.92304,37.64138],[126.92169,37.64009],[126.92136,37.63872],[126.92088,37.63851],[126.92004,37.63864],[126.91949,37.63715],[126.91901,37.63724],[126.91898,37.63707],[126.91911,37.63629],[126.91953,37.63611],[126.91991,37.63666],[126.92134,37.63537],[126.92226,37.63518],[126.92289,37.63534],[126.92476,37.6369],[126.92567,37.63716],[126.92757,37.63722],[126.92736,37.63763],[126.927,37.63763],[126.92702,37.63802],[126.92742,37.63802],[126.92742,37.63828],[126.92913,37.63849],[126.9293,37.63717],[126.93261,37.63771],[126.93488,37.64107],[126.93581,37.64281],[126.93654,37.64321],[126.93769,37.64318],[126.93821,37.64342],[126.93876,37.64478],[126.93956,37.64537],[126.93953,37.64491],[126.94033,37.64441],[126.94017,37.64362],[126.94049,37.64306],[126.94122,37.64273],[126.94189,37.64271],[126.94203,37.64216],[126.94186,37.64201],[126.94207,37.64156],[126.94321,37.64124],[126.94363,37.64083],[126.94273,37.6404],[126.9415,37.64073],[126.94104,37.64045],[126.94081,37.64052],[126.9403,37.63948],[126.93993,37.63933],[126.93979,37.63877],[126.94013,37.63845],[126.94015,37.63758],[126.9405,37.63759],[126.94043,37.637],[126.9398,37.63713],[126.93957,37.6374],[126.93927,37.63725],[126.93891,37.63738],[126.93892,37.63765],[126.93843,37.63786],[126.93821,37.63763],[126.93821,37.63724],[126.93711,37.63615],[126.9367,37.63599],[126.93679,37.6357],[126.93738,37.6354],[126.93709,37.63509],[126.93706,37.63457],[126.93669,37.63456],[126.93642,37.63417],[126.9376,37.63379],[126.93812,37.63413],[126.93892,37.63389],[126.93922,37.63319],[126.93916,37.63268],[126.93827,37.63244],[126.93793,37.63208],[126.93743,37.63214],[126.93711,37.63195],[126.93671,37.63213],[126.93483,37.63178],[126.93464,37.63144],[126.93308,37.63114],[126.93282,37.63085],[126.93282,37.62998],[126.93308,37.62975],[126.9335,37.62956],[126.93413,37.62988],[126.93494,37.62905],[126.93552,37.62908],[126.93577,37.62867],[126.93712,37.62867],[126.93823,37.62797],[126.93798,37.62704],[126.9376,37.62674],[126.93676,37.62673],[126.937,37.62654],[126.93678,37.62615],[126.93621,37.62611],[126.93576,37.62647],[126.93408,37.6267],[126.93207,37.62642],[126.93182,37.62664],[126.93172,37.62686],[126.93188,37.62704],[126.93128,37.62799],[126.92928,37.62853],[126.92915,37.62951],[126.92662,37.63013],[126.92654,37.63034],[126.92519,37.63095],[126.92297,37.63096],[126.92123,37.6304],[126.92056,37.62955],[126.92059,37.62911],[126.92096,37.62917],[126.92086,37.62889],[126.9206,37.62894],[126.92058,37.62841],[126.91932,37.62817],[126.91855,37.62853],[126.91705,37.62873],[126.91623,37.62971],[126.91586,37.62944],[126.91518,37.63093],[126.91618,37.63206],[126.91611,37.63307],[126.91476,37.63357],[126.91397,37.63342],[126.91367,37.63301],[126.91398,37.63186],[126.91384,37.63185],[126.91353,37.63212],[126.91323,37.63332],[126.91226,37.63319],[126.91188,37.63182],[126.91153,37.63179],[126.91161,37.63314],[126.91025,37.63348],[126.90955,37.63323],[126.9094,37.63336],[126.91072,37.63416],[126.91194,37.63422],[126.91224,37.63489],[126.91281,37.63467],[126.91282,37.63439],[126.91324,37.63429],[126.91519,37.63465],[126.91597,37.6346],[126.91647,37.63504],[126.91645,37.63547],[126.91473,37.63546],[126.91469,37.63563],[126.91603,37.63666],[126.91576,37.63797],[126.91459,37.63908],[126.914,37.63924],[126.91411,37.64042],[126.91453,37.64175],[126.91448,37.64294],[126.91297,37.64361],[126.91207,37.64378],[126.91228,37.64432],[126.90772,37.64629],[126.90691,37.64733],[126.90713,37.64719],[126.90482,37.6492],[126.90843,37.64725],[126.90865,37.64741],[126.90974,37.64688],[126.91195,37.64537],[126.9134,37.645],[126.91372,37.64476],[126.91519,37.64512],[126.92412,37.64611],[126.92713,37.6481],[126.92929,37.64984],[126.93001,37.65017],[126.93144,37.65034],[126.9319,37.65023],[126.93571,37.6512],[126.93688,37.65073],[126.93637,37.65046]]]}},{"type":"Feature","properties":{"name":"3-7구역","cat":"재개발","gu":"종로구"},"geometry":{"type":"Polygon","coordinates":[[[126.9951,37.56785],[126.99517,37.56731],[126.99461,37.56727],[126.99464,37.56783],[126.9951,37.56785]]]}},{"type":"Feature","properties":{"name":"홍제역 역세권 활성화사업 도시정비형 재개발정비구역","cat":"재개발","gu":"서대문구"},"geometry":{"type":"Polygon","coordinates":[[[126.94296,37.59001],[126.94177,37.59149],[126.94362,37.59208],[126.94481,37.59166],[126.94534,37.59112],[126.94402,37.59029],[126.94304,37.59016],[126.94296,37.59001]]]}},{"type":"Feature","properties":{"name":"신정재정비촉진지구","cat":"재정비촉진지구","gu":"양천구"},"geometry":{"type":"Polygon","coordinates":[[[126.8584,37.50919],[126.85975,37.50691],[126.85877,37.50648],[126.85707,37.50646],[126.85552,37.50677],[126.85564,37.50703],[126.85635,37.50705],[126.85729,37.50772],[126.85779,37.5083],[126.85738,37.50842],[126.85737,37.50877],[126.8584,37.50919]]]}},{"type":"Feature","properties":{"name":"광운대역세권 공공임대주택 건립","cat":"재개발","gu":"노원구"},"geometry":{"type":"Polygon","coordinates":[[[127.06144,37.6229],[127.0617,37.62246],[127.06112,37.62214],[127.06106,37.6223],[127.06127,37.62238],[127.06085,37.62301],[127.06144,37.6229]]]}},{"type":"Feature","properties":{"name":"마포로3-8구역도시환경정비사업","cat":"재건축","gu":"마포구"},"geometry":{"type":"Polygon","coordinates":[[[126.957,37.5528],[126.95717,37.55271],[126.95659,37.55268],[126.95778,37.55508],[126.95782,37.55445],[126.957,37.5528]]]}},{"type":"Feature","properties":{"name":"상도8구역주택재개발사업","cat":"재개발","gu":"동작구"},"geometry":{"type":"Polygon","coordinates":[[[126.9346,37.495],[126.93531,37.49508],[126.93552,37.49457],[126.93575,37.49473],[126.93623,37.49468],[126.93631,37.49436],[126.93599,37.49389],[126.9364,37.49372],[126.93572,37.49322],[126.93549,37.49336],[126.93574,37.49364],[126.9352,37.49401],[126.93525,37.49451],[126.9346,37.495]]]}},{"type":"Feature","properties":{"name":"녹번제1구역 제1지구","cat":"재개발","gu":"은평구"},"geometry":{"type":"Polygon","coordinates":[[[126.9376,37.60313],[126.93773,37.60276],[126.93751,37.6023],[126.93776,37.60222],[126.93776,37.60204],[126.93728,37.60133],[126.9378,37.60095],[126.93798,37.60101],[126.938,37.60064],[126.9367,37.60052],[126.93667,37.60082],[126.93614,37.60064],[126.93538,37.60207],[126.93591,37.60247],[126.9376,37.60313]]]}},{"type":"Feature","properties":{"name":"청량리6구역주택재개발사업","cat":"재개발","gu":"성북구"},"geometry":{"type":"Polygon","coordinates":[[[127.04197,37.5912],[127.04233,37.59108],[127.04239,37.58988],[127.04218,37.58984],[127.04275,37.58717],[127.04143,37.58679],[127.04044,37.58677],[127.04038,37.58752],[127.03986,37.58833],[127.03952,37.58849],[127.04098,37.59036],[127.04078,37.59058],[127.04197,37.5912]]]}},{"type":"Feature","properties":{"name":"상봉13구역 주택정비형 재개발사업","cat":"재개발","gu":"중랑구"},"geometry":{"type":"Polygon","coordinates":[[[127.0987,37.59545],[127.09341,37.59431],[127.09322,37.59536],[127.09702,37.59618],[127.09733,37.59572],[127.09852,37.59592],[127.0987,37.59545]]]}},{"type":"Feature","properties":{"name":"불광제5 주택정비형 재개발사업","cat":"재개발","gu":"은평구"},"geometry":{"type":"Polygon","coordinates":[[[126.9311,37.61742],[126.93195,37.61738],[126.93232,37.61646],[126.93253,37.61638],[126.93247,37.61609],[126.93283,37.61603],[126.93284,37.61558],[126.93197,37.61372],[126.93185,37.61253],[126.93139,37.61326],[126.93153,37.61364],[126.93078,37.61374],[126.93018,37.61255],[126.93052,37.61232],[126.93049,37.61188],[126.92984,37.61174],[126.93019,37.61208],[126.93011,37.61222],[126.92899,37.6121],[126.92888,37.61223],[126.92921,37.61243],[126.92889,37.61265],[126.92865,37.61256],[126.9284,37.61287],[126.92842,37.61324],[126.92921,37.61435],[126.92949,37.61421],[126.92956,37.6147],[126.92933,37.61478],[126.93034,37.61601],[126.93062,37.61591],[126.93098,37.61656],[126.93065,37.6168],[126.93101,37.6169],[126.9311,37.61742]],[[126.92965,37.6128],[126.92932,37.61273],[126.92933,37.61238],[126.92965,37.61248],[126.92959,37.61268],[126.92988,37.61264],[126.92965,37.6128]]]}},{"type":"Feature","properties":{"name":"수송 도시정비형재개발구역","cat":"재개발","gu":"종로구"},"geometry":{"type":"Polygon","coordinates":[[[126.97841,37.57234],[126.97841,37.57431],[126.97934,37.57422],[126.98051,37.57519],[126.9811,37.57474],[126.9816,37.57464],[126.98096,37.57304],[126.98228,37.57283],[126.98234,37.57213],[126.98217,37.572],[126.97995,37.57242],[126.97841,37.57234]]]}},{"type":"Feature","properties":{"name":"수송 도시정비형 재개발구역 제1-7지구","cat":"재건축","gu":"종로구"},"geometry":{"type":"Polygon","coordinates":[[[126.98115,37.57343],[126.98095,37.57305],[126.98083,37.57327],[126.97998,37.57297],[126.97976,37.57354],[126.98057,37.57383],[126.98096,37.57378],[126.98115,37.57343]]]}},{"type":"Feature","properties":{"name":"대림1구역","cat":"재개발","gu":"영등포구"},"geometry":{"type":"Polygon","coordinates":[[[126.90129,37.4933],[126.90298,37.49447],[126.90323,37.49411],[126.90366,37.49413],[126.90405,37.4944],[126.90463,37.49378],[126.90246,37.4919],[126.90129,37.4933]]]}},{"type":"Feature","properties":{"name":"을지로2가구역 제17지구 도시환경정비","cat":"재건축","gu":"종로구"},"geometry":{"type":"Polygon","coordinates":[[[126.98595,37.56624],[126.9859,37.56674],[126.98732,37.56667],[126.98715,37.56628],[126.98595,37.56624]]]}},{"type":"Feature","properties":{"name":"대림2-2구역주거환경개선사업","cat":"주거환경개선","gu":"영등포구"},"geometry":{"type":"Polygon","coordinates":[[[126.89896,37.48708],[126.89979,37.4866],[126.89887,37.48704],[126.89812,37.48764],[126.89834,37.48785],[126.89896,37.48708]]]}},{"type":"Feature","properties":{"name":"성내3 촉진구역 도시환경정비사업","cat":"재개발","gu":"강동구"},"geometry":{"type":"Polygon","coordinates":[[[127.1253,37.53784],[127.12628,37.53754],[127.12582,37.53691],[127.12497,37.5373],[127.1253,37.53784]]]}},{"type":"Feature","properties":{"name":"종로구 교남동·무악동 일대 행촌권","cat":"주거환경개선","gu":"종로구"},"geometry":{"type":"Polygon","coordinates":[[[126.96223,37.57769],[126.96284,37.57756],[126.96308,37.57702],[126.96293,37.57658],[126.96347,37.57522],[126.96355,37.57403],[126.9643,37.5733],[126.96482,37.57372],[126.96481,37.57325],[126.96497,37.57321],[126.96513,37.57351],[126.96524,37.57335],[126.96554,37.57345],[126.96541,37.57299],[126.96572,37.57217],[126.96606,37.57189],[126.96653,37.57188],[126.96619,37.57161],[126.966,37.57159],[126.96557,37.57202],[126.96523,37.57184],[126.96534,37.57157],[126.96507,37.57152],[126.96502,37.57196],[126.96467,37.57239],[126.96417,37.57229],[126.9639,37.57263],[126.96002,37.57269],[126.95963,37.57307],[126.96055,37.57399],[126.96179,37.57484],[126.96189,37.57647],[126.96235,37.57712],[126.96207,37.57735],[126.9613,37.57688],[126.96107,37.57641],[126.96065,37.57612],[126.95978,37.57622],[126.9598,37.57642],[126.95997,37.57658],[126.96052,37.57646],[126.96031,37.57677],[126.9617,37.57809],[126.96223,37.57769]]]}},{"type":"Feature","properties":{"name":"도시환경정비사업구역","cat":"재개발","gu":"영등포구"},"geometry":{"type":"Polygon","coordinates":[[[126.90627,37.51646],[126.90305,37.51533],[126.90273,37.51556],[126.90269,37.51579],[126.90404,37.51628],[126.90413,37.51657],[126.90514,37.51698],[126.90533,37.51678],[126.90614,37.51703],[126.90627,37.51646]]]}},{"type":"Feature","properties":{"name":"주택재개발사업구역","cat":"재개발","gu":"은평구"},"geometry":{"type":"Polygon","coordinates":[[[126.93527,37.59946],[126.9354,37.59872],[126.93519,37.59856],[126.9356,37.5985],[126.93549,37.59831],[126.935,37.59849],[126.93467,37.59775],[126.93447,37.59812],[126.93354,37.59794],[126.93347,37.59824],[126.9338,37.59848],[126.934,37.59917],[126.93347,37.60022],[126.93341,37.60091],[126.93568,37.60066],[126.93588,37.60031],[126.93558,37.60014],[126.93544,37.60028],[126.93485,37.59989],[126.93489,37.59952],[126.93527,37.59946]]]}},{"type":"Feature","properties":{"name":"성내재정비촉진구역4구역","cat":"재개발","gu":"강동구"},"geometry":{"type":"Polygon","coordinates":[[[127.12383,37.53763],[127.12511,37.53724],[127.12498,37.537],[127.12468,37.53704],[127.12449,37.53668],[127.12465,37.53663],[127.12458,37.53648],[127.12297,37.53647],[127.12299,37.53674],[127.1232,37.53668],[127.12344,37.53712],[127.12313,37.53714],[127.12343,37.53796],[127.12383,37.53763]]]}},{"type":"Feature","properties":{"name":"은마아파트 재건축정비구역","cat":"정비예정구역","gu":"강남구"},"geometry":{"type":"Polygon","coordinates":[[[127.06928,37.49651],[127.06351,37.49479],[127.06315,37.49507],[127.06138,37.49836],[127.06669,37.50008],[127.069,37.49736],[127.06937,37.49668],[127.06928,37.49651]]]}},{"type":"Feature","properties":{"name":"목동4단지 아파트 재건축사업 정비구역","cat":"정비예정구역","gu":"양천구"},"geometry":{"type":"Polygon","coordinates":[[[126.87401,37.53299],[126.87524,37.53278],[126.87492,37.53138],[126.86758,37.53053],[126.86822,37.53182],[126.86971,37.53289],[126.87107,37.53264],[126.87401,37.53299]]]}},{"type":"Feature","properties":{"name":"목동7단지아파트 재건축사업 정비구역","cat":"정비예정구역","gu":"양천구"},"geometry":{"type":"Polygon","coordinates":[[[126.87067,37.53042],[126.86983,37.52664],[126.86838,37.52688],[126.86807,37.52552],[126.86726,37.52553],[126.86717,37.52515],[126.86654,37.52474],[126.86661,37.5245],[126.86641,37.5244],[126.86491,37.52464],[126.86464,37.52562],[126.86493,37.52586],[126.86441,37.52661],[126.86437,37.52705],[126.86601,37.52982],[126.87067,37.53042]]]}},{"type":"Feature","properties":{"name":"양동10구역도시환경정비사업","cat":"재건축","gu":"중구"},"geometry":{"type":"Polygon","coordinates":[[[126.97527,37.55552],[126.97503,37.55527],[126.97449,37.55563],[126.9748,37.55582],[126.97527,37.55552]]]}},{"type":"Feature","properties":{"name":"신동아아파트 주택재건축 정비구역","cat":"정비예정구역","gu":"영등포구"},"geometry":{"type":"Polygon","coordinates":[[[126.88745,37.52153],[126.8854,37.52181],[126.88561,37.5227],[126.88768,37.52249],[126.88745,37.52153]]]}},{"type":"Feature","properties":{"name":"신당10구역주택재개발사업","cat":"재개발","gu":"중구"},"geometry":{"type":"Polygon","coordinates":[[[127.01482,37.565],[127.01443,37.56378],[127.01306,37.5638],[127.01248,37.56426],[127.0118,37.56362],[127.01126,37.56376],[127.01107,37.56324],[127.01044,37.56328],[127.0103,37.56419],[127.01043,37.56448],[127.01482,37.565]]]}},{"type":"Feature","properties":{"name":"봉천7-1구역주거환경개선사업","cat":"주거환경개선","gu":"관악구"},"geometry":{"type":"Polygon","coordinates":[[[126.96303,37.46816],[126.96334,37.46823],[126.96311,37.46808],[126.96345,37.46772],[126.96291,37.46758],[126.9617,37.46792],[126.9617,37.46809],[126.96216,37.46817],[126.96226,37.46849],[126.96303,37.46816]]]}},{"type":"Feature","properties":{"name":"적선도시환경정비사업","cat":"재개발","gu":"종로구"},"geometry":{"type":"Polygon","coordinates":[[[126.97436,37.57427],[126.9728,37.57422],[126.97279,37.5756],[126.97422,37.57547],[126.97436,37.57427]]]}},{"type":"Feature","properties":{"name":"불광1구역주택재개발사업","cat":"재개발","gu":"은평구"},"geometry":{"type":"Polygon","coordinates":[[[126.93234,37.61245],[126.9331,37.6124],[126.93336,37.61213],[126.93381,37.61245],[126.93451,37.61259],[126.93552,37.61243],[126.93601,37.6113],[126.93482,37.61175],[126.93433,37.61157],[126.93409,37.61088],[126.93331,37.61077],[126.93316,37.61085],[126.93316,37.6113],[126.93272,37.61142],[126.93296,37.61188],[126.93195,37.61196],[126.93198,37.6121],[126.93229,37.61204],[126.93234,37.61245]]]}},{"type":"Feature","properties":{"name":"장교구역 제5지구 도시환경정비사업","cat":"재건축","gu":"종로구"},"geometry":{"type":"Polygon","coordinates":[[[126.98832,37.5671],[126.98832,37.56676],[126.98779,37.56674],[126.98781,37.56708],[126.98832,37.5671]]]}},{"type":"Feature","properties":{"name":"서초금호아파트주택재건축사업","cat":"정비예정구역","gu":"서초구"},"geometry":{"type":"Polygon","coordinates":[[[127.01716,37.49536],[127.01602,37.49662],[127.01825,37.4978],[127.01847,37.49745],[127.01824,37.49732],[127.01844,37.49706],[127.01695,37.4963],[127.01759,37.49557],[127.01716,37.49536]]]}},{"type":"Feature","properties":{"name":"신길 제2구역 주택재개발정비사업","cat":"재개발","gu":"영등포구"},"geometry":{"type":"Polygon","coordinates":[[[126.91013,37.51197],[126.91024,37.5124],[126.91174,37.51427],[126.91226,37.51394],[126.91302,37.51444],[126.91409,37.51356],[126.91465,37.51394],[126.91476,37.51382],[126.91444,37.51348],[126.91533,37.51267],[126.91664,37.51337],[126.91708,37.51298],[126.91673,37.51244],[126.91618,37.51267],[126.9157,37.51232],[126.91554,37.51242],[126.91454,37.51166],[126.91257,37.51127],[126.91026,37.51144],[126.91013,37.51197]]]}},{"type":"Feature","properties":{"name":"공덕8구역 주택정비형 재개발사업","cat":"재개발","gu":"마포구"},"geometry":{"type":"Polygon","coordinates":[[[126.96143,37.54858],[126.96138,37.54806],[126.96061,37.54799],[126.96074,37.54724],[126.95814,37.54723],[126.95862,37.54764],[126.95884,37.54753],[126.9587,37.5477],[126.95905,37.54777],[126.95915,37.54787],[126.95899,37.54796],[126.95924,37.54817],[126.95939,37.54807],[126.96008,37.54856],[126.95995,37.54895],[126.96028,37.54936],[126.96071,37.54946],[126.96041,37.54952],[126.96061,37.54978],[126.96091,37.54978],[126.9607,37.5499],[126.96089,37.55018],[126.9624,37.55134],[126.96304,37.55083],[126.96354,37.55005],[126.96345,37.5492],[126.96317,37.5492],[126.96342,37.54877],[126.96209,37.54879],[126.96143,37.54858]]]}},{"type":"Feature","properties":{"name":"을지로2가도시환경정비구역","cat":"재개발","gu":"종로구"},"geometry":{"type":"Polygon","coordinates":[[[126.98721,37.56628],[126.98352,37.56623],[126.98296,37.56661],[126.98298,37.56856],[126.98739,37.56784],[126.98721,37.56628]]]}},{"type":"Feature","properties":{"name":"중학2-2-2구역도시환경정비사업","cat":"재건축","gu":"종로구"},"geometry":{"type":"Polygon","coordinates":[[[126.97976,37.57516],[126.97954,37.57507],[126.97919,37.57523],[126.97934,37.5754],[126.97976,37.57516]]]}},{"type":"Feature","properties":{"name":"신반포5차아파트 주택재건축 정비사","cat":"정비예정구역","gu":"서초구"},"geometry":{"type":"Polygon","coordinates":[[[127.00884,37.51578],[127.00587,37.51288],[127.00527,37.51326],[127.00829,37.51609],[127.00884,37.51578]]]}},{"type":"Feature","properties":{"name":"수색4재정비촉진구역","cat":"재개발","gu":"은평구"},"geometry":{"type":"Polygon","coordinates":[[[126.89309,37.58534],[126.89365,37.58485],[126.89405,37.58404],[126.89423,37.58408],[126.89423,37.58361],[126.89384,37.58329],[126.89028,37.58479],[126.88946,37.58539],[126.89019,37.58608],[126.89096,37.58608],[126.89109,37.5859],[126.89309,37.58534]]]}},{"type":"Feature","properties":{"name":"길음1재정비촉진구역","cat":"재개발","gu":"성북구"},"geometry":{"type":"Polygon","coordinates":[[[127.02822,37.60797],[127.02813,37.60752],[127.02729,37.60704],[127.02709,37.60663],[127.02601,37.60674],[127.02546,37.60588],[127.02514,37.60574],[127.02485,37.60591],[127.02393,37.60854],[127.02476,37.60906],[127.0256,37.60913],[127.02732,37.60977],[127.02876,37.6089],[127.02838,37.60877],[127.02798,37.60829],[127.02822,37.60797]]]}},{"type":"Feature","properties":{"name":"주택재개발사업구역","cat":"재개발","gu":"서대문구"},"geometry":{"type":"Polygon","coordinates":[[[126.92096,37.57751],[126.91882,37.57573],[126.91828,37.57643],[126.91809,37.57704],[126.91744,37.5775],[126.91808,37.57792],[126.91743,37.57871],[126.91762,37.57898],[126.91966,37.57791],[126.92096,37.57751]]]}},{"type":"Feature","properties":{"name":"서소문3구역도시환경정비사업","cat":"재건축","gu":"중구"},"geometry":{"type":"Polygon","coordinates":[[[126.9755,37.56105],[126.97428,37.56138],[126.97427,37.56139],[126.97485,37.56201],[126.97568,37.56184],[126.9755,37.56105]]]}},{"type":"Feature","properties":{"name":"불광동 수리마을 주거환경관리사업","cat":"주거환경개선","gu":"은평구"},"geometry":{"type":"Polygon","coordinates":[[[126.93363,37.62269],[126.93502,37.62251],[126.93484,37.62235],[126.93478,37.62138],[126.93418,37.62148],[126.9345,37.62064],[126.93367,37.62064],[126.93375,37.61977],[126.93337,37.61962],[126.93318,37.61967],[126.93308,37.62037],[126.9335,37.62101],[126.93346,37.62141],[126.93323,37.6216],[126.93288,37.62152],[126.93286,37.62176],[126.93256,37.62191],[126.93157,37.62195],[126.93124,37.62254],[126.93214,37.62258],[126.93338,37.62328],[126.93363,37.62269]]]}},{"type":"Feature","properties":{"name":"명동구역 제3지구 도시환경정비사업","cat":"재개발","gu":"종로구"},"geometry":{"type":"Polygon","coordinates":[[[126.98726,37.56601],[126.98733,37.5654],[126.9869,37.56539],[126.9868,37.56555],[126.987,37.56564],[126.98688,37.56599],[126.98726,37.56601]]]}},{"type":"Feature","properties":{"name":"무교다동 23-10 지구","cat":"재건축","gu":"종로구"},"geometry":{"type":"Polygon","coordinates":[[[126.98188,37.56728],[126.98204,37.5672],[126.98186,37.56721],[126.98188,37.56728]]]}},{"type":"Feature","properties":{"name":"무교다동 24-1 지구","cat":"재건축","gu":"종로구"},"geometry":{"type":"Polygon","coordinates":[[[126.98181,37.56714],[126.9816,37.56703],[126.98158,37.5671],[126.98181,37.56714]]]}},{"type":"Feature","properties":{"name":"창신_숭인재정비촉진지구창신3구역주","cat":"주거환경개선","gu":"종로구"},"geometry":{"type":"Polygon","coordinates":[[[127.00919,37.57834],[127.00953,37.57864],[127.00998,37.57868],[127.01014,37.57832],[127.00947,37.57815],[127.00942,37.57835],[127.00919,37.57834]]]}},{"type":"Feature","properties":{"name":"도시환경정비사업구역","cat":"재개발","gu":"서대문구"},"geometry":{"type":"MultiPolygon","coordinates":[[[[126.93773,37.55554],[126.93698,37.55564],[126.93699,37.55593],[126.93755,37.55589],[126.93773,37.55554]]],[[[126.93676,37.55564],[126.93609,37.55559],[126.93628,37.55591],[126.93676,37.55594],[126.93676,37.55564]]]]}},{"type":"Feature","properties":{"name":"서소문14구역도시환경정비사업","cat":"재건축","gu":"중구"},"geometry":{"type":"Polygon","coordinates":[[[126.97402,37.55999],[126.97361,37.56017],[126.97288,37.56099],[126.97349,37.56127],[126.97447,37.56062],[126.97457,37.56028],[126.97402,37.55999]]]}},{"type":"Feature","properties":{"name":"천호3구역주택재개발사업","cat":"재개발","gu":"강동구"},"geometry":{"type":"Polygon","coordinates":[[[127.12973,37.53925],[127.12947,37.53879],[127.1285,37.53894],[127.12884,37.53974],[127.12973,37.53925]]]}},{"type":"Feature","properties":{"name":"서울역~서대문6-1구역도시환경정비사","cat":"재건축","gu":"중구"},"geometry":{"type":"Polygon","coordinates":[[[126.96985,37.56293],[126.96936,37.56278],[126.96911,37.56314],[126.96971,37.5634],[126.96985,37.56293]]]}},{"type":"Feature","properties":{"name":"북창29구역도시환경정비사업","cat":"재건축","gu":"중구"},"geometry":{"type":"Polygon","coordinates":[[[126.97849,37.56128],[126.97838,37.56156],[126.97886,37.56163],[126.97883,37.56135],[126.97849,37.56128]]]}},{"type":"Feature","properties":{"name":"증산2재정비촉진구역","cat":"재개발","gu":"은평구"},"geometry":{"type":"Polygon","coordinates":[[[126.90537,37.5809],[126.90309,37.57875],[126.90206,37.57963],[126.90121,37.57886],[126.90014,37.57953],[126.90029,37.5799],[126.90109,37.58034],[126.90236,37.5807],[126.90233,37.58111],[126.90302,37.5813],[126.90373,37.58202],[126.90357,37.5823],[126.9044,37.58193],[126.90422,37.58174],[126.9044,37.58163],[126.9046,37.58185],[126.90491,37.58167],[126.90469,37.58132],[126.90537,37.5809]]]}},{"type":"Feature","properties":{"name":"남대문10-2구역도시환경정비사업","cat":"재건축","gu":"중구"},"geometry":{"type":"Polygon","coordinates":[[[126.98155,37.56076],[126.98086,37.56074],[126.98085,37.56115],[126.98127,37.56114],[126.98155,37.56076]]]}},{"type":"Feature","properties":{"name":"홍은5구역주택재건축사업","cat":"정비예정구역","gu":"서대문구"},"geometry":{"type":"Polygon","coordinates":[[[126.93551,37.58236],[126.93583,37.58253],[126.93599,37.58188],[126.93375,37.58025],[126.93307,37.58058],[126.93368,37.58098],[126.93327,37.58139],[126.93406,37.58238],[126.93427,37.58225],[126.93493,37.58272],[126.93551,37.58236]]]}},{"type":"Feature","properties":{"name":"신수주택재개발사업","cat":"재개발","gu":"마포구"},"geometry":{"type":"Polygon","coordinates":[[[126.93581,37.54814],[126.9376,37.54804],[126.93762,37.54761],[126.93718,37.54757],[126.93725,37.54745],[126.93587,37.54749],[126.93581,37.54814]]]}},{"type":"Feature","properties":{"name":"마포로3구역","cat":"재개발","gu":"마포구"},"geometry":{"type":"MultiPolygon","coordinates":[[[[126.95704,37.55276],[126.95718,37.55271],[126.95712,37.55225],[126.95633,37.55086],[126.95575,37.55104],[126.95774,37.55508],[126.9578,37.55443],[126.95704,37.55276]]],[[[126.95695,37.55445],[126.95508,37.5507],[126.95451,37.55091],[126.95489,37.55142],[126.95523,37.55291],[126.95583,37.55344],[126.9561,37.55337],[126.95681,37.5546],[126.95695,37.55445]]]]}},{"type":"Feature","properties":{"name":"영천주택재개발사업","cat":"재개발","gu":"서대문구"},"geometry":{"type":"Polygon","coordinates":[[[126.95985,37.57021],[126.95949,37.57009],[126.95932,37.56946],[126.95889,37.5692],[126.95813,37.56913],[126.95671,37.56947],[126.95809,37.57058],[126.95768,37.57097],[126.95921,37.57133],[126.95945,37.57075],[126.95982,37.57051],[126.95985,37.57021]]]}},{"type":"Feature","properties":{"name":"4-2지구","cat":"재건축","gu":"마포구"},"geometry":{"type":"Polygon","coordinates":[[[126.95653,37.55404],[126.95677,37.5546],[126.95688,37.55458],[126.95671,37.55398],[126.95653,37.55404]]]}},{"type":"Feature","properties":{"name":"금호1-3구역주택재개발사업","cat":"재건축","gu":"성동구"},"geometry":{"type":"Polygon","coordinates":[[[127.03428,37.55414],[127.03488,37.55219],[127.03401,37.55211],[127.03324,37.55114],[127.03307,37.55059],[127.03254,37.55009],[127.0315,37.54978],[127.03124,37.55004],[127.03222,37.55098],[127.03314,37.55292],[127.03409,37.55414],[127.03428,37.55414]]]}},{"type":"Feature","properties":{"name":"미아제4주택재개발정비구역","cat":"재개발","gu":"강북구"},"geometry":{"type":"Polygon","coordinates":[[[127.03634,37.61878],[127.03744,37.61855],[127.03759,37.61798],[127.03728,37.61794],[127.03716,37.61704],[127.03737,37.61655],[127.03706,37.61626],[127.03671,37.61627],[127.03647,37.61656],[127.03545,37.61661],[127.03503,37.6168],[127.03634,37.61878]]]}},{"type":"Feature","properties":{"name":"재건축사업구역","cat":"정비예정구역","gu":"송파구"},"geometry":{"type":"Polygon","coordinates":[[[127.12774,37.49441],[127.12916,37.49444],[127.12917,37.49399],[127.12984,37.494],[127.12877,37.493],[127.12857,37.49324],[127.12774,37.49325],[127.12774,37.49441]]]}},{"type":"Feature","properties":{"name":"마포로5-5구역도시환경정비사업","cat":"재건축","gu":"서대문구"},"geometry":{"type":"Polygon","coordinates":[[[126.96447,37.5599],[126.96373,37.55952],[126.96363,37.55961],[126.96428,37.56013],[126.96447,37.5599]]]}},{"type":"Feature","properties":{"name":"마포로5-7구역도시환경정비사업","cat":"재건축","gu":"서대문구"},"geometry":{"type":"Polygon","coordinates":[[[126.96623,37.56104],[126.96585,37.5612],[126.96593,37.56143],[126.96649,37.56154],[126.9667,37.56138],[126.96623,37.56104]]]}},{"type":"Feature","properties":{"name":"서울역~서대문6-2구역도시환경정비사","cat":"재건축","gu":"중구"},"geometry":{"type":"Polygon","coordinates":[[[126.96936,37.56278],[126.96988,37.56294],[126.9701,37.56231],[126.96966,37.56236],[126.96936,37.56278]]]}},{"type":"Feature","properties":{"name":"을지로2가15구역도시환경정비사업","cat":"재건축","gu":"종로구"},"geometry":{"type":"Polygon","coordinates":[[[126.98461,37.56675],[126.98568,37.56669],[126.98568,37.56627],[126.98456,37.56628],[126.98461,37.56675]]]}},{"type":"Feature","properties":{"name":"남대문11구역도시환경정비사업","cat":"재건축","gu":"중구"},"geometry":{"type":"Polygon","coordinates":[[[126.98,37.56123],[126.98002,37.56077],[126.97926,37.56062],[126.97936,37.56112],[126.98,37.56123]]]}},{"type":"Feature","properties":{"name":"재건축사업구역","cat":"정비예정구역","gu":"영등포구"},"geometry":{"type":"Polygon","coordinates":[[[126.91277,37.49659],[126.91039,37.49701],[126.91015,37.49911],[126.91101,37.49905],[126.911,37.49887],[126.91137,37.49884],[126.91152,37.49854],[126.91268,37.49862],[126.9127,37.49724],[126.91292,37.49724],[126.91271,37.4972],[126.91277,37.49659]]]}},{"type":"Feature","properties":{"name":"아현2재정비촉진구역(주택재건축사업","cat":"정비예정구역","gu":"서대문구"},"geometry":{"type":"Polygon","coordinates":[[[126.94984,37.55657],[126.95196,37.55661],[126.95214,37.55592],[126.9525,37.55568],[126.95251,37.55536],[126.95003,37.55412],[126.94949,37.55458],[126.94933,37.55508],[126.94868,37.5555],[126.94854,37.55586],[126.94853,37.55644],[126.94937,37.55648],[126.94936,37.55679],[126.94982,37.55681],[126.94984,37.55657]]]}},{"type":"Feature","properties":{"name":"효창2-2구역주택재개발사업","cat":"재건축","gu":"마포구"},"geometry":{"type":"Polygon","coordinates":[[[126.95855,37.54193],[126.95789,37.54198],[126.95752,37.5411],[126.95692,37.54138],[126.95698,37.54164],[126.95818,37.54231],[126.95861,37.54301],[126.95874,37.54273],[126.95843,37.54263],[126.95838,37.5424],[126.95855,37.54193]]]}},{"type":"Feature","properties":{"name":"서린17-2구역도시환경정비사업","cat":"재건축","gu":"종로구"},"geometry":{"type":"Polygon","coordinates":[[[126.97756,37.56965],[126.97755,37.57002],[126.97779,37.57002],[126.97779,37.56965],[126.97756,37.56965]]]}},{"type":"Feature","properties":{"name":"고척2구역주택재개발사업","cat":"재개발","gu":"양천구"},"geometry":{"type":"Polygon","coordinates":[[[126.8584,37.50919],[126.85975,37.50691],[126.85877,37.50648],[126.85707,37.50646],[126.85552,37.50677],[126.85564,37.50703],[126.85635,37.50705],[126.85729,37.50772],[126.85779,37.5083],[126.85738,37.50842],[126.85737,37.50877],[126.8584,37.50919]]]}},{"type":"Feature","properties":{"name":"도시환경정비사업구역","cat":"재개발","gu":"동대문구"},"geometry":{"type":"Polygon","coordinates":[[[127.06061,37.56546],[127.05822,37.56355],[127.05778,37.56388],[127.06004,37.56549],[127.05988,37.56586],[127.05904,37.56629],[127.05928,37.56644],[127.06051,37.56576],[127.06061,37.56546]]]}},{"type":"Feature","properties":{"name":"응암제9주택재개발사업","cat":"재개발","gu":"은평구"},"geometry":{"type":"Polygon","coordinates":[[[126.92325,37.5889],[126.9251,37.58943],[126.92556,37.58795],[126.92585,37.58773],[126.92581,37.58718],[126.92402,37.58719],[126.92368,37.58739],[126.92316,37.58712],[126.9232,37.58642],[126.92287,37.58641],[126.92273,37.58892],[126.92325,37.5889]]]}},{"type":"Feature","properties":{"name":"청량리재정비촉진지구 1구역도시환경","cat":"재개발","gu":"동대문구"},"geometry":{"type":"Polygon","coordinates":[[[127.04184,37.57846],[127.04151,37.57885],[127.04189,37.57897],[127.0421,37.57854],[127.04184,37.57846]]]}},{"type":"Feature","properties":{"name":"논현경복아파트주택재건축사업","cat":"정비예정구역","gu":"강남구"},"geometry":{"type":"Polygon","coordinates":[[[127.03993,37.50933],[127.03856,37.50896],[127.03789,37.50971],[127.03962,37.51018],[127.03993,37.50933]]]}},{"type":"Feature","properties":{"name":"마포로5-4","cat":"재건축","gu":"서대문구"},"geometry":{"type":"Polygon","coordinates":[[[126.96309,37.56012],[126.96338,37.56001],[126.96354,37.55948],[126.96285,37.55942],[126.96275,37.55957],[126.96309,37.56012]]]}},{"type":"Feature","properties":{"name":"답십리6-3구역주택재개발사업","cat":"재건축","gu":"동대문구"},"geometry":{"type":"Polygon","coordinates":[[[127.04496,37.57563],[127.04528,37.57437],[127.04387,37.57443],[127.04476,37.5756],[127.04496,37.57563]]]}},{"type":"Feature","properties":{"name":"마포로1-9-1구역도시환경정비사업","cat":"재건축","gu":"마포구"},"geometry":{"type":"Polygon","coordinates":[[[126.94804,37.54142],[126.94726,37.54085],[126.94643,37.54143],[126.94717,37.54205],[126.94804,37.54142]]]}},{"type":"Feature","properties":{"name":"마포로2-4구역도시환경정비사업","cat":"재건축","gu":"마포구"},"geometry":{"type":"Polygon","coordinates":[[[126.95399,37.54854],[126.95354,37.54777],[126.95319,37.54794],[126.95355,37.54863],[126.95399,37.54854]]]}},{"type":"Feature","properties":{"name":"개봉제1주택재건축정비구역","cat":"정비예정구역","gu":"구로구"},"geometry":{"type":"Polygon","coordinates":[[[126.84987,37.49961],[126.85,37.49935],[126.85029,37.49937],[126.85009,37.49927],[126.85018,37.49909],[126.84938,37.4992],[126.84861,37.49886],[126.84761,37.49983],[126.84684,37.50155],[126.84778,37.50195],[126.84827,37.50166],[126.84905,37.50064],[126.84922,37.49998],[126.84987,37.49961]]]}},{"type":"Feature","properties":{"name":"세운 6-1-3구역","cat":"재개발","gu":"중구"},"geometry":{"type":"Polygon","coordinates":[[[126.99593,37.56539],[126.99604,37.56433],[126.99546,37.56436],[126.9954,37.56502],[126.99445,37.56525],[126.99467,37.56634],[126.99539,37.56637],[126.99548,37.56536],[126.99593,37.56539]]]}},{"type":"Feature","properties":{"name":"금호3구역주택재개발사업","cat":"재개발","gu":"중구"},"geometry":{"type":"Polygon","coordinates":[[[127.01933,37.55736],[127.01968,37.55667],[127.0193,37.55685],[127.01864,37.55666],[127.01817,37.55618],[127.01799,37.55478],[127.01746,37.55375],[127.01859,37.55259],[127.01769,37.55162],[127.01767,37.55112],[127.01741,37.55081],[127.01688,37.55122],[127.01641,37.55211],[127.01737,37.55232],[127.01745,37.55255],[127.01666,37.55343],[127.01692,37.55359],[127.01698,37.55408],[127.01683,37.55444],[127.0164,37.55475],[127.01674,37.55557],[127.01727,37.55549],[127.01769,37.55649],[127.01808,37.55685],[127.01933,37.55736]]]}},{"type":"Feature","properties":{"name":"봉천제4-1-3주택재개발정비사업","cat":"재개발","gu":"관악구"},"geometry":{"type":"Polygon","coordinates":[[[126.94638,37.49005],[126.94797,37.48978],[126.94792,37.48947],[126.94986,37.4884],[126.94895,37.4868],[126.94597,37.48709],[126.94595,37.48723],[126.94653,37.48745],[126.94617,37.48859],[126.94639,37.48865],[126.94622,37.48917],[126.94628,37.4899],[126.94638,37.49005]]]}},{"type":"Feature","properties":{"name":"도시환경정비사업구역","cat":"재개발","gu":"종로구"},"geometry":{"type":"Polygon","coordinates":[[[126.96588,37.56741],[126.96691,37.5669],[126.96718,37.56665],[126.96685,37.56636],[126.96632,37.56638],[126.96548,37.56727],[126.96588,37.56741]]]}},{"type":"Feature","properties":{"name":"무교다동 24-3 지구","cat":"재건축","gu":"종로구"},"geometry":{"type":"Polygon","coordinates":[[[126.98183,37.56699],[126.98166,37.56677],[126.98163,37.56695],[126.98183,37.56699]]]}},{"type":"Feature","properties":{"name":"금호8구역주택재개발사업","cat":"재개발","gu":"성동구"},"geometry":{"type":"Polygon","coordinates":[[[127.02311,37.54673],[127.02307,37.5465],[127.02244,37.5463],[127.02202,37.54655],[127.02145,37.54639],[127.02135,37.54575],[127.02095,37.54587],[127.02091,37.54557],[127.0207,37.54587],[127.02023,37.54541],[127.01921,37.54502],[127.01776,37.54526],[127.01791,37.54565],[127.01878,37.54642],[127.01964,37.54692],[127.0203,37.54672],[127.02243,37.54737],[127.02311,37.54673]]]}},{"type":"Feature","properties":{"name":"무교다동 36-3 지구","cat":"재건축","gu":"종로구"},"geometry":{"type":"Polygon","coordinates":[[[126.98148,37.56688],[126.98161,37.56678],[126.98148,37.56681],[126.98148,37.56688]]]}},{"type":"Feature","properties":{"name":"무교다동 36-4 지구","cat":"재건축","gu":"종로구"},"geometry":{"type":"Polygon","coordinates":[[[126.9814,37.56691],[126.98148,37.56681],[126.98133,37.56684],[126.9814,37.56691]]]}},{"type":"Feature","properties":{"name":"신당8구역주택재개발사업","cat":"재개발","gu":"중구"},"geometry":{"type":"Polygon","coordinates":[[[127.01415,37.56001],[127.0162,37.55925],[127.01708,37.55929],[127.01555,37.55712],[127.0162,37.55722],[127.01655,37.55755],[127.01697,37.55728],[127.01649,37.55741],[127.0166,37.5568],[127.01685,37.55677],[127.01675,37.5564],[127.01645,37.55649],[127.01605,37.556],[127.01527,37.55622],[127.01503,37.55643],[127.01499,37.55687],[127.01453,37.55707],[127.0154,37.55854],[127.01471,37.55869],[127.01422,37.55911],[127.01346,37.55941],[127.01376,37.55992],[127.01405,37.55983],[127.01415,37.56001]]]}},{"type":"Feature","properties":{"name":"남대문 도시정비형 재개발구역","cat":"재개발","gu":"중구"},"geometry":{"type":"Polygon","coordinates":[[[126.98104,37.56161],[126.98165,37.56055],[126.98137,37.56016],[126.97872,37.55918],[126.97852,37.55939],[126.97852,37.56042],[126.97662,37.56],[126.97665,37.55858],[126.9773,37.5586],[126.97732,37.55799],[126.97649,37.55767],[126.97589,37.55924],[126.97638,37.56033],[126.97758,37.56078],[126.98035,37.56127],[126.98104,37.56161]]]}},{"type":"Feature","properties":{"name":"3지구","cat":"재건축","gu":"중구"},"geometry":{"type":"Polygon","coordinates":[[[126.97614,37.55844],[126.97715,37.55854],[126.97715,37.55791],[126.97649,37.55767],[126.97614,37.55844]]]}},{"type":"Feature","properties":{"name":"내수도시환경정비사업","cat":"재개발","gu":"종로구"},"geometry":{"type":"Polygon","coordinates":[[[126.96987,37.57398],[126.97039,37.57466],[126.97254,37.57399],[126.9726,37.57214],[126.9717,37.57199],[126.9713,37.57241],[126.97179,37.57285],[126.97134,37.57344],[126.97027,37.57348],[126.96987,37.57398]]]}},{"type":"Feature","properties":{"name":"주택재개발사업구역","cat":"재개발","gu":"동대문구"},"geometry":{"type":"Polygon","coordinates":[[[127.06845,37.59361],[127.06802,37.59376],[127.06824,37.59331],[127.06534,37.59265],[127.0645,37.59342],[127.06434,37.59396],[127.06455,37.59399],[127.06467,37.59459],[127.06841,37.59376],[127.06845,37.59361]]]}},{"type":"Feature","properties":{"name":"도시환경정비사업구역","cat":"재개발","gu":"용산구"},"geometry":{"type":"Polygon","coordinates":[[[126.96322,37.52458],[126.96281,37.52482],[126.96303,37.52506],[126.96345,37.52482],[126.96322,37.52458]]]}},{"type":"Feature","properties":{"name":"유원제일1차아파트 주택재건축정비사","cat":"정비예정구역","gu":"영등포구"},"geometry":{"type":"Polygon","coordinates":[[[126.89685,37.5291],[126.89495,37.53],[126.89493,37.53005],[126.89548,37.53068],[126.89731,37.52977],[126.89685,37.5291]]]}},{"type":"Feature","properties":{"name":"천왕2역세권 공공임대주택 건립","cat":"재개발","gu":"구로구"},"geometry":{"type":"Polygon","coordinates":[[[126.83956,37.48773],[126.83924,37.48755],[126.8392,37.48772],[126.83856,37.4876],[126.83853,37.48832],[126.83818,37.48868],[126.83962,37.48883],[126.83956,37.48773]]]}},{"type":"Feature","properties":{"name":"충정1-2구역주택재개발사업","cat":"재건축","gu":"서대문구"},"geometry":{"type":"Polygon","coordinates":[[[126.96365,37.55901],[126.96342,37.55817],[126.9631,37.55827],[126.96284,37.55805],[126.96208,37.55846],[126.96157,37.55842],[126.96156,37.5586],[126.96239,37.55898],[126.96365,37.55901]]]}},{"type":"Feature","properties":{"name":"상암2-2구역주거환경개선사업","cat":"주거환경개선","gu":"마포구"},"geometry":{"type":"MultiPolygon","coordinates":[[[[126.89635,37.57547],[126.89789,37.57487],[126.8973,37.57442],[126.89731,37.57463],[126.89699,37.57461],[126.89613,37.5752],[126.89635,37.57547]]],[[[126.89575,37.57501],[126.89747,37.57404],[126.89699,37.57368],[126.8968,37.57381],[126.89598,37.57355],[126.89588,37.57375],[126.89521,37.5737],[126.89503,37.57318],[126.89515,37.57311],[126.89498,37.57299],[126.89477,37.57328],[126.89481,37.57368],[126.89372,37.57411],[126.89367,37.5743],[126.89401,37.57457],[126.89493,37.57409],[126.89575,37.57501]]]]}},{"type":"Feature","properties":{"name":"서린도시환경정비사업","cat":"재개발","gu":"종로구"},"geometry":{"type":"Polygon","coordinates":[[[126.97756,37.56993],[126.9822,37.57001],[126.98258,37.56973],[126.98255,37.56922],[126.97837,37.56941],[126.97838,37.56965],[126.97756,37.56965],[126.97756,37.56993]]]}},{"type":"Feature","properties":{"name":"구로3-4구역주거환경개선사업","cat":"주거환경개선","gu":"구로구"},"geometry":{"type":"Polygon","coordinates":[[[126.89369,37.48764],[126.89338,37.48748],[126.89304,37.48818],[126.89341,37.48811],[126.89369,37.48764]]]}},{"type":"Feature","properties":{"name":"저동1구역도시환경정비사업","cat":"재건축","gu":"종로구"},"geometry":{"type":"Polygon","coordinates":[[[126.98913,37.56535],[126.98783,37.56527],[126.98785,37.56603],[126.98961,37.56608],[126.98973,37.56579],[126.98914,37.56565],[126.98913,37.56535]]]}},{"type":"Feature","properties":{"name":"제기2구역주택재개발사업","cat":"재개발","gu":"성북구"},"geometry":{"type":"Polygon","coordinates":[[[127.03947,37.59091],[127.04037,37.59059],[127.04024,37.59041],[127.04068,37.58997],[127.03971,37.58857],[127.03824,37.58713],[127.03782,37.58772],[127.03903,37.58972],[127.03947,37.59091]]]}},{"type":"Feature","properties":{"name":"삼환도봉아파트 재건축 정비구역","cat":"정비예정구역","gu":"도봉구"},"geometry":{"type":"Polygon","coordinates":[[[127.05011,37.68168],[127.04993,37.68064],[127.05031,37.68059],[127.05002,37.68011],[127.04751,37.68079],[127.0478,37.68141],[127.04761,37.6817],[127.04777,37.68192],[127.04825,37.68192],[127.04885,37.68158],[127.05011,37.68168]]]}},{"type":"Feature","properties":{"name":"신공덕주택재개발사업","cat":"재개발","gu":"마포구"},"geometry":{"type":"Polygon","coordinates":[[[126.95552,37.54442],[126.95709,37.54404],[126.95651,37.54328],[126.95633,37.54273],[126.95701,37.54234],[126.95683,37.54213],[126.95652,37.54228],[126.9558,37.54196],[126.95531,37.54215],[126.95472,37.54338],[126.95462,37.54379],[126.95487,37.54419],[126.9555,37.54426],[126.95552,37.54442]]]}},{"type":"Feature","properties":{"name":"신림2-2구역주택재개발사업","cat":"재건축","gu":"관악구"},"geometry":{"type":"Polygon","coordinates":[[[126.92707,37.46154],[126.92849,37.46116],[126.92973,37.46113],[126.92858,37.46006],[126.92764,37.46024],[126.92631,37.4609],[126.92707,37.46154]]]}},{"type":"Feature","properties":{"name":"동자동 도시환경정비구역","cat":"재개발","gu":"중구"},"geometry":{"type":"Polygon","coordinates":[[[126.97413,37.55351],[126.97394,37.55038],[126.97224,37.55039],[126.97289,37.55315],[126.9735,37.55378],[126.97413,37.55351]]]}},{"type":"Feature","properties":{"name":"도곡삼호아파트 주택재건축정비사업","cat":"정비예정구역","gu":"강남구"},"geometry":{"type":"Polygon","coordinates":[[[127.04675,37.4936],[127.04411,37.49279],[127.04389,37.49316],[127.0465,37.49392],[127.04675,37.4936]]]}},{"type":"Feature","properties":{"name":"홍은5-1구역주택재개발사업","cat":"재건축","gu":"서대문구"},"geometry":{"type":"Polygon","coordinates":[[[126.93922,37.59727],[126.9403,37.59655],[126.94083,37.59666],[126.94107,37.59653],[126.94088,37.59626],[126.94138,37.59609],[126.94138,37.59554],[126.94164,37.59521],[126.94133,37.59493],[126.94218,37.59445],[126.94259,37.59373],[126.94203,37.59364],[126.94192,37.59325],[126.94266,37.59291],[126.94191,37.59187],[126.94154,37.59164],[126.94103,37.59438],[126.93938,37.59632],[126.93894,37.59723],[126.93922,37.59727]]]}},{"type":"Feature","properties":{"name":"창신1도시정비형 재개발구역 1-10","cat":"재개발","gu":"종로구"},"geometry":{"type":"Polygon","coordinates":[[[127.01251,37.57068],[127.01253,37.57025],[127.01205,37.57027],[127.01187,37.57066],[127.01251,37.57068]]]}},{"type":"Feature","properties":{"name":"구로3-3구역주거환경개선사업","cat":"주거환경개선","gu":"구로구"},"geometry":{"type":"Polygon","coordinates":[[[126.89485,37.49133],[126.89535,37.49094],[126.89503,37.49088],[126.89471,37.49016],[126.89427,37.49026],[126.89433,37.4905],[126.89368,37.4906],[126.89429,37.49076],[126.89435,37.49102],[126.89485,37.49133]]]}},{"type":"Feature","properties":{"name":"주택재개발사업구역","cat":"재개발","gu":"동작구"},"geometry":{"type":"Polygon","coordinates":[[[126.96117,37.51123],[126.96279,37.50958],[126.96153,37.50884],[126.96033,37.50942],[126.96015,37.50916],[126.95983,37.50943],[126.95941,37.50948],[126.95899,37.50975],[126.95844,37.51057],[126.95819,37.51038],[126.95781,37.51069],[126.95808,37.51123],[126.95881,37.51133],[126.95896,37.51172],[126.95928,37.51157],[126.95991,37.51165],[126.96036,37.5112],[126.96117,37.51123]]]}},{"type":"Feature","properties":{"name":"재건축사업구역","cat":"정비예정구역","gu":"송파구"},"geometry":{"type":"Polygon","coordinates":[[[127.11843,37.50688],[127.1208,37.50594],[127.12086,37.50582],[127.12029,37.50502],[127.11933,37.5055],[127.118,37.50553],[127.11772,37.50572],[127.11843,37.50688]]]}},{"type":"Feature","properties":{"name":"신도림동 293번지 일대 도시환경정비","cat":"재개발","gu":"양천구"},"geometry":{"type":"Polygon","coordinates":[[[126.88101,37.51235],[126.88205,37.51254],[126.88191,37.51213],[126.88211,37.51208],[126.88182,37.51136],[126.882,37.51111],[126.88192,37.51013],[126.88164,37.51042],[126.88131,37.50994],[126.88155,37.50995],[126.88155,37.50951],[126.88177,37.50951],[126.88179,37.5092],[126.88153,37.50902],[126.88155,37.50918],[126.88092,37.50918],[126.88092,37.50885],[126.88043,37.50886],[126.8804,37.50823],[126.87866,37.50702],[126.87855,37.50736],[126.87803,37.50737],[126.8775,37.50697],[126.87727,37.50704],[126.87765,37.50768],[126.87623,37.50845],[126.87561,37.50772],[126.87548,37.50778],[126.87635,37.50913],[126.8798,37.513],[126.88101,37.51235]]]}},{"type":"Feature","properties":{"name":"답십리제14구역 주택재개발 정비사업","cat":"재개발","gu":"동대문구"},"geometry":{"type":"Polygon","coordinates":[[[127.06079,37.56846],[127.06085,37.56756],[127.06122,37.56724],[127.06088,37.56738],[127.05943,37.56697],[127.05834,37.56724],[127.05765,37.56763],[127.05859,37.56832],[127.05884,37.56812],[127.05974,37.56841],[127.06079,37.56846]]]}},{"type":"Feature","properties":{"name":"방배3 주택재건축 정비구역","cat":"정비예정구역","gu":"서초구"},"geometry":{"type":"Polygon","coordinates":[[[127.00227,37.4806],[127.00252,37.48022],[127.00291,37.48031],[127.0035,37.47934],[127.00237,37.47891],[127.00151,37.48022],[127.00227,37.4806]]]}},{"type":"Feature","properties":{"name":"북아현재정비촉진지구1-3구역주택재","cat":"재개발","gu":"서대문구"},"geometry":{"type":"Polygon","coordinates":[[[126.95581,37.56146],[126.95589,37.56079],[126.9566,37.55972],[126.95613,37.55758],[126.95533,37.55754],[126.95519,37.55793],[126.95213,37.55774],[126.95214,37.55734],[126.9518,37.55732],[126.95178,37.55772],[126.94877,37.55755],[126.94852,37.55817],[126.948,37.55867],[126.94916,37.559],[126.94933,37.55833],[126.94949,37.5583],[126.9506,37.55877],[126.95085,37.55848],[126.95146,37.55887],[126.95166,37.55867],[126.95243,37.5587],[126.95378,37.55924],[126.95438,37.55873],[126.95498,37.559],[126.95575,37.56011],[126.95515,37.56137],[126.95581,37.56146]]]}},{"type":"Feature","properties":{"name":"대림2-1구역주거환경개선사업","cat":"주거환경개선","gu":"구로구"},"geometry":{"type":"Polygon","coordinates":[[[126.8969,37.48935],[126.89721,37.48942],[126.89769,37.48867],[126.89755,37.48861],[126.8981,37.48793],[126.89794,37.48779],[126.89693,37.48902],[126.89596,37.49165],[126.89609,37.49228],[126.89628,37.49239],[126.89625,37.49147],[126.89646,37.49121],[126.8969,37.48935]]]}},{"type":"Feature","properties":{"name":"신촌지역(마포)3-3지구 도시정비형 재개발구","cat":"재개발","gu":"서대문구"},"geometry":{"type":"Polygon","coordinates":[[[126.93756,37.55429],[126.93773,37.55357],[126.93728,37.55352],[126.93716,37.55425],[126.93756,37.55429]]]}},{"type":"Feature","properties":{"name":"청진1지구 도시환경정비구역","cat":"재개발","gu":"종로구"},"geometry":{"type":"Polygon","coordinates":[[[126.97856,37.57235],[126.9791,37.57233],[126.97921,37.57171],[126.97857,37.57161],[126.97856,37.57235]]]}},{"type":"Feature","properties":{"name":"상신아파트주택재건축사업","cat":"정비예정구역","gu":"동작구"},"geometry":{"type":"Polygon","coordinates":[[[126.97004,37.47794],[126.96927,37.47792],[126.96956,37.47927],[126.96975,37.47925],[126.96994,37.47964],[126.97044,37.47991],[126.97117,37.47983],[126.97083,37.47898],[126.97055,37.47902],[126.97042,37.4783],[126.97028,37.47844],[126.97004,37.47794]]]}},{"type":"Feature","properties":{"name":"동자동3-2구역도시환경정비사업","cat":"재개발","gu":"중구"},"geometry":{"type":"Polygon","coordinates":[[[126.97334,37.5525],[126.97334,37.55229],[126.97304,37.55229],[126.97304,37.55251],[126.97334,37.5525]]]}},{"type":"Feature","properties":{"name":"상수제2구역 주택재개발사업","cat":"재개발","gu":"마포구"},"geometry":{"type":"Polygon","coordinates":[[[126.9262,37.54754],[126.92733,37.54751],[126.92741,37.54689],[126.92838,37.54664],[126.92866,37.54601],[126.92848,37.54578],[126.92782,37.54603],[126.92761,37.54577],[126.92685,37.54581],[126.92604,37.54704],[126.9262,37.54754]]]}},{"type":"Feature","properties":{"name":"구의1 주택재건축 정비사업","cat":"정비예정구역","gu":"광진구"},"geometry":{"type":"Polygon","coordinates":[[[127.09215,37.54749],[127.09147,37.54633],[127.09187,37.54624],[127.09197,37.54599],[127.09159,37.54562],[127.09117,37.5447],[127.08915,37.545],[127.08924,37.54571],[127.08818,37.54587],[127.08921,37.54676],[127.09135,37.54645],[127.09215,37.54749]]]}},{"type":"Feature","properties":{"name":"남대문로5가 도시환경정비구역","cat":"재개발","gu":"중구"},"geometry":{"type":"Polygon","coordinates":[[[126.97519,37.55717],[126.97399,37.55754],[126.97351,37.55777],[126.97418,37.55853],[126.97505,37.55802],[126.97533,37.55764],[126.97553,37.55729],[126.97519,37.55717]]]}},{"type":"Feature","properties":{"name":"본동구역 주택정비형 공공재개발사업","cat":"재개발","gu":"동작구"},"geometry":{"type":"Polygon","coordinates":[[[126.95414,37.51053],[126.95368,37.51074],[126.95329,37.5105],[126.95428,37.51211],[126.95515,37.51271],[126.95528,37.51226],[126.95563,37.51223],[126.95623,37.51176],[126.95635,37.5114],[126.95657,37.51129],[126.95675,37.51142],[126.95701,37.5111],[126.95671,37.51048],[126.95699,37.5102],[126.95675,37.51004],[126.95613,37.51046],[126.95565,37.50975],[126.95547,37.51005],[126.95493,37.51015],[126.9546,37.51085],[126.95425,37.5108],[126.95414,37.51053]]]}},{"type":"Feature","properties":{"name":"서울역-서대문1·2구역도시환경정비사","cat":"재개발","gu":"중구"},"geometry":{"type":"MultiPolygon","coordinates":[[[[126.97405,37.55995],[126.97153,37.55982],[126.97006,37.56184],[126.97014,37.562],[126.97163,37.56225],[126.9733,37.56041],[126.97405,37.55995]]],[[[126.96827,37.56569],[126.96915,37.56395],[126.96963,37.56404],[126.97016,37.56229],[126.96956,37.56243],[126.96732,37.56557],[126.96728,37.56609],[126.96752,37.56641],[126.96827,37.56569]]]]}},{"type":"Feature","properties":{"name":"서울역-서대문1·2구역 1지구","cat":"재건축","gu":"중구"},"geometry":{"type":"Polygon","coordinates":[[[126.97144,37.56223],[126.97211,37.56146],[126.97072,37.56092],[126.97011,37.56194],[126.97144,37.56223]]]}},{"type":"Feature","properties":{"name":"순화1-1구역도시환경정비사업","cat":"재건축","gu":"중구"},"geometry":{"type":"Polygon","coordinates":[[[126.96988,37.56326],[126.96962,37.56403],[126.96964,37.56404],[126.96988,37.56326]]]}},{"type":"Feature","properties":{"name":"서린6구역도시환경정비사업","cat":"재건축","gu":"종로구"},"geometry":{"type":"Polygon","coordinates":[[[126.98089,37.56924],[126.97993,37.56931],[126.97996,37.56999],[126.98066,37.56999],[126.98089,37.56924]]]}},{"type":"Feature","properties":{"name":"자양4동 A구역 주택정비형 재개발구역","cat":"재개발","gu":"광진구"},"geometry":{"type":"Polygon","coordinates":[[[127.06734,37.53542],[127.06643,37.53366],[127.06481,37.5341],[127.06494,37.53418],[127.06457,37.53446],[127.0642,37.53425],[127.06293,37.5346],[127.06267,37.53405],[127.0609,37.53411],[127.06039,37.53497],[127.06046,37.53536],[127.06152,37.53701],[127.06734,37.53542]]]}},{"type":"Feature","properties":{"name":"응암동 700번지 일대 주택정비형 재개발사업","cat":"재개발","gu":"은평구"},"geometry":{"type":"Polygon","coordinates":[[[126.91874,37.58516],[126.91901,37.58426],[126.91854,37.58414],[126.91841,37.5842],[126.91852,37.58439],[126.91803,37.58456],[126.91703,37.58423],[126.91709,37.58392],[126.91736,37.58376],[126.91705,37.58347],[126.91718,37.58327],[126.91639,37.58317],[126.91618,37.58352],[126.91616,37.58389],[126.9163,37.58393],[126.91597,37.58409],[126.9158,37.58392],[126.91551,37.58423],[126.91573,37.58451],[126.91568,37.585],[126.91627,37.58566],[126.91622,37.58606],[126.91601,37.5862],[126.91617,37.58644],[126.91678,37.58645],[126.91735,37.58608],[126.91821,37.58595],[126.91821,37.58515],[126.91874,37.58516]]]}},{"type":"Feature","properties":{"name":"당산1구역","cat":"재개발","gu":"영등포구"},"geometry":{"type":"Polygon","coordinates":[[[126.90607,37.53358],[126.90664,37.53268],[126.90605,37.53227],[126.90547,37.53273],[126.90507,37.53265],[126.90452,37.53388],[126.90364,37.53479],[126.90396,37.53497],[126.9046,37.53492],[126.90607,37.53358]]]}},{"type":"Feature","properties":{"name":"청량리 제9구역 주택정비형 재개발사업","cat":"재개발","gu":"동대문구"},"geometry":{"type":"Polygon","coordinates":[[[127.04881,37.58704],[127.04855,37.58722],[127.04888,37.58707],[127.04956,37.58742],[127.04975,37.58697],[127.05042,37.58704],[127.05053,37.58721],[127.05099,37.58702],[127.05203,37.58722],[127.05219,37.58703],[127.05175,37.58654],[127.05135,37.58653],[127.05149,37.58611],[127.05128,37.5862],[127.05108,37.58602],[127.05116,37.58588],[127.04871,37.58645],[127.04881,37.58704]]]}},{"type":"Feature","properties":{"name":"수색6재정비촉진구역","cat":"주거환경개선","gu":"은평구"},"geometry":{"type":"Polygon","coordinates":[[[126.89766,37.58417],[126.89868,37.58341],[126.89807,37.58324],[126.89689,37.58194],[126.89601,37.58272],[126.89614,37.58284],[126.89596,37.58298],[126.89468,37.58364],[126.89417,37.58355],[126.89423,37.58408],[126.89407,37.58403],[126.89374,37.58441],[126.89386,37.58445],[126.89365,37.58485],[126.89398,37.58485],[126.89403,37.58505],[126.89457,37.5853],[126.89489,37.58451],[126.89596,37.58427],[126.89628,37.58478],[126.89659,37.58493],[126.8975,37.58405],[126.89766,37.58417]]]}},{"type":"Feature","properties":{"name":"구의1 주택재건축정비사업","cat":"정비예정구역","gu":"광진구"},"geometry":{"type":"Polygon","coordinates":[[[127.09215,37.54749],[127.09147,37.54633],[127.09187,37.54624],[127.09197,37.54599],[127.09159,37.54562],[127.09117,37.5447],[127.08915,37.545],[127.08924,37.54571],[127.08818,37.54587],[127.08921,37.54676],[127.09135,37.54645],[127.09215,37.54749]]]}},{"type":"Feature","properties":{"name":"서울역-서대문1·2구역 제5-1지구도시","cat":"재건축","gu":"중구"},"geometry":{"type":"Polygon","coordinates":[[[126.97198,37.56079],[126.97112,37.56039],[126.97097,37.56059],[126.9718,37.56104],[126.97198,37.56079]]]}},{"type":"Feature","properties":{"name":"합정7재정비촉진구역","cat":"재개발","gu":"마포구"},"geometry":{"type":"Polygon","coordinates":[[[126.91236,37.54775],[126.91214,37.54794],[126.91245,37.54821],[126.91228,37.54822],[126.91228,37.5486],[126.91272,37.54867],[126.91283,37.54855],[126.91236,37.54775]]]}},{"type":"Feature","properties":{"name":"청진7구역도시환경정비사업","cat":"재건축","gu":"종로구"},"geometry":{"type":"Polygon","coordinates":[[[126.98016,37.57227],[126.98065,37.57132],[126.97939,37.5713],[126.97938,37.57222],[126.97963,37.57236],[126.98016,37.57227]]]}},{"type":"Feature","properties":{"name":"신림7-1구역주거환경개선사업","cat":"주거환경개선","gu":"관악구"},"geometry":{"type":"Polygon","coordinates":[[[126.91966,37.46431],[126.91947,37.46352],[126.91924,37.46384],[126.91931,37.46452],[126.91975,37.46477],[126.91998,37.46469],[126.91966,37.46431]]]}},{"type":"Feature","properties":{"name":"마포로3-5구역도시환경정비사업","cat":"재건축","gu":"마포구"},"geometry":{"type":"Polygon","coordinates":[[[126.95623,37.55097],[126.9558,37.55113],[126.9561,37.55171],[126.95654,37.55151],[126.95623,37.55097]]]}},{"type":"Feature","properties":{"name":"북창17구역도시환경정비사업","cat":"재건축","gu":"중구"},"geometry":{"type":"Polygon","coordinates":[[[126.97797,37.56243],[126.97795,37.56276],[126.97816,37.56272],[126.9782,37.56247],[126.97797,37.56243]]]}},{"type":"Feature","properties":{"name":"청진1구역도시환경정비사업","cat":"재건축","gu":"종로구"},"geometry":{"type":"Polygon","coordinates":[[[126.98193,37.57163],[126.98286,37.57164],[126.98281,37.57078],[126.9823,37.57042],[126.98193,37.5709],[126.98193,37.57163]]]}},{"type":"Feature","properties":{"name":"마포로1-51구역도시환경정비사업","cat":"재건축","gu":"마포구"},"geometry":{"type":"Polygon","coordinates":[[[126.95238,37.54478],[126.95223,37.54457],[126.95186,37.54474],[126.95203,37.54498],[126.95238,37.54478]]]}},{"type":"Feature","properties":{"name":"장미아파트 주택재건축정비사업","cat":"정비예정구역","gu":"성동구"},"geometry":{"type":"Polygon","coordinates":[[[127.04537,37.54369],[127.04656,37.54311],[127.04653,37.54282],[127.0461,37.54212],[127.04563,37.54227],[127.04585,37.5429],[127.04479,37.54336],[127.0452,37.54327],[127.04537,37.54369]]]}},{"type":"Feature","properties":{"name":"성내3 재정비촉진구역(도시환경정비","cat":"재개발","gu":"강동구"},"geometry":{"type":"Polygon","coordinates":[[[127.12586,37.53696],[127.12497,37.5373],[127.12522,37.53771],[127.125,37.53794],[127.12628,37.53754],[127.12586,37.53696]]]}},{"type":"Feature","properties":{"name":"서대문3-2구역도시환경정비사업","cat":"재건축","gu":"서대문구"},"geometry":{"type":"Polygon","coordinates":[[[126.96855,37.56208],[126.96828,37.56245],[126.96886,37.56272],[126.96923,37.56221],[126.96855,37.56208]]]}},{"type":"Feature","properties":{"name":"도렴10구역도시환경정비사업","cat":"재건축","gu":"종로구"},"geometry":{"type":"Polygon","coordinates":[[[126.97479,37.57125],[126.97478,37.57097],[126.97419,37.571],[126.97419,37.57124],[126.97479,37.57125]]]}},{"type":"Feature","properties":{"name":"구의3재정비촉진구역","cat":"재정비촉진지구","gu":"동대문구"},"geometry":{"type":"Polygon","coordinates":[[[127.0608,37.56837],[127.06085,37.56756],[127.06122,37.56724],[127.06088,37.56738],[127.05943,37.56697],[127.05834,37.56724],[127.05765,37.56763],[127.05859,37.56832],[127.05884,37.56812],[127.05984,37.56842],[127.0608,37.56837]]]}},{"type":"Feature","properties":{"name":"동숭1구역주거환경개선사업","cat":"주거환경개선","gu":"종로구"},"geometry":{"type":"Polygon","coordinates":[[[127.00586,37.58517],[127.00596,37.58498],[127.00569,37.58485],[127.00563,37.58434],[127.00596,37.5844],[127.00644,37.58317],[127.00563,37.58289],[127.00437,37.58302],[127.00431,37.58323],[127.00541,37.58359],[127.00586,37.58404],[127.00493,37.5851],[127.00586,37.58517]]]}},{"type":"Feature","properties":{"name":"도시환경정비사업구역","cat":"재개발","gu":"중구"},"geometry":{"type":"MultiPolygon","coordinates":[[[[126.97185,37.55971],[126.97153,37.55982],[126.97006,37.56184],[126.97014,37.562],[126.97163,37.56225],[126.97351,37.56021],[126.97405,37.55995],[126.97185,37.55971]]],[[[126.96883,37.56448],[126.96896,37.5645],[126.96915,37.56395],[126.96964,37.56404],[126.97016,37.56229],[126.96989,37.56223],[126.96956,37.56243],[126.96732,37.56557],[126.96728,37.56609],[126.96752,37.56641],[126.96827,37.56569],[126.96883,37.56448]]]]}},{"type":"Feature","properties":{"name":"행당3구역주택재개발사업","cat":"재건축","gu":"성동구"},"geometry":{"type":"Polygon","coordinates":[[[127.03792,37.55346],[127.0385,37.55353],[127.03709,37.55247],[127.03642,37.55238],[127.03697,37.5538],[127.03792,37.55346]]]}},{"type":"Feature","properties":{"name":"신문로2-3구역도시환경정비사업","cat":"재건축","gu":"종로구"},"geometry":{"type":"Polygon","coordinates":[[[126.97356,37.56996],[126.97356,37.56949],[126.97272,37.56955],[126.97275,37.56994],[126.97356,37.56996]]]}},{"type":"Feature","properties":{"name":"마포로1구역 제44-3지구 도시환경정비","cat":"재개발","gu":"마포구"},"geometry":{"type":"Polygon","coordinates":[[[126.95111,37.54231],[126.95133,37.54259],[126.95152,37.54253],[126.95134,37.54236],[126.95111,37.54231]]]}},{"type":"Feature","properties":{"name":"신반포3차·경남아파트 주택재건축 정","cat":"정비예정구역","gu":"서초구"},"geometry":{"type":"Polygon","coordinates":[[[126.99865,37.50968],[127.0009,37.50514],[126.99792,37.50417],[126.99479,37.50868],[126.99498,37.50878],[126.99536,37.50823],[126.99865,37.50968]]]}},{"type":"Feature","properties":{"name":"합정재정비촉진지구","cat":"재정비촉진지구","gu":"마포구"},"geometry":{"type":"Polygon","coordinates":[[[126.91418,37.55224],[126.91603,37.55029],[126.91489,37.54934],[126.91503,37.54922],[126.91467,37.54811],[126.91348,37.54835],[126.9134,37.54803],[126.91287,37.5482],[126.91256,37.54767],[126.9119,37.54811],[126.91131,37.54762],[126.90993,37.54881],[126.91062,37.54933],[126.91164,37.54951],[126.91097,37.55167],[126.91418,37.55224]]]}},{"type":"Feature","properties":{"name":"응암3구역주택재건축사업","cat":"정비예정구역","gu":"은평구"},"geometry":{"type":"Polygon","coordinates":[[[126.92125,37.59329],[126.92294,37.59286],[126.92281,37.59144],[126.92205,37.59126],[126.92089,37.59133],[126.92131,37.59248],[126.92125,37.59329]]]}},{"type":"Feature","properties":{"name":"망원1 주택재건축정비사업","cat":"정비예정구역","gu":"마포구"},"geometry":{"type":"Polygon","coordinates":[[[126.90257,37.55347],[126.90461,37.55214],[126.9046,37.55206],[126.90343,37.55171],[126.9021,37.55271],[126.90257,37.55347]]]}},{"type":"Feature","properties":{"name":"흑석재정비촉진지구3-1구역주거환경","cat":"주거환경개선","gu":"동작구"},"geometry":{"type":"Polygon","coordinates":[[[126.96316,37.50201],[126.96314,37.50164],[126.96361,37.50171],[126.96383,37.50133],[126.96394,37.50143],[126.96469,37.50114],[126.96417,37.50109],[126.96338,37.50069],[126.96267,37.5007],[126.96236,37.50117],[126.96232,37.50201],[126.96316,37.50201]]]}},{"type":"Feature","properties":{"name":"주거환경개선사업","cat":"주거환경개선","gu":"금천구"},"geometry":{"type":"Polygon","coordinates":[[[126.89698,37.47553],[126.89771,37.47467],[126.89747,37.47276],[126.89622,37.47287],[126.89557,37.47369],[126.89659,37.47417],[126.89595,37.47502],[126.89698,37.47553]]]}},{"type":"Feature","properties":{"name":"전농 제11주택재개발정비사업","cat":"재개발","gu":"동대문구"},"geometry":{"type":"Polygon","coordinates":[[[127.0508,37.57736],[127.04935,37.57516],[127.04822,37.5758],[127.0498,37.57782],[127.0508,37.57736]]]}},{"type":"Feature","properties":{"name":"난곡동 굴참마을 주거환경관리사업","cat":"주거환경개선","gu":"관악구"},"geometry":{"type":"Polygon","coordinates":[[[126.91852,37.4728],[126.91934,37.47148],[126.91915,37.4714],[126.91954,37.4706],[126.91939,37.4704],[126.91976,37.4702],[126.91912,37.4704],[126.9182,37.46956],[126.91811,37.4692],[126.91651,37.46994],[126.91696,37.47031],[126.91719,37.47103],[126.9179,37.47182],[126.91806,37.47276],[126.91852,37.4728]]]}},{"type":"Feature","properties":{"name":"고덕주공2단지아파트 주택재건축정비","cat":"정비예정구역","gu":"강동구"},"geometry":{"type":"Polygon","coordinates":[[[127.15862,37.55612],[127.15942,37.55787],[127.15997,37.55822],[127.16049,37.55833],[127.16127,37.55807],[127.16223,37.56038],[127.16588,37.56002],[127.16573,37.55937],[127.16526,37.55886],[127.16624,37.5581],[127.16698,37.55819],[127.1674,37.55887],[127.16788,37.55872],[127.16818,37.55917],[127.16856,37.55925],[127.16864,37.55712],[127.15864,37.55579],[127.15862,37.55612]]]}},{"type":"Feature","properties":{"name":"강북구 수유동 인수봉숲길마을 주거","cat":"주거환경개선","gu":"강북구"},"geometry":{"type":"Polygon","coordinates":[[[127.00889,37.63877],[127.00939,37.6379],[127.00949,37.63734],[127.00932,37.63717],[127.00965,37.63679],[127.00902,37.63681],[127.00863,37.63732],[127.00779,37.63717],[127.00865,37.63679],[127.00791,37.63693],[127.00771,37.63716],[127.00715,37.63705],[127.00667,37.63778],[127.00621,37.63791],[127.00645,37.63813],[127.00645,37.63848],[127.00693,37.63867],[127.00889,37.63877]]]}},{"type":"Feature","properties":{"name":"봉천7-2구역주택재개발사업","cat":"재건축","gu":"관악구"},"geometry":{"type":"Polygon","coordinates":[[[126.96191,37.48537],[126.9607,37.48549],[126.95918,37.48628],[126.95997,37.4867],[126.95941,37.48722],[126.95952,37.48775],[126.95997,37.48814],[126.95966,37.48947],[126.95983,37.49027],[126.96084,37.49038],[126.96137,37.48912],[126.96175,37.48897],[126.96181,37.48864],[126.96194,37.48858],[126.96186,37.48816],[126.96197,37.48863],[126.96184,37.48868],[126.96176,37.48901],[126.96166,37.48906],[126.96177,37.48909],[126.96209,37.48844],[126.96182,37.48759],[126.9621,37.48716],[126.96214,37.48527],[126.96198,37.48521],[126.96191,37.48537]],[[126.96166,37.48601],[126.96191,37.48537],[126.96167,37.48598],[126.96181,37.48632],[126.96185,37.48714],[126.96172,37.48722],[126.96183,37.48796],[126.96167,37.48719],[126.96182,37.4871],[126.96179,37.48635],[126.96166,37.48601]]]}},{"type":"Feature","properties":{"name":"신촌지역 마포3도시환경정비구역","cat":"재개발","gu":"서대문구"},"geometry":{"type":"Polygon","coordinates":[[[126.93742,37.55327],[126.93711,37.5546],[126.93791,37.5552],[126.93803,37.55492],[126.93763,37.55439],[126.93774,37.55347],[126.93742,37.55327]]]}},{"type":"Feature","properties":{"name":"소공4-1구역도시환경정비사업","cat":"재건축","gu":"중구"},"geometry":{"type":"Polygon","coordinates":[[[126.98027,37.56391],[126.98005,37.56342],[126.97976,37.56374],[126.98027,37.56391]]]}},{"type":"Feature","properties":{"name":"서린1구역도시환경정비사업","cat":"재건축","gu":"종로구"},"geometry":{"type":"Polygon","coordinates":[[[126.97855,37.56999],[126.9792,37.56999],[126.97919,37.56965],[126.97851,37.56966],[126.97855,37.56999]]]}},{"type":"Feature","properties":{"name":"세운재정비촉진지구4구역도시환경정","cat":"재개발","gu":"종로구"},"geometry":{"type":"Polygon","coordinates":[[[126.99759,37.57053],[126.9977,37.56905],[126.99562,37.56883],[126.9954,37.57038],[126.99759,37.57053]]]}},{"type":"Feature","properties":{"name":"종암6구역주택재개발사업","cat":"재개발","gu":"성북구"},"geometry":{"type":"Polygon","coordinates":[[[127.03352,37.60259],[127.0358,37.60212],[127.03489,37.60069],[127.03352,37.60259]]]}},{"type":"Feature","properties":{"name":"숭인5구역주택재개발사업","cat":"재개발","gu":"종로구"},"geometry":{"type":"Polygon","coordinates":[[[127.02039,37.57653],[127.02186,37.57649],[127.02139,37.57507],[127.02095,37.57512],[127.02039,37.57653]]]}},{"type":"Feature","properties":{"name":"일원대우아파트 주택재건축정비사업","cat":"정비예정구역","gu":"강남구"},"geometry":{"type":"Polygon","coordinates":[[[127.07949,37.48992],[127.07838,37.48972],[127.07774,37.49051],[127.07931,37.49063],[127.07949,37.48992]]]}},{"type":"Feature","properties":{"name":"면목3구역주택재개발사업","cat":"재개발","gu":"중랑구"},"geometry":{"type":"Polygon","coordinates":[[[127.09594,37.5818],[127.09712,37.5817],[127.0971,37.58136],[127.09647,37.5809],[127.09581,37.5809],[127.09449,37.58051],[127.09394,37.58041],[127.09336,37.58061],[127.0934,37.58075],[127.09395,37.58056],[127.0949,37.5808],[127.09484,37.58147],[127.09517,37.58142],[127.09594,37.5818]]]}},{"type":"Feature","properties":{"name":"개포주공1단지 주택재건축 정비구역","cat":"정비예정구역","gu":"강남구"},"geometry":{"type":"Polygon","coordinates":[[[127.06436,37.47943],[127.05914,37.47658],[127.05871,37.47663],[127.05765,37.47755],[127.05776,37.47764],[127.0582,37.47721],[127.05897,37.47756],[127.05834,37.47807],[127.05756,37.4776],[127.05402,37.48115],[127.05701,37.48331],[127.05794,37.48451],[127.05817,37.48453],[127.06436,37.47943]]]}},{"type":"Feature","properties":{"name":"대치우성1차아파트 주택재건축정비사","cat":"정비예정구역","gu":"강남구"},"geometry":{"type":"Polygon","coordinates":[[[127.07072,37.50037],[127.0694,37.5],[127.06956,37.4996],[127.06982,37.49967],[127.06978,37.49927],[127.06895,37.49903],[127.06793,37.50089],[127.0689,37.50129],[127.07072,37.50037]]]}},{"type":"Feature","properties":{"name":"사당동 252-15 역세권활성화사업 도시정비형재개발","cat":"재개발","gu":"동작구"},"geometry":{"type":"Polygon","coordinates":[[[126.97197,37.48579],[126.97256,37.48612],[126.97351,37.48467],[126.97331,37.48462],[126.97343,37.48442],[126.97434,37.48362],[126.97384,37.48384],[126.97304,37.48379],[126.97245,37.48421],[126.97268,37.4845],[126.97197,37.48579]]]}},{"type":"Feature","properties":{"name":"흑석2구역","cat":"재개발","gu":"동작구"},"geometry":{"type":"Polygon","coordinates":[[[126.96344,37.50795],[126.96338,37.50651],[126.96263,37.50658],[126.96266,37.5069],[126.96181,37.50708],[126.96118,37.50584],[126.96096,37.5059],[126.96162,37.50731],[126.96095,37.50792],[126.96164,37.50894],[126.96279,37.50958],[126.96322,37.50909],[126.96266,37.50872],[126.96261,37.50837],[126.96344,37.50795]]]}},{"type":"Feature","properties":{"name":"신길1 재정비촉진구역","cat":"재개발","gu":"영등포구"},"geometry":{"type":"Polygon","coordinates":[[[126.91399,37.51079],[126.91584,37.51121],[126.91577,37.51169],[126.91594,37.51172],[126.91606,37.51124],[126.9164,37.51133],[126.91697,37.51082],[126.91697,37.51051],[126.91718,37.51053],[126.9174,37.50939],[126.91695,37.50934],[126.91689,37.50896],[126.91743,37.50893],[126.91637,37.50891],[126.91451,37.50908],[126.91399,37.51079]]]}},{"type":"Feature","properties":{"name":"후암1구역주거환경개선사업","cat":"주거환경개선","gu":"용산구"},"geometry":{"type":"Polygon","coordinates":[[[126.98401,37.54715],[126.98409,37.54681],[126.98354,37.54652],[126.98279,37.54647],[126.98293,37.54677],[126.98246,37.54696],[126.98344,37.54733],[126.98401,37.54715]]]}},{"type":"Feature","properties":{"name":"한남2 재정비촉진구역","cat":"재개발","gu":"용산구"},"geometry":{"type":"Polygon","coordinates":[[[126.99549,37.53314],[126.99635,37.53175],[126.9967,37.53178],[126.99695,37.53206],[126.99694,37.53283],[126.99625,37.53315],[126.99697,37.53325],[126.99786,37.5331],[126.9981,37.53264],[126.99764,37.53254],[126.99758,37.53235],[126.99778,37.53228],[126.99788,37.53184],[126.99937,37.53113],[127.00001,37.53109],[127.00133,37.53033],[127.00055,37.52984],[127.0001,37.52985],[126.99989,37.52952],[126.999,37.52987],[126.99827,37.52916],[126.99731,37.53003],[126.99514,37.53133],[126.99431,37.5331],[126.99549,37.53314]]]}},{"type":"Feature","properties":{"name":"본동3구역주택재개발사업","cat":"재개발","gu":"동작구"},"geometry":{"type":"Polygon","coordinates":[[[126.95367,37.5122],[126.95348,37.51189],[126.95223,37.51213],[126.95247,37.51222],[126.95245,37.51251],[126.95358,37.51248],[126.95367,37.5122]]]}},{"type":"Feature","properties":{"name":"홍제동 무궁화단지 주택재건축정비사","cat":"정비예정구역","gu":"서대문구"},"geometry":{"type":"Polygon","coordinates":[[[126.94007,37.58411],[126.94005,37.58491],[126.94061,37.585],[126.9408,37.58527],[126.94162,37.58488],[126.94142,37.58437],[126.94165,37.58402],[126.94007,37.58411]]]}},{"type":"Feature","properties":{"name":"천호4구역주택재개발사업","cat":"재개발","gu":"강동구"},"geometry":{"type":"Polygon","coordinates":[[[127.13553,37.53804],[127.13531,37.538],[127.13497,37.53739],[127.13471,37.53747],[127.13451,37.53733],[127.13408,37.53751],[127.1351,37.53936],[127.13584,37.53913],[127.13536,37.53806],[127.13553,37.53804]]]}},{"type":"Feature","properties":{"name":"양평1구역주택재개발사업","cat":"재개발","gu":"영등포구"},"geometry":{"type":"Polygon","coordinates":[[[126.88412,37.52238],[126.88398,37.5218],[126.88192,37.52212],[126.88184,37.52272],[126.88412,37.52238]]]}},{"type":"Feature","properties":{"name":"신이문역세권장기전세주택 도시정비형재개발정비구역","cat":"재개발","gu":"동대문구"},"geometry":{"type":"Polygon","coordinates":[[[127.06725,37.60212],[127.06673,37.60082],[127.06507,37.6008],[127.06505,37.6029],[127.06683,37.6029],[127.06725,37.60212]]]}},{"type":"Feature","properties":{"name":"홍은3구역주택재건축사업","cat":"정비예정구역","gu":"서대문구"},"geometry":{"type":"Polygon","coordinates":[[[126.9436,37.60002],[126.94436,37.59927],[126.94422,37.59909],[126.94475,37.59826],[126.94452,37.59818],[126.9442,37.59856],[126.94369,37.5984],[126.94354,37.59853],[126.94369,37.59874],[126.94338,37.59946],[126.94372,37.5998],[126.9436,37.60002]]]}},{"type":"Feature","properties":{"name":"가락우창아파트 재건축정비사업","cat":"정비예정구역","gu":"송파구"},"geometry":{"type":"Polygon","coordinates":[[[127.1382,37.49892],[127.13757,37.49844],[127.13565,37.49947],[127.13646,37.50001],[127.1382,37.49892]]]}},{"type":"Feature","properties":{"name":"봉천7-1구역주택재개발사업","cat":"재건축","gu":"관악구"},"geometry":{"type":"Polygon","coordinates":[[[126.95867,37.48648],[126.9607,37.48549],[126.96191,37.48537],[126.96199,37.48518],[126.96163,37.48472],[126.96162,37.48425],[126.96107,37.48367],[126.96005,37.48318],[126.95947,37.48364],[126.95938,37.48426],[126.95896,37.48483],[126.9574,37.48527],[126.95817,37.4863],[126.95707,37.48625],[126.95724,37.48646],[126.95867,37.48648]]]}},{"type":"Feature","properties":{"name":"개포우성6차아파트 재건축사업","cat":"정비예정구역","gu":"강남구"},"geometry":{"type":"Polygon","coordinates":[[[127.05465,37.47635],[127.05544,37.47695],[127.05745,37.47658],[127.05773,37.47675],[127.05821,37.47608],[127.05714,37.47551],[127.05676,37.47586],[127.05625,37.47581],[127.05604,37.47661],[127.05564,37.4767],[127.05511,37.47635],[127.05465,37.47635]]]}},{"type":"Feature","properties":{"name":"다동18구역도시환경정비사업","cat":"재건축","gu":"종로구"},"geometry":{"type":"Polygon","coordinates":[[[126.98242,37.5671],[126.9821,37.56715],[126.98211,37.56746],[126.98247,37.56747],[126.98242,37.5671]]]}},{"type":"Feature","properties":{"name":"돈의문1재정비촉진구역","cat":"재개발","gu":"종로구"},"geometry":{"type":"Polygon","coordinates":[[[126.96454,37.57245],[126.965,37.57196],[126.96506,37.57152],[126.96602,37.57017],[126.96605,37.56984],[126.96662,37.56939],[126.96788,37.56907],[126.96961,37.56938],[126.96997,37.56913],[126.96873,37.56829],[126.968,37.56898],[126.9677,37.56904],[126.96585,37.56739],[126.96461,37.56878],[126.96424,37.5686],[126.96088,37.57189],[126.96119,37.57225],[126.96384,37.57224],[126.96454,37.57245]]]}},{"type":"Feature","properties":{"name":"강북3 재정비촉진구역","cat":"재개발","gu":"강북구"},"geometry":{"type":"Polygon","coordinates":[[[127.0313,37.61244],[127.03324,37.61104],[127.03327,37.61077],[127.03206,37.61026],[127.0314,37.6112],[127.03109,37.6112],[127.0311,37.61237],[127.0313,37.61244]]]}},{"type":"Feature","properties":{"name":"거여새마을 재정비촉진구역(주택재개발사업)","cat":"재개발","gu":"송파구"},"geometry":{"type":"Polygon","coordinates":[[[127.15031,37.49202],[127.15065,37.49143],[127.14986,37.49063],[127.14858,37.4901],[127.1477,37.49092],[127.14669,37.49134],[127.14729,37.49181],[127.14676,37.49208],[127.14679,37.49245],[127.14739,37.4924],[127.14742,37.49282],[127.14913,37.49246],[127.14924,37.49275],[127.15129,37.49265],[127.15031,37.49202]]]}},{"type":"Feature","properties":{"name":"하왕1-2구역주택재개발사업","cat":"재건축","gu":"성동구"},"geometry":{"type":"Polygon","coordinates":[[[127.02729,37.56271],[127.02577,37.56295],[127.02549,37.56314],[127.02537,37.56379],[127.02556,37.564],[127.02587,37.56398],[127.02591,37.56373],[127.02662,37.56367],[127.02661,37.56334],[127.02673,37.56345],[127.02708,37.56326],[127.02756,37.56356],[127.0274,37.56315],[127.02755,37.56311],[127.02729,37.56271]]]}},{"type":"Feature","properties":{"name":"세운재정비촉진지구33구역도시환경정","cat":"재건축","gu":"중구"},"geometry":{"type":"Polygon","coordinates":[[[126.99679,37.56367],[126.99675,37.56418],[126.99742,37.56421],[126.99714,37.56368],[126.99679,37.56367]]]}},{"type":"Feature","properties":{"name":"마포로4구역 제3-2지구 도시환경정비","cat":"재건축","gu":"서대문구"},"geometry":{"type":"Polygon","coordinates":[[[126.96294,37.56071],[126.96269,37.56031],[126.96226,37.5606],[126.96239,37.56081],[126.96294,37.56071]]]}},{"type":"Feature","properties":{"name":"신정제4주택재개발구역","cat":"재개발","gu":"양천구"},"geometry":{"type":"Polygon","coordinates":[[[126.85857,37.51988],[126.85409,37.51937],[126.85401,37.52016],[126.85481,37.52075],[126.8582,37.52113],[126.85813,37.52158],[126.85827,37.52159],[126.85857,37.51988]]]}},{"type":"Feature","properties":{"name":"대치우성1차아파트","cat":"정비예정구역","gu":"강남구"},"geometry":{"type":"Polygon","coordinates":[[[127.06978,37.49927],[127.06895,37.49903],[127.06798,37.50099],[127.0689,37.50129],[127.07072,37.50037],[127.06969,37.49993],[127.06991,37.49946],[127.06978,37.49927]]]}},{"type":"Feature","properties":{"name":"구의·자양 재정비 촉진지구","cat":"재정비촉진지구","gu":"광진구"},"geometry":{"type":"Polygon","coordinates":[[[127.08276,37.53962],[127.08419,37.53958],[127.08442,37.53758],[127.09078,37.5392],[127.0913,37.5379],[127.08945,37.53787],[127.08939,37.53582],[127.09012,37.53402],[127.08537,37.53247],[127.08421,37.53489],[127.08323,37.53466],[127.08279,37.53581],[127.08303,37.536],[127.081,37.5365],[127.08132,37.53736],[127.08079,37.53766],[127.08107,37.53823],[127.08281,37.53916],[127.08276,37.53962]]]}},{"type":"Feature","properties":{"name":"자양1재정비촉진구역","cat":"재개발","gu":"광진구"},"geometry":{"type":"Polygon","coordinates":[[[127.08738,37.53606],[127.08705,37.53607],[127.08675,37.53679],[127.08705,37.53687],[127.08698,37.53704],[127.08667,37.53696],[127.0866,37.53715],[127.08936,37.53785],[127.0892,37.53643],[127.08998,37.53402],[127.08841,37.53355],[127.0874,37.53554],[127.08738,37.53606]]]}},{"type":"Feature","properties":{"name":"청진8구역도시환경정비사업","cat":"재건축","gu":"종로구"},"geometry":{"type":"Polygon","coordinates":[[[126.9791,37.57233],[126.97923,37.57055],[126.97859,37.57054],[126.97856,37.57235],[126.9791,37.57233]]]}},{"type":"Feature","properties":{"name":"마포로3-6구역도시환경정비사업","cat":"재건축","gu":"마포구"},"geometry":{"type":"Polygon","coordinates":[[[126.95653,37.55232],[126.95687,37.55216],[126.95657,37.55165],[126.95613,37.55183],[126.95653,37.55232]]]}},{"type":"Feature","properties":{"name":"서소문2구역도시환경정비사업","cat":"재건축","gu":"중구"},"geometry":{"type":"Polygon","coordinates":[[[126.97607,37.56259],[126.9758,37.562],[126.97481,37.56221],[126.97474,37.56249],[126.97522,37.56275],[126.97607,37.56259]]]}},{"type":"Feature","properties":{"name":"남대문12구역도시환경정비사업","cat":"재건축","gu":"중구"},"geometry":{"type":"Polygon","coordinates":[[[126.97884,37.56054],[126.97878,37.56101],[126.97936,37.56112],[126.97926,37.56062],[126.97884,37.56054]]]}},{"type":"Feature","properties":{"name":"중화동 우성타운 재건축정비구역","cat":"정비예정구역","gu":"중랑구"},"geometry":{"type":"Polygon","coordinates":[[[127.0821,37.59821],[127.08199,37.59773],[127.08044,37.59762],[127.08034,37.59809],[127.08179,37.59843],[127.0821,37.59821]]]}},{"type":"Feature","properties":{"name":"가락삼익맨숀아파트 재건축정비구역","cat":"정비예정구역","gu":"송파구"},"geometry":{"type":"Polygon","coordinates":[[[127.12152,37.50565],[127.12269,37.50506],[127.12281,37.50415],[127.12195,37.5031],[127.12075,37.50212],[127.12108,37.5031],[127.12083,37.50337],[127.12,37.50348],[127.1199,37.50336],[127.11932,37.50369],[127.12079,37.50542],[127.12126,37.50523],[127.12152,37.50565]]]}},{"type":"Feature","properties":{"name":"염리3 주택재개발사업구역","cat":"재개발","gu":"마포구"},"geometry":{"type":"Polygon","coordinates":[[[126.9496,37.55445],[126.95003,37.55412],[126.9504,37.55421],[126.95056,37.55386],[126.94909,37.55396],[126.94871,37.5537],[126.94871,37.55331],[126.94904,37.55263],[126.94979,37.55314],[126.95018,37.5525],[126.94898,37.55217],[126.94833,37.55173],[126.9482,37.55186],[126.94717,37.55176],[126.94694,37.55159],[126.94682,37.55109],[126.94652,37.55105],[126.94653,37.5528],[126.9465,37.55297],[126.94602,37.553],[126.94605,37.55433],[126.9481,37.55454],[126.94889,37.5553],[126.94938,37.55503],[126.9496,37.55445]]]}},{"type":"Feature","properties":{"name":"창신동 23일대 주택정비형 재개발구역","cat":"재개발","gu":"종로구"},"geometry":{"type":"Polygon","coordinates":[[[127.01533,37.57832],[127.01521,37.57801],[127.01501,37.57801],[127.01481,37.57829],[127.01424,37.57834],[127.01433,37.57769],[127.01455,37.5777],[127.01442,37.57737],[127.01476,37.57738],[127.01461,37.57693],[127.01529,37.577],[127.01531,37.57677],[127.01439,37.57666],[127.01426,37.57643],[127.01374,37.57646],[127.01329,37.57605],[127.01355,37.5759],[127.01343,37.57571],[127.01303,37.57564],[127.01266,37.57585],[127.01236,37.57697],[127.01273,37.5774],[127.01182,37.5779],[127.01196,37.57878],[127.01317,37.57919],[127.01293,37.57844],[127.01377,37.57837],[127.01393,37.57923],[127.01444,37.57928],[127.01469,37.5792],[127.01489,37.57849],[127.01533,37.57832]]]}},{"type":"Feature","properties":{"name":"성북제3주택재개발구역","cat":"재개발","gu":"성북구"},"geometry":{"type":"Polygon","coordinates":[[[127.00147,37.59581],[127.00297,37.59501],[127.00254,37.59439],[127.00216,37.59423],[127.00259,37.59355],[127.00332,37.59352],[127.00282,37.59324],[127.00257,37.59269],[127.00162,37.59333],[127.00068,37.59353],[127.00017,37.59403],[126.99925,37.59447],[126.99946,37.59499],[126.99935,37.59536],[126.99976,37.59555],[127.00057,37.59551],[127.00091,37.59606],[127.00086,37.59633],[127.00133,37.59645],[127.00135,37.59617],[127.00158,37.59608],[127.00147,37.59581]]]}},{"type":"Feature","properties":{"name":"무교,다동 도시환경정비사업","cat":"재개발","gu":"종로구"},"geometry":{"type":"MultiPolygon","coordinates":[[[[126.98252,37.56857],[126.98246,37.56678],[126.98194,37.56675],[126.97739,37.56707],[126.97733,37.56879],[126.97758,37.56899],[126.98237,37.56868],[126.98252,37.56857]]],[[[126.97936,37.56689],[126.98245,37.56657],[126.98196,37.56615],[126.9793,37.56628],[126.97936,37.56689]]]]}},{"type":"Feature","properties":{"name":"도렴3구역도시환경정비사업","cat":"재건축","gu":"종로구"},"geometry":{"type":"Polygon","coordinates":[[[126.97273,37.57122],[126.97283,37.57155],[126.97324,37.5715],[126.9732,37.57118],[126.97273,37.57122]]]}},{"type":"Feature","properties":{"name":"도렴8,9구역도시환경정비사업","cat":"재건축","gu":"종로구"},"geometry":{"type":"Polygon","coordinates":[[[126.97489,37.57041],[126.97419,37.57033],[126.97419,37.5709],[126.9748,37.57093],[126.97489,37.57041]]]}},{"type":"Feature","properties":{"name":"영등포재정비촉진지구","cat":"재정비촉진지구","gu":"영등포구"},"geometry":{"type":"Polygon","coordinates":[[[126.90585,37.5199],[126.90503,37.52048],[126.90517,37.5217],[126.9071,37.52159],[126.90714,37.5224],[126.90543,37.52266],[126.90531,37.52293],[126.90555,37.52505],[126.90626,37.52494],[126.90618,37.52477],[126.9073,37.52469],[126.90701,37.52519],[126.90729,37.52516],[126.90934,37.52216],[126.90889,37.52197],[126.90949,37.5212],[126.90876,37.52083],[126.90839,37.52087],[126.90804,37.51944],[126.90585,37.5199]]]}},{"type":"Feature","properties":{"name":"영등포1-2 재정비촉진구역","cat":"재개발","gu":"영등포구"},"geometry":{"type":"Polygon","coordinates":[[[126.90622,37.52486],[126.90593,37.52401],[126.90544,37.52405],[126.90556,37.52505],[126.90622,37.52486]]]}},{"type":"Feature","properties":{"name":"성북구 석관동 주거환경관리사업","cat":"주거환경개선","gu":"성북구"},"geometry":{"type":"Polygon","coordinates":[[[127.06593,37.61108],[127.06601,37.6098],[127.06629,37.60962],[127.06601,37.60917],[127.06606,37.60849],[127.06642,37.60863],[127.06666,37.60847],[127.06544,37.60797],[127.06258,37.61099],[127.06504,37.61132],[127.06593,37.61108]],[[127.06523,37.61023],[127.0659,37.60987],[127.06585,37.61071],[127.06523,37.61023]]]}},{"type":"Feature","properties":{"name":"마포로1-22구역도시환경정비사업","cat":"재건축","gu":"마포구"},"geometry":{"type":"Polygon","coordinates":[[[126.95131,37.5452],[126.95066,37.54432],[126.94997,37.5447],[126.95055,37.54547],[126.95131,37.5452]]]}},{"type":"Feature","properties":{"name":"창신 도시정비형 재개발구역","cat":"재개발","gu":"종로구"},"geometry":{"type":"Polygon","coordinates":[[[127.01551,37.57251],[127.0157,37.57031],[127.01556,37.57006],[127.00984,37.57003],[127.00989,37.57054],[127.01096,37.57158],[127.01526,37.57275],[127.01551,37.57251]]]}},{"type":"Feature","properties":{"name":"노량진8재정비촉진구역","cat":"재개발","gu":"동작구"},"geometry":{"type":"Polygon","coordinates":[[[126.9347,37.51234],[126.93487,37.50908],[126.93365,37.50907],[126.93358,37.50971],[126.93221,37.50981],[126.93208,37.5117],[126.93292,37.51149],[126.93447,37.51233],[126.9347,37.51234]],[[126.93403,37.51181],[126.93417,37.5109],[126.93463,37.5109],[126.93455,37.5122],[126.93425,37.51214],[126.93403,37.51181]],[[126.934,37.51096],[126.93368,37.51079],[126.93402,37.51046],[126.93425,37.51061],[126.93396,37.51075],[126.93411,37.51084],[126.934,37.51096]]]}},{"type":"Feature","properties":{"name":"북창19구역도시환경정비사업","cat":"재건축","gu":"중구"},"geometry":{"type":"Polygon","coordinates":[[[126.97864,37.56243],[126.97859,37.56223],[126.97828,37.56229],[126.97827,37.56247],[126.97864,37.56243]]]}},{"type":"Feature","properties":{"name":"북창30구역도시환경정비사업","cat":"재건축","gu":"중구"},"geometry":{"type":"Polygon","coordinates":[[[126.97681,37.5629],[126.97703,37.5627],[126.97676,37.56276],[126.97681,37.5629]]]}},{"type":"Feature","properties":{"name":"마포로1-50구역도시환경정비사업","cat":"재건축","gu":"마포구"},"geometry":{"type":"Polygon","coordinates":[[[126.95304,37.54444],[126.95229,37.54444],[126.95252,37.54475],[126.95291,37.54482],[126.95304,37.54444]]]}},{"type":"Feature","properties":{"name":"연신내구역 도시정비형 재개발사업","cat":"재개발","gu":"은평구"},"geometry":{"type":"Polygon","coordinates":[[[126.92375,37.61808],[126.92306,37.61729],[126.92273,37.61757],[126.92302,37.6178],[126.92226,37.61805],[126.9226,37.61844],[126.92348,37.61836],[126.92375,37.61808]]]}},{"type":"Feature","properties":{"name":"홍은6구역주택재개발사업","cat":"재개발","gu":"서대문구"},"geometry":{"type":"Polygon","coordinates":[[[126.93717,37.58099],[126.93632,37.58034],[126.93633,37.58283],[126.93611,37.58387],[126.93744,37.5817],[126.93717,37.58099]]]}},{"type":"Feature","properties":{"name":"서울역~서대문2-1구역도시환경정비사","cat":"재건축","gu":"종로구"},"geometry":{"type":"Polygon","coordinates":[[[126.96834,37.56524],[126.96776,37.56497],[126.96755,37.56525],[126.96809,37.56564],[126.96834,37.56524]]]}},{"type":"Feature","properties":{"name":"서울역~서대문4-1구역도시환경정비사","cat":"재건축","gu":"종로구"},"geometry":{"type":"Polygon","coordinates":[[[126.96888,37.56393],[126.9688,37.56447],[126.96896,37.5645],[126.96913,37.56398],[126.96888,37.56393]]]}},{"type":"Feature","properties":{"name":"상계6재정비촉진구역","cat":"재개발","gu":"노원구"},"geometry":{"type":"Polygon","coordinates":[[[127.07872,37.66585],[127.07829,37.66421],[127.07794,37.66433],[127.07773,37.66403],[127.07709,37.66423],[127.07675,37.66387],[127.0765,37.66401],[127.07609,37.66336],[127.07548,37.66361],[127.07582,37.66665],[127.07767,37.66907],[127.0775,37.66915],[127.0776,37.66929],[127.07767,37.66914],[127.07824,37.66987],[127.07841,37.66977],[127.07833,37.66962],[127.07591,37.66641],[127.0774,37.66562],[127.07769,37.66601],[127.07872,37.66585]]]}},{"type":"Feature","properties":{"name":"소공4-3구역도시환경정비사업","cat":"재건축","gu":"중구"},"geometry":{"type":"Polygon","coordinates":[[[126.98094,37.56388],[126.98083,37.56358],[126.98059,37.56363],[126.98066,37.56396],[126.98094,37.56388]]]}},{"type":"Feature","properties":{"name":"을지로1가5구역도시환경정비사업","cat":"재건축","gu":"종로구"},"geometry":{"type":"Polygon","coordinates":[[[126.98149,37.56615],[126.98067,37.56615],[126.98058,37.56682],[126.98139,37.56673],[126.98149,37.56615]]]}},{"type":"Feature","properties":{"name":"상계 재정비촉진지구","cat":"재정비촉진지구","gu":"노원구"},"geometry":{"type":"Polygon","coordinates":[[[127.08256,37.67635],[127.08291,37.67598],[127.08342,37.67588],[127.08351,37.67559],[127.08423,37.67572],[127.08522,37.67501],[127.0849,37.67418],[127.08513,37.67394],[127.08436,37.67309],[127.08487,37.67259],[127.08597,37.67248],[127.08564,37.67165],[127.08588,37.67123],[127.08494,37.67041],[127.08464,37.66991],[127.08366,37.67009],[127.08339,37.66996],[127.08257,37.6683],[127.08042,37.66868],[127.08035,37.66848],[127.07994,37.66836],[127.08016,37.66771],[127.07928,37.66747],[127.07898,37.66771],[127.07769,37.66601],[127.07872,37.66585],[127.07828,37.66421],[127.07793,37.66433],[127.07773,37.66403],[127.07709,37.66422],[127.07674,37.66386],[127.0765,37.66401],[127.07609,37.66335],[127.0755,37.66359],[127.07299,37.66547],[127.07416,37.66562],[127.07506,37.66609],[127.07567,37.66736],[127.07487,37.66784],[127.07539,37.66838],[127.07527,37.66861],[127.07697,37.66993],[127.07684,37.67063],[127.07627,37.67096],[127.07708,37.67152],[127.07699,37.67178],[127.07823,37.67243],[127.07827,37.67309],[127.07854,37.67324],[127.07877,37.67375],[127.07906,37.67392],[127.0798,37.67344],[127.08032,37.67341],[127.08094,37.67281],[127.08196,37.67262],[127.08212,37.67297],[127.08184,37.67373],[127.08177,37.67508],[127.08256,37.67635]],[[127.08293,37.67184],[127.08134,37.67032],[127.08107,37.67],[127.08116,37.66991],[127.08215,37.67004],[127.08224,37.67058],[127.08293,37.67184]]]}},{"type":"Feature","properties":{"name":"공덕2구역주택재개발사업","cat":"재개발","gu":"마포구"},"geometry":{"type":"Polygon","coordinates":[[[126.95981,37.55208],[126.96085,37.55166],[126.96109,37.55174],[126.9614,37.55146],[126.9617,37.55158],[126.96182,37.55135],[126.95939,37.55006],[126.95859,37.55065],[126.95827,37.5515],[126.95872,37.5519],[126.95981,37.55208]]]}},{"type":"Feature","properties":{"name":"문정동136번지일대 주택재건축정비구","cat":"정비예정구역","gu":"송파구"},"geometry":{"type":"Polygon","coordinates":[[[127.13432,37.49051],[127.13571,37.48949],[127.13613,37.48948],[127.13476,37.48726],[127.13425,37.48726],[127.13406,37.48736],[127.13422,37.48765],[127.13352,37.48811],[127.13328,37.48788],[127.13218,37.48861],[127.13432,37.49051]]]}},{"type":"Feature","properties":{"name":"마포로5-9-2구역도시환경정비사업","cat":"재건축","gu":"중구"},"geometry":{"type":"Polygon","coordinates":[[[126.97052,37.56237],[126.9703,37.56289],[126.97037,37.56311],[126.97079,37.56326],[126.9709,37.56297],[126.97055,37.56289],[126.97059,37.56267],[126.97121,37.56284],[126.97135,37.56255],[126.97052,37.56237]]]}},{"type":"Feature","properties":{"name":"무교다동 15 지구","cat":"재건축","gu":"종로구"},"geometry":{"type":"Polygon","coordinates":[[[126.98059,37.56736],[126.9799,37.56755],[126.97991,37.56781],[126.98069,37.56782],[126.98059,37.56736]]]}},{"type":"Feature","properties":{"name":"무교다동 16 지구","cat":"재건축","gu":"종로구"},"geometry":{"type":"Polygon","coordinates":[[[126.98125,37.56778],[126.98131,37.56733],[126.98063,37.56736],[126.98074,37.56782],[126.98125,37.56778]]]}},{"type":"Feature","properties":{"name":"무교다동 22-1 지구","cat":"재건축","gu":"종로구"},"geometry":{"type":"Polygon","coordinates":[[[126.98164,37.56774],[126.98145,37.56748],[126.9814,37.56771],[126.98164,37.56774]]]}},{"type":"Feature","properties":{"name":"무교다동 23-7 지구","cat":"재건축","gu":"종로구"},"geometry":{"type":"Polygon","coordinates":[[[126.98195,37.56742],[126.98204,37.56732],[126.98195,37.56731],[126.98195,37.56742]]]}},{"type":"Feature","properties":{"name":"종암4구역주택재개발사업","cat":"재개발","gu":"성북구"},"geometry":{"type":"Polygon","coordinates":[[[127.0318,37.60032],[127.03206,37.59973],[127.03251,37.59976],[127.03247,37.60006],[127.03282,37.60015],[127.03289,37.5999],[127.03381,37.60006],[127.03389,37.59987],[127.03293,37.59975],[127.0329,37.59909],[127.0332,37.5981],[127.0328,37.59812],[127.03297,37.59819],[127.03287,37.59867],[127.03272,37.59847],[127.03239,37.59846],[127.0306,37.59861],[127.03021,37.59847],[127.03022,37.59805],[127.02968,37.59788],[127.02939,37.59805],[127.02935,37.59961],[127.02912,37.59992],[127.0295,37.6001],[127.03077,37.60012],[127.03139,37.59984],[127.03167,37.59995],[127.03176,37.60019],[127.0316,37.60027],[127.0318,37.60032]]]}},{"type":"Feature","properties":{"name":"도시환경정비사업구역","cat":"재개발","gu":"종로구"},"geometry":{"type":"MultiPolygon","coordinates":[[[[126.99635,37.56495],[126.99719,37.56456],[126.99733,37.56471],[126.998,37.56473],[126.9979,37.56442],[126.99625,37.56439],[126.99635,37.56495]]],[[[126.99597,37.56497],[126.99596,37.56514],[126.99591,37.56557],[126.99597,37.56497]]],[[[126.9936,37.56769],[126.99259,37.56773],[126.99255,37.56805],[126.99505,37.5683],[126.99511,37.56781],[126.99494,37.56774],[126.9936,37.56769]],[[126.99365,37.56773],[126.99365,37.56773],[126.99365,37.56773],[126.99365,37.56773]]]]}},{"type":"Feature","properties":{"name":"신정동 1152번지일대 주택정비형 재개발사업","cat":"재개발","gu":"양천구"},"geometry":{"type":"Polygon","coordinates":[[[126.85226,37.51627],[126.85227,37.51604],[126.85252,37.51604],[126.85253,37.51568],[126.84893,37.51539],[126.8485,37.51627],[126.8487,37.51673],[126.84925,37.51666],[126.8503,37.51707],[126.85056,37.51651],[126.85177,37.51685],[126.85199,37.5164],[126.85226,37.51627]]]}},{"type":"Feature","properties":{"name":"한강로주택재개발사업","cat":"재개발","gu":"용산구"},"geometry":{"type":"Polygon","coordinates":[[[126.96474,37.53449],[126.96477,37.53392],[126.96357,37.5338],[126.96354,37.53425],[126.96376,37.53438],[126.96474,37.53449]]]}},{"type":"Feature","properties":{"name":"사당6구역주택재개발사업","cat":"재개발","gu":"동작구"},"geometry":{"type":"Polygon","coordinates":[[[126.97778,37.48828],[126.97707,37.48853],[126.9774,37.48926],[126.97808,37.48878],[126.97778,37.48828]]]}},{"type":"Feature","properties":{"name":"세운재정비촉진지구25구역도시환경정","cat":"재건축","gu":"종로구"},"geometry":{"type":"Polygon","coordinates":[[[126.99697,37.56645],[126.99699,37.56577],[126.99663,37.56572],[126.99659,37.56643],[126.99697,37.56645]]]}},{"type":"Feature","properties":{"name":"양동5구역도시환경정비사업","cat":"재건축","gu":"중구"},"geometry":{"type":"Polygon","coordinates":[[[126.97591,37.55703],[126.97643,37.55616],[126.97629,37.55571],[126.97596,37.55584],[126.97562,37.55686],[126.97591,37.55703]]]}},{"type":"Feature","properties":{"name":"중화3재정비촉진구역","cat":"재개발","gu":"중랑구"},"geometry":{"type":"Polygon","coordinates":[[[127.07961,37.59984],[127.07927,37.59986],[127.07932,37.59957],[127.07893,37.59952],[127.07876,37.60054],[127.07943,37.60078],[127.07961,37.59984]]]}},{"type":"Feature","properties":{"name":"무교다동 10-1 지구","cat":"재건축","gu":"종로구"},"geometry":{"type":"Polygon","coordinates":[[[126.97977,37.56747],[126.97977,37.56715],[126.97932,37.56721],[126.97934,37.56747],[126.97977,37.56747]]]}},{"type":"Feature","properties":{"name":"무교다동 10-2 지구","cat":"재건축","gu":"종로구"},"geometry":{"type":"Polygon","coordinates":[[[126.97977,37.56715],[126.97972,37.56698],[126.97932,37.56704],[126.97932,37.56721],[126.97977,37.56715]]]}},{"type":"Feature","properties":{"name":"대치동 구마을 제3지구 주택재건축 정","cat":"정비예정구역","gu":"강남구"},"geometry":{"type":"Polygon","coordinates":[[[127.06144,37.50237],[127.06004,37.50257],[127.06008,37.50347],[127.06118,37.50383],[127.06144,37.50237]]]}},{"type":"Feature","properties":{"name":"후암1구역주택재개발사업","cat":"재개발","gu":"중구"},"geometry":{"type":"Polygon","coordinates":[[[126.97635,37.55241],[126.97671,37.55212],[126.97626,37.55181],[126.97638,37.5516],[126.97557,37.55125],[126.97572,37.55108],[126.97512,37.55113],[126.97506,37.55148],[126.97528,37.55193],[126.97574,37.55226],[126.97635,37.55241]]]}},{"type":"Feature","properties":{"name":"장위8구역","cat":"재개발","gu":"성북구"},"geometry":{"type":"Polygon","coordinates":[[[127.05582,37.61641],[127.05498,37.61513],[127.05353,37.61427],[127.04956,37.61683],[127.05154,37.61812],[127.05342,37.61663],[127.05515,37.61764],[127.05593,37.61694],[127.05648,37.61679],[127.05582,37.61641]]]}},{"type":"Feature","properties":{"name":"방배동 경남아파트 주택재건축 정비","cat":"정비예정구역","gu":"서초구"},"geometry":{"type":"Polygon","coordinates":[[[126.99956,37.47513],[126.99843,37.47701],[126.99848,37.47719],[126.99988,37.47777],[127.00118,37.47581],[126.99956,37.47513]]]}},{"type":"Feature","properties":{"name":"재개발사업구역","cat":"재개발","gu":"종로구"},"geometry":{"type":"Polygon","coordinates":[[[126.98262,37.57038],[126.97853,37.57035],[126.9785,37.5716],[126.9775,37.57168],[126.9785,37.57169],[126.97856,37.57235],[126.97891,37.57241],[126.97995,37.57242],[126.98272,37.57195],[126.98288,37.57182],[126.98284,37.57052],[126.98262,37.57038]]]}},{"type":"Feature","properties":{"name":"소공4-7구역도시환경정비사업","cat":"재건축","gu":"중구"},"geometry":{"type":"Polygon","coordinates":[[[126.98088,37.56347],[126.9817,37.56322],[126.98152,37.56279],[126.98104,37.56296],[126.98093,37.56274],[126.98062,37.56278],[126.98088,37.56347]]]}},{"type":"Feature","properties":{"name":"신대방2-1구역주거환경개선사업","cat":"주거환경개선","gu":"동작구"},"geometry":{"type":"Polygon","coordinates":[[[126.9274,37.49698],[126.92768,37.4969],[126.92756,37.49641],[126.92714,37.49642],[126.92683,37.49668],[126.9274,37.49698]]]}},{"type":"Feature","properties":{"name":"동자동 제2구역","cat":"재개발","gu":"중구"},"geometry":{"type":"MultiPolygon","coordinates":[[[[126.97397,37.55317],[126.97398,37.55249],[126.97304,37.55251],[126.97304,37.55215],[126.97273,37.55226],[126.97292,37.55322],[126.97397,37.55317]]],[[[126.97398,37.55224],[126.97382,37.5519],[126.97367,37.55224],[126.97398,37.55224]]],[[[126.97361,37.55202],[126.97333,37.55192],[126.97334,37.55225],[126.97347,37.55225],[126.97361,37.55202]]]]}},{"type":"Feature","properties":{"name":"남대문로5가 도시환경정비구역","cat":"재개발","gu":"중구"},"geometry":{"type":"Polygon","coordinates":[[[126.97553,37.55729],[126.97454,37.55735],[126.97351,37.55777],[126.97418,37.55853],[126.97505,37.55802],[126.97553,37.55729]]]}},{"type":"Feature","properties":{"name":"마포로1-13구역도시환경정비사업","cat":"재건축","gu":"마포구"},"geometry":{"type":"Polygon","coordinates":[[[126.94833,37.54163],[126.94802,37.54183],[126.94844,37.54214],[126.94867,37.54188],[126.94833,37.54163]]]}},{"type":"Feature","properties":{"name":"수송1-5 도시환경정비구역","cat":"재개발","gu":"종로구"},"geometry":{"type":"Polygon","coordinates":[[[126.98033,37.57484],[126.98103,37.57424],[126.98108,37.57419],[126.98059,37.574],[126.98001,37.57444],[126.97989,37.57462],[126.98033,37.57484]]]}},{"type":"Feature","properties":{"name":"금호1-5구역주택재개발사업","cat":"재건축","gu":"성동구"},"geometry":{"type":"Polygon","coordinates":[[[127.03391,37.55448],[127.03305,37.55423],[127.03196,37.553],[127.03177,37.55397],[127.03113,37.55387],[127.03168,37.55447],[127.03314,37.55495],[127.03399,37.55569],[127.0341,37.55485],[127.03391,37.55448]]]}},{"type":"Feature","properties":{"name":"휘경동주거환경관리사업(지구단위계","cat":"주거환경개선","gu":"동대문구"},"geometry":{"type":"Polygon","coordinates":[[[127.0629,37.58638],[127.06301,37.58571],[127.06145,37.58573],[127.06146,37.58551],[127.06053,37.58513],[127.05954,37.58518],[127.05919,37.5857],[127.05917,37.58607],[127.05996,37.58602],[127.06,37.58623],[127.06138,37.58656],[127.06141,37.58636],[127.06282,37.5865],[127.06267,37.58747],[127.06299,37.58756],[127.06292,37.5872],[127.06337,37.58643],[127.0629,37.58638]]]}},{"type":"Feature","properties":{"name":"신당7구역주택재개발사업","cat":"재개발","gu":"중구"},"geometry":{"type":"Polygon","coordinates":[[[127.01721,37.56169],[127.01934,37.56027],[127.01929,37.56015],[127.01871,37.55989],[127.01756,37.55999],[127.01704,37.55953],[127.01657,37.55939],[127.01499,37.55987],[127.0155,37.56084],[127.01607,37.56079],[127.01644,37.56144],[127.01694,37.56131],[127.01721,37.56169]]]}},{"type":"Feature","properties":{"name":"북창1구역도시환경정비사업","cat":"재건축","gu":"중구"},"geometry":{"type":"Polygon","coordinates":[[[126.97727,37.56304],[126.9769,37.56316],[126.97716,37.56383],[126.97768,37.56375],[126.97727,37.56304]]]}},{"type":"Feature","properties":{"name":"도시환경정비사업구역","cat":"재개발","gu":"동작구"},"geometry":{"type":"Polygon","coordinates":[[[126.91319,37.49022],[126.91342,37.48973],[126.91325,37.48957],[126.91356,37.48899],[126.913,37.48885],[126.9133,37.488],[126.91275,37.48764],[126.91208,37.48798],[126.91113,37.48816],[126.91045,37.48808],[126.90971,37.48839],[126.90998,37.48912],[126.90967,37.48957],[126.91078,37.48943],[126.91113,37.48965],[126.91193,37.48972],[126.91217,37.49003],[126.91319,37.49022]]]}},{"type":"Feature","properties":{"name":"아현1구역주택재개발사업","cat":"재개발","gu":"서대문구"},"geometry":{"type":"Polygon","coordinates":[[[126.96157,37.55842],[126.96207,37.55845],[126.96281,37.55806],[126.9631,37.55822],[126.96305,37.55741],[126.96343,37.55686],[126.96212,37.55538],[126.96177,37.55549],[126.96087,37.55512],[126.96108,37.55372],[126.96164,37.55259],[126.96151,37.55248],[126.95986,37.55368],[126.95907,37.55397],[126.95928,37.55483],[126.95806,37.55503],[126.95787,37.55538],[126.958,37.55586],[126.95835,37.55623],[126.96108,37.55864],[126.9617,37.55895],[126.96157,37.55842]]]}},{"type":"Feature","properties":{"name":"창전주택재개발사업","cat":"재개발","gu":"마포구"},"geometry":{"type":"Polygon","coordinates":[[[126.93089,37.55061],[126.92989,37.55005],[126.92908,37.55034],[126.92882,37.54966],[126.92835,37.54965],[126.92748,37.54999],[126.92803,37.55057],[126.92855,37.55077],[126.92889,37.55054],[126.92958,37.55064],[126.93019,37.55135],[126.93127,37.55179],[126.93165,37.55223],[126.93206,37.55218],[126.93212,37.55235],[126.93292,37.55197],[126.93287,37.55158],[126.9322,37.5516],[126.93186,37.55118],[126.93114,37.55095],[126.93089,37.55061]]]}},{"type":"Feature","properties":{"name":"전농3-1구역주택재개발사업","cat":"재건축","gu":"동대문구"},"geometry":{"type":"Polygon","coordinates":[[[127.06569,37.5798],[127.06646,37.57868],[127.06763,37.57874],[127.06755,37.5785],[127.0666,37.57834],[127.06639,37.57769],[127.06644,37.5773],[127.06623,37.57687],[127.06662,37.5766],[127.06697,37.57662],[127.06702,37.57609],[127.06602,37.57614],[127.06606,37.57631],[127.06472,37.57655],[127.0637,37.57626],[127.06522,37.5751],[127.06239,37.57398],[127.06239,37.57432],[127.063,37.57476],[127.06302,37.57568],[127.0626,37.57611],[127.06301,37.5762],[127.06333,37.57711],[127.06376,37.57758],[127.06415,37.57741],[127.06451,37.57825],[127.06591,37.57842],[127.0653,37.57935],[127.06562,37.57941],[127.06554,37.57978],[127.06569,37.5798]]]}},{"type":"Feature","properties":{"name":"답십리3-2구역주택재개발사업","cat":"재건축","gu":"동대문구"},"geometry":{"type":"Polygon","coordinates":[[[127.06202,37.57242],[127.06104,37.57034],[127.05973,37.57014],[127.05983,37.57041],[127.05956,37.57044],[127.05957,37.5709],[127.06011,37.57183],[127.05998,37.5719],[127.06026,37.57196],[127.06047,37.57278],[127.0618,37.57262],[127.06202,37.57242]]]}},{"type":"Feature","properties":{"name":"재건축사업구역","cat":"정비예정구역","gu":"강남구"},"geometry":{"type":"Polygon","coordinates":[[[127.05579,37.47848],[127.05541,37.47816],[127.05504,37.47853],[127.05551,37.47883],[127.05579,37.47848]]]}},{"type":"Feature","properties":{"name":"가락시영아파트주택재건축사업","cat":"정비예정구역","gu":"송파구"},"geometry":{"type":"Polygon","coordinates":[[[127.11137,37.50022],[127.11251,37.49896],[127.11261,37.49859],[127.11244,37.49752],[127.11214,37.49709],[127.10802,37.4958],[127.1079,37.49605],[127.10652,37.49563],[127.10665,37.49537],[127.10336,37.49435],[127.10129,37.49847],[127.10694,37.50015],[127.10734,37.49934],[127.10861,37.49972],[127.10847,37.50001],[127.11015,37.50051],[127.11074,37.49987],[127.11137,37.50022]]]}},{"type":"Feature","properties":{"name":"대림가락아파트 재건축정비구역","cat":"정비예정구역","gu":"송파구"},"geometry":{"type":"Polygon","coordinates":[[[127.12471,37.50908],[127.12561,37.50866],[127.12408,37.50618],[127.12257,37.5068],[127.12311,37.50764],[127.12366,37.50745],[127.12471,37.50908]]]}},{"type":"Feature","properties":{"name":"무교다동 38지구","cat":"재건축","gu":"종로구"},"geometry":{"type":"Polygon","coordinates":[[[126.98022,37.56743],[126.98003,37.56739],[126.98002,37.5675],[126.98003,37.5675],[126.98022,37.56743]]]}},{"type":"Feature","properties":{"name":"무교다동 31지구","cat":"재건축","gu":"종로구"},"geometry":{"type":"MultiPolygon","coordinates":[[[[126.98107,37.56788],[126.98074,37.56782],[126.98069,37.56777],[126.98072,37.56787],[126.98107,37.56788]]],[[[126.98062,37.56655],[126.97991,37.56655],[126.97992,37.56683],[126.98059,37.56681],[126.98062,37.56655]]],[[[126.98057,37.56816],[126.98041,37.56817],[126.98057,37.56818],[126.98057,37.56816]]]]}},{"type":"Feature","properties":{"name":"창신1도시정비형 재개발구역 1-2","cat":"재개발","gu":"종로구"},"geometry":{"type":"Polygon","coordinates":[[[127.01146,37.57139],[127.01152,37.57099],[127.01069,37.5709],[127.01091,37.57123],[127.01146,37.57139]]]}},{"type":"Feature","properties":{"name":"창신1도시정비형 재개발구역 1-3","cat":"재개발","gu":"종로구"},"geometry":{"type":"Polygon","coordinates":[[[127.01119,37.57101],[127.01125,37.57073],[127.01067,37.57089],[127.01119,37.57101]]]}},{"type":"Feature","properties":{"name":"창신1도시정비형 재개발구역 1-4","cat":"재개발","gu":"종로구"},"geometry":{"type":"Polygon","coordinates":[[[127.01119,37.57101],[127.01163,37.57086],[127.01187,37.57074],[127.01122,37.57075],[127.01119,37.57101]]]}},{"type":"Feature","properties":{"name":"현저4구역주택재개발사업","cat":"재개발","gu":"서대문구"},"geometry":{"type":"Polygon","coordinates":[[[126.95468,37.57304],[126.95705,37.57266],[126.95776,37.57292],[126.95879,37.57247],[126.95874,37.57208],[126.95908,37.57177],[126.95782,37.57135],[126.95587,37.57142],[126.95469,37.57122],[126.95454,37.57131],[126.95484,37.57221],[126.95452,37.57242],[126.95421,37.572],[126.95399,37.57209],[126.95417,37.57236],[126.95402,37.57259],[126.95348,37.57236],[126.95331,37.57245],[126.95391,37.57322],[126.95441,37.57332],[126.95468,37.57304]]]}},{"type":"Feature","properties":{"name":"하월곡1구역 주택정비형 재개발사업","cat":"재개발","gu":"강북구"},"geometry":{"type":"Polygon","coordinates":[[[127.03452,37.61003],[127.0347,37.60966],[127.03511,37.60972],[127.03568,37.60949],[127.03661,37.60652],[127.03596,37.60642],[127.03513,37.60589],[127.03336,37.60849],[127.03295,37.60939],[127.03452,37.61003]],[[127.03408,37.60752],[127.03456,37.60752],[127.03431,37.60807],[127.03388,37.60784],[127.03408,37.60752]]]}},{"type":"Feature","properties":{"name":"방학3구역 주택정비형 재개발사업","cat":"재개발","gu":"도봉구"},"geometry":{"type":"Polygon","coordinates":[[[127.04086,37.6672],[127.04086,37.66664],[127.0416,37.66656],[127.04207,37.66614],[127.04207,37.66582],[127.04172,37.66558],[127.04198,37.66505],[127.04193,37.66465],[127.03826,37.66469],[127.03726,37.66561],[127.0387,37.6666],[127.03913,37.66636],[127.03916,37.66614],[127.04041,37.66612],[127.04045,37.6665],[127.04006,37.66653],[127.04007,37.6672],[127.04086,37.6672]]]}},{"type":"Feature","properties":{"name":"주택재개발사업구역","cat":"재개발","gu":"동대문구"},"geometry":{"type":"Polygon","coordinates":[[[127.06283,37.59209],[127.06074,37.59122],[127.06051,37.59143],[127.06262,37.59443],[127.06315,37.59441],[127.06335,37.59397],[127.06434,37.594],[127.06447,37.59347],[127.06534,37.59264],[127.06283,37.59209]]]}},{"type":"Feature","properties":{"name":"만리제1주택재개발정비구역","cat":"재개발","gu":"중구"},"geometry":{"type":"Polygon","coordinates":[[[126.96566,37.55572],[126.96649,37.55576],[126.96651,37.55539],[126.96593,37.55551],[126.96583,37.55524],[126.96632,37.55448],[126.96569,37.55424],[126.965,37.55488],[126.96566,37.55572]]]}},{"type":"Feature","properties":{"name":"북창28구역도시환경정비사업","cat":"재건축","gu":"중구"},"geometry":{"type":"Polygon","coordinates":[[[126.97772,37.56114],[126.9776,37.56152],[126.97827,37.56154],[126.97835,37.56126],[126.97772,37.56114]]]}},{"type":"Feature","properties":{"name":"북창5구역도시환경정비사업","cat":"재건축","gu":"중구"},"geometry":{"type":"Polygon","coordinates":[[[126.97875,37.56377],[126.97856,37.56363],[126.97854,37.56375],[126.97875,37.56377]]]}},{"type":"Feature","properties":{"name":"마장 제2주택재개발정비구역","cat":"재개발","gu":"성동구"},"geometry":{"type":"Polygon","coordinates":[[[127.0452,37.56606],[127.04464,37.56547],[127.0445,37.5656],[127.04361,37.56466],[127.04404,37.56439],[127.04353,37.56413],[127.04341,37.56386],[127.04301,37.56381],[127.04304,37.56423],[127.04221,37.56427],[127.04224,37.56507],[127.04447,37.56646],[127.0452,37.56606]]]}},{"type":"Feature","properties":{"name":"수색2-2구역주택재개발사업","cat":"재건축","gu":"은평구"},"geometry":{"type":"Polygon","coordinates":[[[126.90108,37.58575],[126.9006,37.58514],[126.9009,37.58488],[126.90077,37.58471],[126.89974,37.58502],[126.89943,37.58531],[126.90038,37.58603],[126.90108,37.58575]]]}},{"type":"Feature","properties":{"name":"마포로1-21구역도시환경정비사업","cat":"재건축","gu":"마포구"},"geometry":{"type":"Polygon","coordinates":[[[126.95044,37.54394],[126.95022,37.54364],[126.94972,37.54385],[126.95005,37.54411],[126.95044,37.54394]]]}},{"type":"Feature","properties":{"name":"신공덕3구역주택재개발사업","cat":"재개발","gu":"마포구"},"geometry":{"type":"Polygon","coordinates":[[[126.95779,37.54582],[126.95715,37.54468],[126.95625,37.54485],[126.95603,37.54516],[126.9563,37.54537],[126.95614,37.54551],[126.95715,37.54637],[126.95724,37.54606],[126.95779,37.54582]]]}},{"type":"Feature","properties":{"name":"을지로3가 도시환경정비구역","cat":"재개발","gu":"종로구"},"geometry":{"type":"Polygon","coordinates":[[[126.99087,37.56732],[126.99192,37.56734],[126.99197,37.56696],[126.99243,37.56695],[126.99248,37.56657],[126.98838,37.56631],[126.98834,37.56718],[126.98953,37.56723],[126.98948,37.56791],[126.99092,37.56801],[126.99087,37.56732]]]}},{"type":"Feature","properties":{"name":"을지로2가5구역도시환경정비사업","cat":"재건축","gu":"종로구"},"geometry":{"type":"Polygon","coordinates":[[[126.98524,37.56683],[126.9852,37.56708],[126.98454,37.56708],[126.98465,37.56769],[126.98569,37.56793],[126.98568,37.56685],[126.98524,37.56683]]]}},{"type":"Feature","properties":{"name":"동작동58-1번지 일대 주택재건축 정비","cat":"정비예정구역","gu":"동작구"},"geometry":{"type":"Polygon","coordinates":[[[126.97886,37.4959],[126.97932,37.49531],[126.9792,37.49507],[126.97974,37.4947],[126.98121,37.49457],[126.98167,37.49479],[126.98179,37.49508],[126.98246,37.49487],[126.98244,37.49375],[126.98162,37.49385],[126.98035,37.49357],[126.97948,37.49407],[126.97956,37.49428],[126.97936,37.49448],[126.97814,37.49462],[126.97752,37.49492],[126.97823,37.49591],[126.97886,37.4959]]]}},{"type":"Feature","properties":{"name":"6-2-8구역","cat":"재정비촉진지구","gu":"중구"},"geometry":{"type":"Polygon","coordinates":[[[126.9937,37.56348],[126.99356,37.56317],[126.99314,37.56325],[126.9931,37.56351],[126.9937,37.56348]]]}},{"type":"Feature","properties":{"name":"청담삼익아파트 재건축사업","cat":"정비예정구역","gu":"강남구"},"geometry":{"type":"Polygon","coordinates":[[[127.05724,37.522],[127.05822,37.52266],[127.05788,37.52285],[127.05714,37.52219],[127.05707,37.52231],[127.05794,37.52297],[127.05852,37.52253],[127.05924,37.52313],[127.05893,37.52337],[127.05907,37.52349],[127.06069,37.52258],[127.06138,37.52171],[127.05804,37.52054],[127.05724,37.522]],[[127.05822,37.52266],[127.05822,37.52266],[127.05822,37.52266],[127.05822,37.52266]]]}},{"type":"Feature","properties":{"name":"상도2구역주택재개발사업","cat":"재개발","gu":"동작구"},"geometry":{"type":"Polygon","coordinates":[[[126.93607,37.50655],[126.9361,37.50589],[126.93532,37.50585],[126.93552,37.50579],[126.93539,37.50562],[126.93552,37.50545],[126.93521,37.50534],[126.93444,37.50439],[126.93358,37.50407],[126.93343,37.50438],[126.93237,37.50378],[126.93267,37.50407],[126.93276,37.50609],[126.93276,37.50558],[126.93293,37.50554],[126.93297,37.50572],[126.93377,37.50513],[126.93456,37.50571],[126.93484,37.50647],[126.93607,37.50655]]]}},{"type":"Feature","properties":{"name":"목동8단지 재건축 정비사업","cat":"정비예정구역","gu":"양천구"},"geometry":{"type":"Polygon","coordinates":[[[126.86684,37.5202],[126.86649,37.51986],[126.86681,37.52025],[126.86573,37.52244],[126.86844,37.52379],[126.86841,37.52367],[126.86876,37.52362],[126.8688,37.52379],[126.8691,37.52363],[126.86821,37.51963],[126.86764,37.51881],[126.86684,37.5202]]]}},{"type":"Feature","properties":{"name":"구로우성아파트 재건축정비사업","cat":"정비예정구역","gu":"구로구"},"geometry":{"type":"Polygon","coordinates":[[[126.88984,37.50356],[126.8892,37.50318],[126.88829,37.50428],[126.88835,37.50451],[126.88993,37.50533],[126.89036,37.50498],[126.88917,37.50437],[126.88984,37.50356]]]}},{"type":"Feature","properties":{"name":"재건축사업구역","cat":"정비예정구역","gu":"마포구"},"geometry":{"type":"Polygon","coordinates":[[[126.93438,37.55255],[126.93424,37.55249],[126.9348,37.55212],[126.93448,37.55184],[126.93473,37.55153],[126.93459,37.55144],[126.93623,37.55044],[126.9357,37.54996],[126.93349,37.55006],[126.93343,37.55053],[126.9331,37.55051],[126.93322,37.5521],[126.93335,37.55186],[126.93423,37.55284],[126.93438,37.55255]]]}},{"type":"Feature","properties":{"name":"도시환경정비사업구역","cat":"재개발","gu":"중구"},"geometry":{"type":"Polygon","coordinates":[[[126.97426,37.55938],[126.97269,37.55765],[126.97225,37.55766],[126.9717,37.55929],[126.97186,37.55947],[126.9741,37.55962],[126.97426,37.55938]]]}},{"type":"Feature","properties":{"name":"마포로3-4-1구역도시환경정비사업","cat":"재건축","gu":"마포구"},"geometry":{"type":"Polygon","coordinates":[[[126.95669,37.55393],[126.95637,37.55329],[126.9561,37.55337],[126.95653,37.55404],[126.95669,37.55393]]]}},{"type":"Feature","properties":{"name":"옥수4구역주택재개발사업","cat":"재개발","gu":"광진구"},"geometry":{"type":"Polygon","coordinates":[[[127.08841,37.53355],[127.08552,37.53258],[127.08533,37.53284],[127.08463,37.53435],[127.08764,37.53508],[127.08841,37.53355]]]}},{"type":"Feature","properties":{"name":"오금현대아파트 재건축정비구역","cat":"정비예정구역","gu":"송파구"},"geometry":{"type":"Polygon","coordinates":[[[127.12883,37.50638],[127.1262,37.50362],[127.12506,37.50426],[127.12461,37.50488],[127.12463,37.50583],[127.12616,37.50832],[127.12638,37.50838],[127.12777,37.50779],[127.12727,37.50704],[127.12883,37.50638]]]}},{"type":"Feature","properties":{"name":"주거환경개선사업구역","cat":"주거환경개선","gu":"은평구"},"geometry":{"type":"Polygon","coordinates":[[[126.95053,37.60618],[126.95128,37.60569],[126.95143,37.60576],[126.95141,37.6054],[126.95038,37.60512],[126.95004,37.60484],[126.95009,37.60451],[126.94993,37.60437],[126.9488,37.60442],[126.94879,37.60462],[126.94898,37.60445],[126.94935,37.60483],[126.94908,37.60513],[126.94909,37.60551],[126.94939,37.60546],[126.94977,37.6059],[126.95001,37.60582],[126.95053,37.60618]]]}},{"type":"Feature","properties":{"name":"성북구 상월곡동(삼태기마을) 주거환","cat":"주거환경개선","gu":"성북구"},"geometry":{"type":"Polygon","coordinates":[[[127.04969,37.6061],[127.04973,37.60582],[127.05152,37.6053],[127.05061,37.6047],[127.05041,37.60425],[127.05012,37.6042],[127.04914,37.6051],[127.04913,37.6057],[127.04894,37.606],[127.0484,37.60581],[127.04825,37.60595],[127.05077,37.6074],[127.05099,37.60719],[127.04969,37.6061]]]}},{"type":"Feature","properties":{"name":"재건축사업구역","cat":"정비예정구역","gu":"금천구"},"geometry":{"type":"Polygon","coordinates":[[[126.9111,37.47148],[126.91209,37.47146],[126.912,37.47105],[126.91234,37.47066],[126.91149,37.47077],[126.91122,37.46961],[126.91095,37.46976],[126.91076,37.47022],[126.91078,37.47088],[126.9111,37.47148]]]}},{"type":"Feature","properties":{"name":"세운재정비촉진지구37구역도시환경정","cat":"재건축","gu":"중구"},"geometry":{"type":"Polygon","coordinates":[[[126.99652,37.56253],[126.99637,37.56283],[126.9971,37.5629],[126.99712,37.56268],[126.99652,37.56253]]]}},{"type":"Feature","properties":{"name":"가재울3주택재개발사업","cat":"재개발","gu":"서대문구"},"geometry":{"type":"Polygon","coordinates":[[[126.90989,37.57783],[126.91257,37.57574],[126.91423,37.57532],[126.91318,37.57406],[126.91315,37.57346],[126.91341,37.57288],[126.9122,37.57271],[126.91188,37.57253],[126.91195,37.57227],[126.91178,37.57218],[126.91162,37.57233],[126.91134,37.57212],[126.91263,37.57091],[126.91291,37.57105],[126.91291,37.57129],[126.91373,37.5715],[126.91297,37.57046],[126.90844,37.57256],[126.90887,37.57312],[126.90855,37.57321],[126.90836,37.57302],[126.90818,37.57317],[126.90783,37.57291],[126.90629,37.57428],[126.90742,37.57545],[126.90762,37.5753],[126.90752,37.5752],[126.90791,37.5751],[126.90916,37.57512],[126.90988,37.57585],[126.91047,37.57554],[126.91067,37.57619],[126.90974,37.57681],[126.90891,37.57643],[126.90856,37.57654],[126.90912,37.57708],[126.90928,37.57698],[126.90945,37.57712],[126.90934,37.57729],[126.90989,37.57783]]]}},{"type":"Feature","properties":{"name":"2구역","cat":"재개발","gu":"용산구"},"geometry":{"type":"Polygon","coordinates":[[[126.96519,37.52779],[126.96585,37.52739],[126.96501,37.52662],[126.96446,37.52702],[126.96519,37.52779]]]}},{"type":"Feature","properties":{"name":"3구역","cat":"재개발","gu":"용산구"},"geometry":{"type":"Polygon","coordinates":[[[126.96783,37.52946],[126.96679,37.52837],[126.96613,37.52877],[126.96732,37.52987],[126.96783,37.52946]]]}},{"type":"Feature","properties":{"name":"흑석8 주택재개발사업","cat":"재개발","gu":"동작구"},"geometry":{"type":"Polygon","coordinates":[[[126.96096,37.5059],[126.96117,37.50584],[126.96092,37.50497],[126.96093,37.50395],[126.95993,37.50395],[126.95933,37.50331],[126.95918,37.5035],[126.95847,37.5035],[126.95862,37.50405],[126.95847,37.50421],[126.95943,37.50604],[126.95974,37.50631],[126.95933,37.50517],[126.95995,37.5049],[126.96029,37.50489],[126.96096,37.5059]]]}},{"type":"Feature","properties":{"name":"거여3구역주택재개발사업","cat":"재개발","gu":"송파구"},"geometry":{"type":"Polygon","coordinates":[[[127.1406,37.49483],[127.14543,37.49225],[127.14516,37.49166],[127.14388,37.49229],[127.14362,37.49233],[127.14342,37.49202],[127.1433,37.49253],[127.14251,37.49294],[127.14208,37.4929],[127.14164,37.49334],[127.14132,37.49339],[127.14145,37.49402],[127.14127,37.49419],[127.14067,37.494],[127.14079,37.49426],[127.14062,37.49429],[127.1406,37.49483]]]}},{"type":"Feature","properties":{"name":"세운재정비촉진지구38구역도시환경정","cat":"재건축","gu":"중구"},"geometry":{"type":"Polygon","coordinates":[[[126.99744,37.56218],[126.99644,37.56206],[126.99642,37.5624],[126.99726,37.56258],[126.99744,37.56218]]]}},{"type":"Feature","properties":{"name":"봉래구역 제2지구","cat":"재건축","gu":"중구"},"geometry":{"type":"Polygon","coordinates":[[[126.97178,37.55898],[126.97262,37.55915],[126.97243,37.55946],[126.97281,37.55911],[126.97284,37.55882],[126.9719,37.55857],[126.97178,37.55898]]]}},{"type":"Feature","properties":{"name":"신림1재정비촉진구역","cat":"재개발","gu":"관악구"},"geometry":{"type":"Polygon","coordinates":[[[126.93376,37.47135],[126.93137,37.46685],[126.93088,37.46662],[126.93004,37.46692],[126.92916,37.46681],[126.9293,37.46832],[126.92897,37.4684],[126.92855,37.46818],[126.92814,37.4683],[126.92801,37.46848],[126.92837,37.46885],[126.92797,37.46909],[126.92837,37.46935],[126.92835,37.46968],[126.92771,37.46982],[126.92837,37.46987],[126.92866,37.47013],[126.92789,37.47046],[126.92802,37.47071],[126.92769,37.4707],[126.92747,37.47089],[126.92921,37.47086],[126.92941,37.4714],[126.92981,37.47176],[126.92981,37.47242],[126.92966,37.47244],[126.93008,37.47272],[126.93141,37.47148],[126.93263,37.47179],[126.93276,37.47205],[126.9319,37.47322],[126.9309,37.47356],[126.93079,37.474],[126.93094,37.47435],[126.93071,37.47445],[126.93072,37.47467],[126.93098,37.47478],[126.93197,37.47452],[126.93214,37.47382],[126.93278,37.47419],[126.93295,37.47404],[126.93283,37.47274],[126.93376,37.47135]]]}},{"type":"Feature","properties":{"name":"유원성산아파트주택재건축사업","cat":"정비예정구역","gu":"서대문구"},"geometry":{"type":"Polygon","coordinates":[[[126.91458,37.56828],[126.91557,37.56775],[126.91382,37.56687],[126.91347,37.56753],[126.91379,37.56741],[126.91458,37.56828]]]}},{"type":"Feature","properties":{"name":"소공4구역도시환경정비사업","cat":"재개발","gu":"중구"},"geometry":{"type":"Polygon","coordinates":[[[126.98184,37.5636],[126.98116,37.56228],[126.98062,37.56278],[126.98087,37.56357],[126.98024,37.56359],[126.98005,37.56342],[126.97976,37.56374],[126.98065,37.56396],[126.98184,37.5636]]]}},{"type":"Feature","properties":{"name":"세종로도시환경정비사업","cat":"재개발","gu":"종로구"},"geometry":{"type":"Polygon","coordinates":[[[126.97499,37.57155],[126.97637,37.57155],[126.97641,37.57043],[126.97506,37.5705],[126.97499,37.57155]]]}},{"type":"Feature","properties":{"name":"마포로1-53도시환경정비지구","cat":"재건축","gu":"마포구"},"geometry":{"type":"Polygon","coordinates":[[[126.95292,37.54291],[126.9541,37.54235],[126.95382,37.54193],[126.95262,37.54247],[126.95292,37.54291]]]}},{"type":"Feature","properties":{"name":"순화 도시정비형 재개발구역","cat":"재개발","gu":"중구"},"geometry":{"type":"Polygon","coordinates":[[[126.97002,37.56275],[126.96964,37.56404],[126.97086,37.56433],[126.97106,37.56365],[126.97159,37.56363],[126.9712,37.56321],[126.97061,37.56326],[126.97033,37.56282],[126.97002,37.56275]]]}},{"type":"Feature","properties":{"name":"순화구역 1-2지구","cat":"재건축","gu":"중구"},"geometry":{"type":"Polygon","coordinates":[[[126.97002,37.56275],[126.96988,37.56325],[126.97037,37.56311],[126.97033,37.56282],[126.97002,37.56275]]]}},{"type":"Feature","properties":{"name":"미아제11 주택정비형 재개발정비사업","cat":"재개발","gu":"강북구"},"geometry":{"type":"Polygon","coordinates":[[[127.01895,37.62839],[127.0195,37.62855],[127.0193,37.62901],[127.01971,37.62916],[127.01966,37.6297],[127.02161,37.63014],[127.02194,37.62973],[127.02037,37.62889],[127.02081,37.62786],[127.02075,37.62762],[127.01978,37.62744],[127.0194,37.62768],[127.01895,37.62839]]]}},{"type":"Feature","properties":{"name":"성동구 옥수 제13주택재개발구역 정비","cat":"재개발","gu":"중구"},"geometry":{"type":"Polygon","coordinates":[[[127.01535,37.55084],[127.015,37.55036],[127.01528,37.55002],[127.01506,37.54982],[127.01516,37.54961],[127.01488,37.54905],[127.01539,37.54815],[127.01488,37.54746],[127.01529,37.54675],[127.01526,37.54642],[127.01453,37.54689],[127.01415,37.54691],[127.01307,37.54633],[127.01206,37.54563],[127.01205,37.54546],[127.01072,37.54579],[127.0107,37.54717],[127.01128,37.54776],[127.01217,37.54766],[127.01258,37.54863],[127.01242,37.54933],[127.01317,37.54952],[127.0143,37.55038],[127.01535,37.55084]]]}},{"type":"Feature","properties":{"name":"세운재정비촉진지구26구역도시환경정","cat":"재건축","gu":"중구"},"geometry":{"type":"Polygon","coordinates":[[[126.99633,37.56492],[126.99631,37.56434],[126.99622,37.56434],[126.99616,37.56491],[126.99633,37.56492]]]}},{"type":"Feature","properties":{"name":"봉천 제12주택재개발구역","cat":"재개발","gu":"관악구"},"geometry":{"type":"MultiPolygon","coordinates":[[[[126.94445,37.47938],[126.94408,37.4769],[126.94408,37.4769],[126.94445,37.47938],[126.94425,37.4794],[126.94445,37.47938]]],[[[126.94423,37.47925],[126.94408,37.47927],[126.94406,37.47942],[126.94409,37.47927],[126.94423,37.47925]]],[[[126.94404,37.47927],[126.94376,37.4793],[126.94374,37.47945],[126.94376,37.4793],[126.94404,37.47927]]],[[[126.94371,37.4793],[126.94343,37.47933],[126.94341,37.47948],[126.94343,37.47933],[126.94371,37.4793]]],[[[126.94346,37.47526],[126.94324,37.47506],[126.94346,37.47525],[126.94347,37.47585],[126.94361,37.47662],[126.9437,37.47693],[126.94347,37.47585],[126.94354,37.47576],[126.94346,37.47526]]],[[[126.94339,37.47934],[126.94311,37.47936],[126.94309,37.47951],[126.94311,37.47936],[126.94339,37.47934]]],[[[126.94267,37.47707],[126.94267,37.47707],[126.94172,37.47717],[126.94267,37.47707]]],[[[126.94245,37.47914],[126.94259,37.47913],[126.94244,37.47914],[126.94245,37.47914]]],[[[126.94238,37.47908],[126.94054,37.47802],[126.94227,37.47906],[126.94238,37.47908]]],[[[126.94208,37.47599],[126.94198,37.47596],[126.94198,37.47596],[126.94208,37.47599]]],[[[126.94179,37.4788],[126.94179,37.4788],[126.94178,37.4788],[126.94179,37.4788]]],[[[126.94156,37.47895],[126.94154,37.47894],[126.94156,37.47895],[126.94156,37.47895]]],[[[126.94126,37.47702],[126.9413,37.47697],[126.94126,37.47701],[126.94126,37.47702]]],[[[126.94094,37.47669],[126.94115,37.47652],[126.9409,37.47672],[126.94094,37.47669]]],[[[126.94068,37.47704],[126.94086,37.47685],[126.94068,37.47704],[126.94104,37.47725],[126.94098,37.47732],[126.94112,37.4774],[126.94056,37.47799],[126.94112,37.4774],[126.94104,37.47725],[126.94068,37.47704]]],[[[126.93994,37.4777],[126.94088,37.47673],[126.94084,37.47673],[126.93994,37.4777]]],[[[126.94042,37.47791],[126.94042,37.47791],[126.94036,37.47798],[126.94042,37.47791]]],[[[126.94037,37.47802],[126.94037,37.47802],[126.94007,37.47834],[126.94037,37.47802]]],[[[126.94035,37.47795],[126.9403,37.47792],[126.94035,37.47795],[126.94035,37.47795]]],[[[126.94018,37.47836],[126.94018,37.47835],[126.94018,37.47836],[126.94018,37.47836]]]]}},{"type":"Feature","properties":{"name":"소공3구역도시환경정비사업","cat":"재건축","gu":"중구"},"geometry":{"type":"Polygon","coordinates":[[[126.97904,37.564],[126.97793,37.56394],[126.97815,37.56436],[126.97863,37.56445],[126.97904,37.564]]]}},{"type":"Feature","properties":{"name":"서울역~서대문1-1구역도시환경정비사","cat":"재건축","gu":"종로구"},"geometry":{"type":"Polygon","coordinates":[[[126.9675,37.56531],[126.96732,37.56557],[126.9674,37.56628],[126.96803,37.5657],[126.9675,37.56531]]]}},{"type":"Feature","properties":{"name":"구로2-1구역주거환경개선사업","cat":"주거환경개선","gu":"구로구"},"geometry":{"type":"Polygon","coordinates":[[[126.88291,37.4878],[126.88459,37.48779],[126.88457,37.48728],[126.8829,37.4873],[126.88291,37.4878]]]}},{"type":"Feature","properties":{"name":"흑석1-1구역주택재개발사업","cat":"재건축","gu":"동작구"},"geometry":{"type":"Polygon","coordinates":[[[126.96608,37.50893],[126.9683,37.50824],[126.96768,37.50669],[126.96631,37.50719],[126.96642,37.50729],[126.96578,37.5077],[126.96585,37.50798],[126.96523,37.50817],[126.96589,37.50828],[126.96608,37.50893]]]}},{"type":"Feature","properties":{"name":"공덕1-2구역주거환경개선사업","cat":"주거환경개선","gu":"마포구"},"geometry":{"type":"Polygon","coordinates":[[[126.96141,37.54964],[126.96305,37.54927],[126.9631,37.54883],[126.96209,37.54887],[126.96134,37.54866],[126.96129,37.5485],[126.96066,37.54871],[126.9595,37.54843],[126.96043,37.54955],[126.96141,37.54964]]]}},{"type":"Feature","properties":{"name":"신길2-2구역주택재개발사업","cat":"재건축","gu":"영등포구"},"geometry":{"type":"MultiPolygon","coordinates":[[[[126.91467,37.50466],[126.91468,37.50461],[126.91459,37.50464],[126.91467,37.50466]]],[[[126.91292,37.50544],[126.91426,37.50491],[126.9143,37.50471],[126.91267,37.50522],[126.91253,37.50501],[126.91093,37.50534],[126.91129,37.50606],[126.91252,37.50588],[126.9131,37.50562],[126.91292,37.50544]]]]}},{"type":"Feature","properties":{"name":"서린구역 제3·4·5지구 도시정비형 재개발사업","cat":"재건축","gu":"종로구"},"geometry":{"type":"Polygon","coordinates":[[[126.97985,37.57],[126.97979,37.56932],[126.97949,37.56935],[126.97941,37.56996],[126.97985,37.57]]]}},{"type":"Feature","properties":{"name":"봉천3구역주택재개발사업","cat":"재개발","gu":"관악구"},"geometry":{"type":"MultiPolygon","coordinates":[[[[126.94752,37.49369],[126.94877,37.49379],[126.94881,37.49349],[126.94879,37.49386],[126.94898,37.49313],[126.94881,37.49348],[126.9488,37.49311],[126.94994,37.49255],[126.95168,37.49215],[126.9537,37.49061],[126.95363,37.48976],[126.95205,37.48769],[126.95059,37.4878],[126.94979,37.48727],[126.94931,37.48757],[126.94986,37.4884],[126.94792,37.48947],[126.94793,37.49056],[126.94752,37.49069],[126.94757,37.49125],[126.9471,37.49138],[126.94641,37.49287],[126.94597,37.49288],[126.94573,37.49342],[126.94614,37.49348],[126.94696,37.49405],[126.94752,37.49369]]],[[[126.95332,37.49121],[126.95327,37.49101],[126.95313,37.49112],[126.95332,37.49121]]],[[[126.95302,37.49142],[126.95297,37.49125],[126.95281,37.49149],[126.95285,37.49148],[126.95302,37.49142]]]]}},{"type":"Feature","properties":{"name":"5구역","cat":"재개발","gu":"용산구"},"geometry":{"type":"MultiPolygon","coordinates":[[[[126.96689,37.52758],[126.96714,37.52758],[126.96671,37.52713],[126.96642,37.52735],[126.96683,37.52777],[126.96689,37.52758]]],[[[126.96627,37.52583],[126.96544,37.52632],[126.96596,37.52686],[126.96615,37.52668],[126.96627,37.52583]]]]}},{"type":"Feature","properties":{"name":"대흥.성원.동진빌라 주택재건축 정비","cat":"정비예정구역","gu":"구로구"},"geometry":{"type":"Polygon","coordinates":[[[126.82344,37.49146],[126.82285,37.49086],[126.82374,37.49029],[126.82441,37.4907],[126.82473,37.49149],[126.82497,37.49118],[126.82536,37.49126],[126.82573,37.49084],[126.82545,37.4906],[126.8254,37.49025],[126.82473,37.48987],[126.82488,37.48973],[126.824,37.48909],[126.82305,37.48874],[126.82305,37.48929],[126.82276,37.48998],[126.82093,37.49058],[126.82173,37.49135],[126.82344,37.49146]]]}},{"type":"Feature","properties":{"name":"주택재개발사업구역","cat":"재개발","gu":"서대문구"},"geometry":{"type":"Polygon","coordinates":[[[126.94764,37.59914],[126.94729,37.59973],[126.94611,37.60038],[126.94585,37.60029],[126.94552,37.6005],[126.9455,37.60103],[126.94496,37.60147],[126.94593,37.6017],[126.9465,37.60144],[126.94691,37.60174],[126.94741,37.60146],[126.94853,37.60138],[126.94859,37.60098],[126.94806,37.59944],[126.94764,37.59914]]]}},{"type":"Feature","properties":{"name":"신당제6주택재개발정비구역","cat":"재개발","gu":"중구"},"geometry":{"type":"Polygon","coordinates":[[[127.02323,37.56297],[127.02391,37.56299],[127.02412,37.56185],[127.02394,37.56136],[127.02342,37.56078],[127.02302,37.56069],[127.02142,37.56102],[127.02071,37.56036],[127.01986,37.56068],[127.02062,37.56091],[127.0204,37.56113],[127.02075,37.56144],[127.0206,37.5617],[127.02202,37.56217],[127.02251,37.56192],[127.02323,37.56219],[127.02323,37.56297]]]}},{"type":"Feature","properties":{"name":"도시환경정비사업구역","cat":"재개발","gu":"영등포구"},"geometry":{"type":"Polygon","coordinates":[[[126.90604,37.52446],[126.90587,37.52259],[126.90543,37.52266],[126.90531,37.52293],[126.90544,37.52405],[126.90593,37.52401],[126.90604,37.52446]]]}},{"type":"Feature","properties":{"name":"마포로1-55구역도시환경정비사업","cat":"재건축","gu":"마포구"},"geometry":{"type":"Polygon","coordinates":[[[126.94853,37.54442],[126.94788,37.54467],[126.94812,37.54502],[126.94875,37.54474],[126.94853,37.54442]]]}},{"type":"Feature","properties":{"name":"종암3구역주택재개발사업","cat":"재개발","gu":"성북구"},"geometry":{"type":"Polygon","coordinates":[[[127.03331,37.59768],[127.03305,37.59721],[127.03269,37.59728],[127.03254,37.59663],[127.0335,37.59595],[127.03238,37.59554],[127.03179,37.59569],[127.03133,37.59647],[127.03088,37.59679],[127.02983,37.59704],[127.0297,37.59775],[127.0301,37.59757],[127.03021,37.59793],[127.03192,37.59783],[127.03257,37.59732],[127.03281,37.59738],[127.03297,37.59789],[127.03316,37.59796],[127.03331,37.59768]]]}},{"type":"Feature","properties":{"name":"신월곡1 재정비촉진구역","cat":"재개발","gu":"성북구"},"geometry":{"type":"Polygon","coordinates":[[[127.02921,37.60672],[127.02963,37.60672],[127.02963,37.60621],[127.03054,37.60621],[127.03052,37.60437],[127.02906,37.60479],[127.02786,37.6049],[127.02684,37.6046],[127.02598,37.60385],[127.02557,37.60407],[127.02595,37.60466],[127.02684,37.60539],[127.02739,37.60503],[127.02759,37.60519],[127.02778,37.60551],[127.02731,37.60579],[127.0278,37.60622],[127.02921,37.60621],[127.02921,37.60672]]]}},{"type":"Feature","properties":{"name":"장위6구역","cat":"재개발","gu":"노원구"},"geometry":{"type":"Polygon","coordinates":[[[127.06078,37.61545],[127.06345,37.61503],[127.06324,37.61445],[127.06157,37.61355],[127.06049,37.61403],[127.05975,37.61362],[127.05641,37.61685],[127.05637,37.61724],[127.05682,37.61776],[127.05688,37.61754],[127.05699,37.6177],[127.05786,37.617],[127.06078,37.61545]]]}},{"type":"Feature","properties":{"name":"방학신동아1단지아파트 재건축 정비구역","cat":"정비예정구역","gu":"도봉구"},"geometry":{"type":"MultiPolygon","coordinates":[[[[127.03194,37.66051],[127.03009,37.65984],[127.03144,37.6597],[127.03309,37.66014],[127.03183,37.65944],[127.03009,37.65959],[127.02819,37.65908],[127.02819,37.65931],[127.02785,37.6593],[127.0278,37.65992],[127.02799,37.65997],[127.02777,37.66025],[127.02768,37.66157],[127.03102,37.66199],[127.03121,37.66164],[127.03116,37.66099],[127.03194,37.66051]]],[[[127.02676,37.66157],[127.02682,37.66122],[127.02753,37.66129],[127.0276,37.66028],[127.02721,37.66026],[127.02727,37.6599],[127.02762,37.65999],[127.02772,37.65887],[127.02704,37.65856],[127.02706,37.65842],[127.02473,37.65975],[127.02445,37.66019],[127.02599,37.6604],[127.02581,37.66146],[127.02676,37.66157]]]]}},{"type":"Feature","properties":{"name":"천호4 재정비촉진구역","cat":"재개발","gu":"강동구"},"geometry":{"type":"Polygon","coordinates":[[[127.12851,37.53992],[127.1297,37.53926],[127.12915,37.53836],[127.12823,37.5385],[127.12887,37.53847],[127.12826,37.53858],[127.12776,37.53891],[127.12792,37.53893],[127.12828,37.53983],[127.12851,37.53992]]]}},{"type":"Feature","properties":{"name":"천호·성내 재정비촉진지구","cat":"재정비촉진지구","gu":"강동구"},"geometry":{"type":"Polygon","coordinates":[[[127.12817,37.54008],[127.13142,37.53836],[127.13059,37.53668],[127.12896,37.53717],[127.12838,37.53577],[127.12497,37.53637],[127.12288,37.53643],[127.12382,37.53909],[127.12394,37.53987],[127.12454,37.54115],[127.12745,37.54037],[127.12779,37.54007],[127.12817,37.54008]]]}},{"type":"Feature","properties":{"name":"불광주거환경개선사업","cat":"주거환경개선","gu":"은평구"},"geometry":{"type":"Polygon","coordinates":[[[126.93989,37.61325],[126.93978,37.61229],[126.94032,37.61205],[126.94064,37.61217],[126.94072,37.612],[126.94108,37.61206],[126.94112,37.61242],[126.94135,37.61227],[126.94188,37.61233],[126.94153,37.61176],[126.94214,37.61189],[126.94255,37.61129],[126.94241,37.61088],[126.9422,37.61084],[126.94201,37.61114],[126.94117,37.61103],[126.94103,37.61154],[126.93926,37.61188],[126.93977,37.61278],[126.93959,37.61288],[126.93931,37.61249],[126.93904,37.61257],[126.93957,37.61294],[126.93972,37.61288],[126.93973,37.61342],[126.93989,37.61325]]]}},{"type":"Feature","properties":{"name":"옥수5구역주택재개발사업","cat":"재개발","gu":"중구"},"geometry":{"type":"MultiPolygon","coordinates":[[[[127.01205,37.53952],[127.0123,37.53948],[127.01231,37.53973],[127.01314,37.5396],[127.01345,37.53881],[127.01275,37.53857],[127.01231,37.53878],[127.01175,37.53973],[127.0119,37.53982],[127.01205,37.53952]]],[[[127.01047,37.54215],[127.01108,37.54164],[127.01098,37.54139],[127.01015,37.54115],[127.01001,37.54138],[127.00974,37.54127],[127.00949,37.54143],[127.0096,37.54096],[127.01016,37.54103],[127.00955,37.54059],[127.01058,37.53954],[127.01101,37.53973],[127.01175,37.53911],[127.01148,37.53903],[127.00995,37.53939],[127.00985,37.53985],[127.00959,37.53987],[127.00945,37.54021],[127.00981,37.53993],[127.00955,37.54045],[127.00934,37.54044],[127.00919,37.54203],[127.00883,37.54201],[127.00918,37.54213],[127.00893,37.54448],[127.00974,37.54278],[127.01025,37.54258],[127.01047,37.54215]]]]}},{"type":"Feature","properties":{"name":"신반포3차· 경남아파트 주택재건축","cat":"정비예정구역","gu":"서초구"},"geometry":{"type":"Polygon","coordinates":[[[126.99865,37.50968],[127.0009,37.50514],[126.99792,37.50417],[126.99479,37.50868],[126.99498,37.50878],[126.99536,37.50823],[126.99865,37.50968]]]}},{"type":"Feature","properties":{"name":"염창1주택재건축정비구역","cat":"정비예정구역","gu":"강서구"},"geometry":{"type":"Polygon","coordinates":[[[126.87194,37.54938],[126.87046,37.54805],[126.86962,37.54855],[126.87025,37.54915],[126.87031,37.5498],[126.87055,37.55007],[126.87194,37.54938]]]}},{"type":"Feature","properties":{"name":"공릉동(돗가비마을) 관리형 주거환경","cat":"주거환경개선","gu":"노원구"},"geometry":{"type":"Polygon","coordinates":[[[127.07775,37.62291],[127.07633,37.62263],[127.07583,37.62428],[127.07552,37.62603],[127.07677,37.62654],[127.07747,37.62481],[127.07775,37.62291]]]}},{"type":"Feature","properties":{"name":"공릉동(돗가비마을) 관리형 주거환경","cat":"주거환경개선","gu":"노원구"},"geometry":{"type":"Polygon","coordinates":[[[127.07775,37.62291],[127.07633,37.62263],[127.07583,37.62428],[127.07552,37.62603],[127.07677,37.62654],[127.07747,37.62481],[127.07775,37.62291]]]}},{"type":"Feature","properties":{"name":"연건주거환경개선사업","cat":"주거환경개선","gu":"종로구"},"geometry":{"type":"Polygon","coordinates":[[[127.00167,37.57951],[127.0018,37.57951],[127.00167,37.57898],[127.00196,37.57891],[127.00199,37.57796],[127.00112,37.57805],[127.0002,37.57887],[127.00121,37.57949],[127.0017,37.57971],[127.00181,37.57971],[127.00167,37.57951]]]}},{"type":"Feature","properties":{"name":"성북1구역 주택정비형 공공재개발사업","cat":"재개발","gu":"성북구"},"geometry":{"type":"Polygon","coordinates":[[[127.00653,37.59075],[127.0064,37.59014],[127.00622,37.59036],[127.00601,37.59018],[127.00533,37.59035],[127.00493,37.58988],[127.00409,37.59067],[127.00423,37.59083],[127.00379,37.59159],[127.00348,37.59185],[127.00335,37.59173],[127.00286,37.59243],[127.00265,37.5928],[127.00282,37.59324],[127.00329,37.5935],[127.00406,37.59334],[127.00458,37.5942],[127.0052,37.59441],[127.0059,37.59381],[127.00586,37.59349],[127.00628,37.59249],[127.00677,37.59281],[127.00699,37.59256],[127.00651,37.59215],[127.00717,37.59181],[127.00698,37.59126],[127.00653,37.59075]]]}},{"type":"Feature","properties":{"name":"효창2-1구역주택재개발사업","cat":"재건축","gu":"마포구"},"geometry":{"type":"Polygon","coordinates":[[[126.95749,37.54071],[126.95669,37.54044],[126.95652,37.5407],[126.95683,37.54109],[126.95749,37.54071]]]}},{"type":"Feature","properties":{"name":"양평1-1구역주거환경개선사업","cat":"주거환경개선","gu":"양천구"},"geometry":{"type":"Polygon","coordinates":[[[126.88385,37.52405],[126.88367,37.52338],[126.88323,37.52345],[126.88339,37.52413],[126.88385,37.52405]]]}},{"type":"Feature","properties":{"name":"중계4-2구역주택재개발사업","cat":"재건축","gu":"노원구"},"geometry":{"type":"Polygon","coordinates":[[[127.072,37.65224],[127.07121,37.65265],[127.07218,37.65423],[127.07235,37.65519],[127.07328,37.65494],[127.07344,37.65506],[127.0727,37.65299],[127.07301,37.65265],[127.07244,37.65224],[127.072,37.65224]]]}},{"type":"Feature","properties":{"name":"봉천 제4-1-2구역 주택재개발정비사업","cat":"재개발","gu":"동작구"},"geometry":{"type":"Polygon","coordinates":[[[126.94673,37.49204],[126.94698,37.4914],[126.94757,37.49125],[126.94752,37.49069],[126.94792,37.49059],[126.94798,37.48984],[126.94612,37.49003],[126.94601,37.48977],[126.94622,37.48917],[126.94411,37.49184],[126.9452,37.4919],[126.94482,37.49175],[126.94494,37.49172],[126.94637,37.4922],[126.94673,37.49204]]]}},{"type":"Feature","properties":{"name":"도시환경정비사업구역","cat":"재개발","gu":"마포구"},"geometry":{"type":"MultiPolygon","coordinates":[[[[126.95178,37.54463],[126.95201,37.54463],[126.95183,37.54439],[126.95166,37.54447],[126.95178,37.54463]],[[126.95178,37.54462],[126.95178,37.54461],[126.95189,37.54457],[126.95178,37.54462]]],[[[126.94982,37.54155],[126.94979,37.54168],[126.94988,37.5416],[126.94982,37.54155]]],[[[126.94613,37.53895],[126.94542,37.53842],[126.94516,37.53871],[126.94572,37.53908],[126.94613,37.53895]]]]}},{"type":"Feature","properties":{"name":"동소문제2 주택재개발정비사업","cat":"재개발","gu":"성북구"},"geometry":{"type":"Polygon","coordinates":[[[127.01002,37.58911],[127.00802,37.58783],[127.0076,37.58784],[127.00672,37.58837],[127.00676,37.58855],[127.00694,37.58838],[127.00958,37.58954],[127.01002,37.58911]]]}},{"type":"Feature","properties":{"name":"마포로5-6-1구역도시환경정비사업","cat":"재건축","gu":"서대문구"},"geometry":{"type":"Polygon","coordinates":[[[126.96546,37.56047],[126.96461,37.55999],[126.96442,37.56022],[126.96523,37.56071],[126.96546,37.56047]]]}},{"type":"Feature","properties":{"name":"양동8구역도시환경정비사업","cat":"재건축","gu":"중구"},"geometry":{"type":"Polygon","coordinates":[[[126.97478,37.55661],[126.97506,37.55615],[126.97439,37.55584],[126.97386,37.55629],[126.97478,37.55661]]]}},{"type":"Feature","properties":{"name":"서소문7구역도시환경정비사업","cat":"재건축","gu":"중구"},"geometry":{"type":"Polygon","coordinates":[[[126.97444,37.56254],[126.97379,37.56244],[126.97373,37.56277],[126.97421,37.56287],[126.97444,37.56254]]]}},{"type":"Feature","properties":{"name":"구로구개봉동 주거환경관리사업","cat":"주거환경개선","gu":"구로구"},"geometry":{"type":"Polygon","coordinates":[[[126.85277,37.4899],[126.85297,37.48788],[126.85135,37.4879],[126.85072,37.48819],[126.8507,37.48844],[126.85141,37.48839],[126.85132,37.48938],[126.85156,37.48953],[126.85085,37.4898],[126.85277,37.4899]]]}},{"type":"Feature","properties":{"name":"남대문8구역도시환경정비사업","cat":"재건축","gu":"중구"},"geometry":{"type":"Polygon","coordinates":[[[126.97924,37.56048],[126.97918,37.55988],[126.97872,37.55996],[126.97881,37.5604],[126.97924,37.56048]]]}},{"type":"Feature","properties":{"name":"성산동 165 주택재건축 정비예정구역","cat":"정비예정구역","gu":"마포구"},"geometry":{"type":"Polygon","coordinates":[[[126.9061,37.5687],[126.90776,37.56804],[126.90703,37.56701],[126.9055,37.56822],[126.9061,37.5687]]]}},{"type":"Feature","properties":{"name":"북창24구역도시환경정비사업","cat":"재건축","gu":"중구"},"geometry":{"type":"Polygon","coordinates":[[[126.97786,37.56164],[126.97784,37.56183],[126.97824,37.56187],[126.97822,37.56168],[126.97786,37.56164]]]}},{"type":"Feature","properties":{"name":"행당5구역주택재개발사업","cat":"재개발","gu":"성동구"},"geometry":{"type":"Polygon","coordinates":[[[127.03356,37.55629],[127.03405,37.55596],[127.03387,37.55554],[127.03314,37.55495],[127.03168,37.55447],[127.03133,37.55404],[127.03101,37.55469],[127.03149,37.55504],[127.03186,37.55573],[127.03232,37.55577],[127.0324,37.55606],[127.03292,37.55604],[127.03356,37.55629]]]}},{"type":"Feature","properties":{"name":"까치산공원 주택재건축 정비구역","cat":"정비예정구역","gu":"관악구"},"geometry":{"type":"Polygon","coordinates":[[[126.96107,37.48367],[126.96183,37.48295],[126.96204,37.48246],[126.9628,37.48195],[126.96238,37.48165],[126.95983,37.48323],[126.96005,37.48318],[126.96107,37.48367]]]}},{"type":"Feature","properties":{"name":"창신2도시정비형 재개발구역","cat":"재개발","gu":"종로구"},"geometry":{"type":"Polygon","coordinates":[[[127.01381,37.57231],[127.01403,37.57124],[127.01356,37.57126],[127.01361,37.57075],[127.01254,37.57074],[127.01238,37.57189],[127.01381,37.57231]]]}},{"type":"Feature","properties":{"name":"구로구 고척동 산업인아파트 주택재","cat":"정비예정구역","gu":"양천구"},"geometry":{"type":"Polygon","coordinates":[[[126.86751,37.50509],[126.86742,37.50463],[126.86714,37.50472],[126.86713,37.50453],[126.86762,37.50412],[126.86708,37.50372],[126.86704,37.50384],[126.86631,37.50368],[126.86603,37.50451],[126.86655,37.50519],[126.8669,37.50529],[126.86751,37.50509]]]}},{"type":"Feature","properties":{"name":"봉천 제14 주택재개발정비구역","cat":"재개발","gu":"동작구"},"geometry":{"type":"Polygon","coordinates":[[[126.95879,37.48849],[126.95823,37.48819],[126.95799,37.48892],[126.95678,37.49071],[126.95954,37.49204],[126.96039,37.49133],[126.96024,37.49115],[126.96032,37.49044],[126.95984,37.49027],[126.95967,37.48945],[126.95988,37.48889],[126.95997,37.48813],[126.95981,37.48823],[126.95977,37.48897],[126.95926,37.48902],[126.95925,37.48884],[126.9588,37.48877],[126.95879,37.48849]]]}},{"type":"Feature","properties":{"name":"장교도시환경정비사업","cat":"재개발","gu":"종로구"},"geometry":{"type":"Polygon","coordinates":[[[126.98942,37.56791],[126.98953,37.56723],[126.98834,37.56718],[126.98838,37.56631],[126.98777,37.56637],[126.98784,37.56779],[126.98942,37.56791]]]}},{"type":"Feature","properties":{"name":"신림2-1구역주택재개발사업","cat":"재건축","gu":"관악구"},"geometry":{"type":"Polygon","coordinates":[[[126.92678,37.46484],[126.92721,37.46454],[126.9281,37.462],[126.92743,37.46181],[126.9273,37.46147],[126.92707,37.46154],[126.92619,37.46086],[126.92526,37.46127],[126.92449,37.46311],[126.92573,37.46445],[126.92587,37.46427],[126.92678,37.46484]]]}},{"type":"Feature","properties":{"name":"용강주택재개발사업","cat":"재개발","gu":"마포구"},"geometry":{"type":"Polygon","coordinates":[[[126.94144,37.54417],[126.94287,37.54318],[126.94285,37.54305],[126.942,37.54295],[126.94203,37.54335],[126.9417,37.54318],[126.94172,37.54295],[126.94049,37.54278],[126.94027,37.54328],[126.93997,37.54339],[126.94007,37.54383],[126.94076,37.54382],[126.94095,37.5442],[126.94144,37.54417]]]}},{"type":"Feature","properties":{"name":"무지개아파트 일대 주택재건축 정비","cat":"정비예정구역","gu":"금천구"},"geometry":{"type":"Polygon","coordinates":[[[126.89934,37.45692],[126.89928,37.45578],[126.8989,37.45561],[126.8988,37.45537],[126.89893,37.45534],[126.89847,37.4551],[126.89711,37.45536],[126.89763,37.45664],[126.89921,37.45704],[126.89934,37.45692]]]}},{"type":"Feature","properties":{"name":"신림12-1구역주거환경개선사업","cat":"주거환경개선","gu":"관악구"},"geometry":{"type":"Polygon","coordinates":[[[126.91481,37.47331],[126.91437,37.47301],[126.91377,37.47319],[126.91407,37.47391],[126.91481,37.47331]]]}},{"type":"Feature","properties":{"name":"면목5 주택재건축구역","cat":"정비예정구역","gu":"중랑구"},"geometry":{"type":"Polygon","coordinates":[[[127.07952,37.5819],[127.07871,37.58143],[127.07778,37.5827],[127.07821,37.58293],[127.07956,37.58289],[127.07952,37.5819]]]}},{"type":"Feature","properties":{"name":"면목2주택재건축정비사업구역","cat":"정비예정구역","gu":"중랑구"},"geometry":{"type":"Polygon","coordinates":[[[127.08702,37.57311],[127.08799,37.57273],[127.08767,37.5723],[127.08745,37.57229],[127.08752,37.57179],[127.08628,37.57169],[127.08635,37.5729],[127.08664,37.57286],[127.08702,37.57311]]]}},{"type":"Feature","properties":{"name":"금호16구역주택재개발사업","cat":"재개발","gu":"중구"},"geometry":{"type":"Polygon","coordinates":[[[127.01908,37.55281],[127.0189,37.55169],[127.01928,37.5517],[127.01923,37.55087],[127.01749,37.55043],[127.01708,37.5515],[127.01672,37.55154],[127.01822,37.55178],[127.01859,37.55259],[127.01848,37.55281],[127.01921,37.55297],[127.01927,37.55284],[127.01908,37.55281]]]}},{"type":"Feature","properties":{"name":"망우1구역 공공재건축정비구역","cat":"정비예정구역","gu":"중랑구"},"geometry":{"type":"Polygon","coordinates":[[[127.10729,37.60262],[127.10762,37.6019],[127.10756,37.60112],[127.1061,37.60118],[127.10605,37.60137],[127.10632,37.60166],[127.10617,37.60217],[127.10594,37.60231],[127.10582,37.60299],[127.10676,37.6031],[127.10729,37.60262]]]}},{"type":"Feature","properties":{"name":"응암4-2구역주택재개발사업","cat":"재건축","gu":"은평구"},"geometry":{"type":"Polygon","coordinates":[[[126.91957,37.58822],[126.91967,37.58833],[126.92074,37.58771],[126.92149,37.58631],[126.92133,37.58623],[126.92274,37.58558],[126.92228,37.58518],[126.9221,37.58536],[126.92024,37.58485],[126.92118,37.58468],[126.922,37.58408],[126.92183,37.58386],[126.92135,37.58408],[126.92116,37.58384],[126.92095,37.58425],[126.92023,37.5841],[126.92018,37.5843],[126.91948,37.58401],[126.91959,37.58364],[126.91936,37.58358],[126.91913,37.58428],[126.91854,37.58414],[126.91841,37.5842],[126.91852,37.58439],[126.91796,37.58455],[126.91703,37.58423],[126.91709,37.58392],[126.91786,37.58346],[126.91863,37.58336],[126.91594,37.58309],[126.91593,37.58375],[126.91558,37.58419],[126.91568,37.585],[126.91715,37.58662],[126.91828,37.58905],[126.91957,37.58822]]]}},{"type":"Feature","properties":{"name":"신길음1 재정비촉진구역","cat":"재개발","gu":"강북구"},"geometry":{"type":"Polygon","coordinates":[[[127.02921,37.61148],[127.02901,37.61242],[127.02999,37.61237],[127.03011,37.61141],[127.02921,37.61148]]]}},{"type":"Feature","properties":{"name":"상봉10재정비촉진구역","cat":"재개발","gu":"중랑구"},"geometry":{"type":"Polygon","coordinates":[[[127.09293,37.59906],[127.09524,37.60039],[127.09482,37.59931],[127.09295,37.5989],[127.09293,37.59906]]]}},{"type":"Feature","properties":{"name":"불광제6주택재개발","cat":"재개발","gu":"은평구"},"geometry":{"type":"MultiPolygon","coordinates":[[[[126.93977,37.61278],[126.93914,37.61156],[126.93916,37.61069],[126.93903,37.61065],[126.9383,37.61081],[126.93807,37.61125],[126.93746,37.61162],[126.93739,37.61184],[126.93783,37.61208],[126.93862,37.61208],[126.93932,37.61244],[126.93963,37.61286],[126.93977,37.61278]]],[[[126.93783,37.61133],[126.93819,37.61072],[126.93872,37.61058],[126.93763,37.61017],[126.93712,37.61088],[126.93636,37.61131],[126.93605,37.6113],[126.93588,37.612],[126.93688,37.61199],[126.93783,37.61133]]]]}},{"type":"Feature","properties":{"name":"신공덕5구역주택재개발사업","cat":"재개발","gu":"마포구"},"geometry":{"type":"Polygon","coordinates":[[[126.95406,37.54239],[126.95666,37.54116],[126.95681,37.54107],[126.95671,37.54087],[126.95597,37.54088],[126.95382,37.54193],[126.95406,37.54239]]]}},{"type":"Feature","properties":{"name":"도시환경정비사업구역","cat":"재개발","gu":"용산구"},"geometry":{"type":"Polygon","coordinates":[[[126.96908,37.53194],[126.96921,37.53182],[126.96896,37.53181],[126.96854,37.53139],[126.96883,37.53121],[126.9695,37.53165],[126.96979,37.53148],[126.96871,37.53035],[126.9687,37.53056],[126.96857,37.53042],[126.96797,37.53074],[126.96746,37.5302],[126.96681,37.53075],[126.96832,37.53147],[126.96946,37.53287],[126.9697,37.53283],[126.96908,37.53194]]]}},{"type":"Feature","properties":{"name":"주택재개발사업구역","cat":"재개발","gu":"강북구"},"geometry":{"type":"Polygon","coordinates":[[[127.02706,37.61378],[127.02667,37.61377],[127.02608,37.61454],[127.02437,37.6136],[127.02455,37.61316],[127.02311,37.61286],[127.02217,37.61289],[127.02232,37.61436],[127.02359,37.61445],[127.02582,37.61527],[127.02637,37.61527],[127.02697,37.61494],[127.02687,37.61437],[127.02706,37.61378]]]}},{"type":"Feature","properties":{"name":"고덕주공1단지아파트주택재건축사업","cat":"정비예정구역","gu":"강동구"},"geometry":{"type":"Polygon","coordinates":[[[127.15654,37.5605],[127.15643,37.55764],[127.1541,37.55767],[127.15332,37.5592],[127.15575,37.56041],[127.15654,37.5605]]]}},{"type":"Feature","properties":{"name":"마천3구역주택재개발사업","cat":"재개발","gu":"송파구"},"geometry":{"type":"Polygon","coordinates":[[[127.15419,37.49261],[127.1553,37.49262],[127.15566,37.4919],[127.1552,37.49157],[127.15368,37.49231],[127.15419,37.49261]]]}},{"type":"Feature","properties":{"name":"하왕3구역주택재개발사업","cat":"재개발","gu":"동대문구"},"geometry":{"type":"Polygon","coordinates":[[[127.0325,37.56981],[127.0335,37.56891],[127.03354,37.56844],[127.0303,37.56767],[127.03043,37.56945],[127.03144,37.56947],[127.0325,37.56981]]]}},{"type":"Feature","properties":{"name":"면목2구역주택재개발사업","cat":"재개발","gu":"중랑구"},"geometry":{"type":"Polygon","coordinates":[[[127.08882,37.57513],[127.08869,37.57459],[127.0883,37.57466],[127.0875,37.57401],[127.08697,37.57424],[127.08706,37.57442],[127.08689,37.57445],[127.08707,37.57491],[127.08691,37.57498],[127.08712,37.57506],[127.08814,37.57526],[127.08882,37.57513]]]}},{"type":"Feature","properties":{"name":"방배1구역주택재개발사업","cat":"재개발","gu":"관악구"},"geometry":{"type":"Polygon","coordinates":[[[126.98365,37.4739],[126.98326,37.47269],[126.98304,37.47254],[126.98231,37.47411],[126.982,37.47524],[126.98394,37.4751],[126.98358,37.47471],[126.98365,37.4739]]]}},{"type":"Feature","properties":{"name":"시흥2-1구역주택재개발사업","cat":"재건축","gu":"금천구"},"geometry":{"type":"Polygon","coordinates":[[[126.91909,37.45258],[126.91923,37.45238],[126.91902,37.45214],[126.92035,37.45219],[126.92054,37.45205],[126.92072,37.45007],[126.91762,37.44986],[126.91624,37.4501],[126.91756,37.45061],[126.91818,37.4514],[126.91757,37.45174],[126.91746,37.45228],[126.91667,37.45269],[126.91727,37.45276],[126.91798,37.45252],[126.91847,37.4531],[126.9181,37.45317],[126.91928,37.45414],[126.91999,37.45368],[126.91909,37.45258]]]}},{"type":"Feature","properties":{"name":"수색7재정비촉진구역","cat":"재개발","gu":"은평구"},"geometry":{"type":"Polygon","coordinates":[[[126.89662,37.58491],[126.89583,37.58539],[126.89619,37.58572],[126.89618,37.58537],[126.89666,37.58515],[126.89729,37.58534],[126.89718,37.5856],[126.89827,37.58587],[126.8982,37.58607],[126.8986,37.58634],[126.89935,37.58534],[126.8975,37.58405],[126.89662,37.58491]]]}},{"type":"Feature","properties":{"name":"수색.증산 재정비촉진지구","cat":"재정비촉진지구","gu":"은평구"},"geometry":{"type":"Polygon","coordinates":[[[126.8986,37.58634],[126.89987,37.58501],[126.89948,37.58487],[126.89923,37.58377],[126.89951,37.58349],[126.89987,37.58362],[126.89965,37.58324],[126.90059,37.58302],[126.90067,37.58245],[126.90091,37.58226],[126.90085,37.58141],[126.90131,37.58131],[126.90098,37.58116],[126.901,37.58074],[126.90054,37.58067],[126.90068,37.58008],[126.90236,37.5807],[126.90233,37.58111],[126.90302,37.5813],[126.90373,37.58202],[126.90355,37.58226],[126.90384,37.58242],[126.90379,37.58262],[126.90327,37.58316],[126.90355,37.58327],[126.90342,37.58357],[126.90412,37.58385],[126.90441,37.58448],[126.9042,37.58526],[126.90522,37.58588],[126.90521,37.58707],[126.90755,37.58772],[126.9077,37.58809],[126.90761,37.58866],[126.90844,37.58878],[126.90864,37.58909],[126.9104,37.58926],[126.91025,37.58939],[126.91044,37.5896],[126.91114,37.58907],[126.91287,37.58871],[126.91263,37.58759],[126.91221,37.5867],[126.91165,37.587],[126.90962,37.58495],[126.91014,37.58457],[126.90974,37.5842],[126.90926,37.58448],[126.90907,37.5843],[126.90929,37.58415],[126.9088,37.58354],[126.90836,37.58372],[126.9072,37.58262],[126.90626,37.5833],[126.90581,37.58413],[126.90518,37.58434],[126.90488,37.58401],[126.90531,37.58375],[126.90451,37.58287],[126.90536,37.58237],[126.90466,37.5814],[126.90537,37.5809],[126.90309,37.57875],[126.90206,37.57963],[126.90121,37.57886],[126.8939,37.58327],[126.89019,37.58483],[126.88943,37.58542],[126.88942,37.58558],[126.88994,37.58572],[126.89017,37.58635],[126.8897,37.58664],[126.88957,37.58698],[126.89121,37.58608],[126.89147,37.58632],[126.89129,37.5866],[126.89145,37.5868],[126.89129,37.58716],[126.89167,37.58701],[126.89258,37.58774],[126.89312,37.58774],[126.89337,37.58769],[126.89317,37.58725],[126.8929,37.58723],[126.89299,37.58692],[126.8944,37.58614],[126.8948,37.58693],[126.89571,37.58646],[126.89542,37.58583],[126.89624,37.58569],[126.89618,37.58537],[126.89659,37.58518],[126.89729,37.58534],[126.89718,37.5856],[126.89827,37.58587],[126.8982,37.58607],[126.8986,37.58634]]]}},{"type":"Feature","properties":{"name":"목동5단지아파트 재건축사업 정비구역","cat":"정비예정구역","gu":"양천구"},"geometry":{"type":"Polygon","coordinates":[[[126.88384,37.53365],[126.88348,37.53205],[126.88115,37.53209],[126.87729,37.53168],[126.8778,37.53391],[126.87828,37.53459],[126.88279,37.53628],[126.88376,37.53464],[126.88384,37.53365]]]}},{"type":"Feature","properties":{"name":"사당3-2구역주택재개발사업","cat":"재건축","gu":"동작구"},"geometry":{"type":"Polygon","coordinates":[[[126.97192,37.4888],[126.97136,37.48802],[126.97068,37.48829],[126.97025,37.48879],[126.96931,37.4889],[126.96875,37.48958],[126.9699,37.49015],[126.97151,37.48947],[126.97192,37.4888]]]}},{"type":"Feature","properties":{"name":"3-2·3구역","cat":"재개발","gu":"종로구"},"geometry":{"type":"Polygon","coordinates":[[[126.99378,37.56746],[126.99345,37.56723],[126.99341,37.56656],[126.99273,37.5666],[126.99259,37.56777],[126.99364,37.56777],[126.99355,37.56757],[126.99378,37.56746]]]}},{"type":"Feature","properties":{"name":"보광아파트 주택재건축정비사업","cat":"정비예정구역","gu":"구로구"},"geometry":{"type":"Polygon","coordinates":[[[126.88773,37.49629],[126.88809,37.49587],[126.8861,37.49497],[126.88659,37.49425],[126.88643,37.49445],[126.8858,37.49413],[126.88549,37.49453],[126.88568,37.49472],[126.88556,37.49501],[126.88445,37.49493],[126.8848,37.49545],[126.88552,37.49566],[126.88534,37.49619],[126.88773,37.49629]]]}},{"type":"Feature","properties":{"name":"다동7구역도시환경정비사업","cat":"재건축","gu":"종로구"},"geometry":{"type":"Polygon","coordinates":[[[126.98074,37.56696],[126.97992,37.56698],[126.97991,37.56734],[126.98072,37.56733],[126.98074,37.56696]]]}},{"type":"Feature","properties":{"name":"독바위역세권 도시정비형재개발정비구역","cat":"재개발","gu":"은평구"},"geometry":{"type":"Polygon","coordinates":[[[126.93298,37.61836],[126.93305,37.6175],[126.93262,37.61665],[126.93281,37.61601],[126.93247,37.61609],[126.93253,37.61638],[126.93232,37.61646],[126.9321,37.617],[126.9323,37.61736],[126.93136,37.61731],[126.93082,37.61752],[126.93086,37.6177],[126.93129,37.61754],[126.93121,37.61862],[126.93062,37.61886],[126.93068,37.619],[126.93089,37.61886],[126.93114,37.6201],[126.93168,37.61997],[126.93197,37.62011],[126.93298,37.61836]]]}},{"type":"Feature","properties":{"name":"가재울1주택재개발사업구역","cat":"재개발","gu":"서대문구"},"geometry":{"type":"Polygon","coordinates":[[[126.91388,37.57738],[126.9152,37.57709],[126.91491,37.57609],[126.91436,37.57531],[126.91357,37.5754],[126.91409,37.57623],[126.91412,37.57659],[126.91377,37.57712],[126.91388,37.57738]]]}},{"type":"Feature","properties":{"name":"마포로6재정비촉진구역","cat":"재개발","gu":"마포구"},"geometry":{"type":"Polygon","coordinates":[[[126.94878,37.54614],[126.95009,37.54536],[126.94966,37.54478],[126.94938,37.54475],[126.94788,37.54541],[126.94878,37.54614]]]}},{"type":"Feature","properties":{"name":"세운재정비촉진지구(중심지형)","cat":"재정비촉진지구","gu":"종로구"},"geometry":{"type":"MultiPolygon","coordinates":[[[[126.99255,37.56805],[126.99238,37.57022],[126.99764,37.57048],[126.99836,37.56244],[126.99335,37.56133],[126.99259,37.56774],[126.99302,37.56782],[126.99377,37.56762],[126.99494,37.56774],[126.99511,37.56781],[126.99506,37.56825],[126.99255,37.56805]],[[126.99633,37.56492],[126.99631,37.56434],[126.9979,37.56442],[126.998,37.56473],[126.99733,37.56471],[126.99719,37.56456],[126.99633,37.56492]],[[126.99584,37.56639],[126.99597,37.56497],[126.99615,37.56489],[126.99653,37.56541],[126.99649,37.56596],[126.9961,37.56594],[126.99607,37.5664],[126.99584,37.56639]]],[[[126.99255,37.56805],[126.99257,37.5679],[126.99259,37.56778],[126.99258,37.5678],[126.99255,37.56805]]],[[[126.99365,37.56773],[126.99365,37.56773],[126.99365,37.56773],[126.99365,37.56773]]]]}},{"type":"Feature","properties":{"name":"주택재개발사업구역","cat":"재개발","gu":"서대문구"},"geometry":{"type":"Polygon","coordinates":[[[126.94851,37.58332],[126.94819,37.58332],[126.94759,37.58378],[126.94733,37.58432],[126.94702,37.58452],[126.94591,37.58365],[126.94513,37.58437],[126.94484,37.58409],[126.94411,37.58411],[126.94379,37.58439],[126.94488,37.58517],[126.9456,37.58537],[126.94607,37.58514],[126.9466,37.58591],[126.94682,37.5858],[126.94731,37.58459],[126.94798,37.58498],[126.94814,37.58482],[126.94789,37.58464],[126.94807,37.58438],[126.94912,37.58387],[126.94851,37.58332]]]}},{"type":"Feature","properties":{"name":"문래동2가A 도시정비형 재개발구역","cat":"재개발","gu":"영등포구"},"geometry":{"type":"Polygon","coordinates":[[[126.89702,37.51309],[126.89195,37.511],[126.89146,37.51171],[126.89278,37.51286],[126.89358,37.51248],[126.89403,37.51314],[126.89456,37.51284],[126.89582,37.51326],[126.89608,37.51359],[126.89702,37.51309]]]}},{"type":"Feature","properties":{"name":"도렴19구역도시환경정비사업","cat":"재건축","gu":"종로구"},"geometry":{"type":"Polygon","coordinates":[[[126.9736,37.57366],[126.97279,37.57362],[126.97279,37.5739],[126.97338,37.57397],[126.9736,37.57366]]]}},{"type":"Feature","properties":{"name":"적선1구역도시환경정비사업","cat":"재건축","gu":"종로구"},"geometry":{"type":"Polygon","coordinates":[[[126.97317,37.57462],[126.97334,37.57416],[126.97289,37.57414],[126.9728,37.57462],[126.97317,37.57462]]]}},{"type":"Feature","properties":{"name":"이문5구역주택재개발사업","cat":"재개발","gu":"동대문구"},"geometry":{"type":"Polygon","coordinates":[[[127.06004,37.59421],[127.06134,37.59397],[127.06173,37.59359],[127.06107,37.59259],[127.06075,37.59264],[127.06068,37.59303],[127.06024,37.59285],[127.05937,37.5932],[127.05877,37.59283],[127.05814,37.59311],[127.05906,37.59387],[127.05946,37.59383],[127.05933,37.59397],[127.05975,37.59413],[127.06003,37.59385],[127.06018,37.59401],[127.06004,37.59421]]]}},{"type":"Feature","properties":{"name":"용산1주거환경개선지구","cat":"주거환경개선","gu":"용산구"},"geometry":{"type":"Polygon","coordinates":[[[126.98454,37.54653],[126.98495,37.54594],[126.98467,37.54573],[126.98436,37.54588],[126.98405,37.54577],[126.98415,37.54535],[126.98291,37.54515],[126.98306,37.54585],[126.98219,37.54626],[126.9822,37.5464],[126.98354,37.54651],[126.9841,37.5468],[126.98454,37.54653]]]}},{"type":"Feature","properties":{"name":"무교도시환경정비사업","cat":"재개발","gu":"종로구"},"geometry":{"type":"Polygon","coordinates":[[[126.97906,37.56891],[126.9791,37.5671],[126.97738,37.56708],[126.97733,37.5688],[126.97758,37.569],[126.97906,37.56891]]]}},{"type":"Feature","properties":{"name":"녹번주거환경개선사업","cat":"주거환경개선","gu":"은평구"},"geometry":{"type":"Polygon","coordinates":[[[126.93954,37.61049],[126.94007,37.61027],[126.94017,37.61043],[126.94037,37.60987],[126.94023,37.60985],[126.94083,37.60953],[126.94088,37.60933],[126.93995,37.60916],[126.94001,37.60876],[126.94025,37.60875],[126.94028,37.60804],[126.93963,37.60803],[126.93963,37.60765],[126.93947,37.60764],[126.93926,37.60821],[126.9394,37.60822],[126.93932,37.60884],[126.93839,37.60942],[126.93889,37.60991],[126.93891,37.61033],[126.93954,37.61049]]]}},{"type":"Feature","properties":{"name":"중학2구역도시환경정비사업","cat":"재개발","gu":"종로구"},"geometry":{"type":"Polygon","coordinates":[[[126.98013,37.57576],[126.98098,37.57554],[126.98046,37.57518],[126.98011,37.5755],[126.97968,37.57507],[126.97919,37.57523],[126.97963,37.57564],[126.98013,37.57576]]]}},{"type":"Feature","properties":{"name":"상계4-1구역주택재개발사업","cat":"재건축","gu":"노원구"},"geometry":{"type":"Polygon","coordinates":[[[127.07399,37.66165],[127.0716,37.65909],[127.07107,37.6588],[127.0715,37.66125],[127.07263,37.66246],[127.07344,37.66291],[127.07399,37.66165]]]}},{"type":"Feature","properties":{"name":"장위15구역","cat":"재개발","gu":"성북구"},"geometry":{"type":"Polygon","coordinates":[[[127.04761,37.60613],[127.04742,37.60784],[127.04725,37.60811],[127.04637,37.60858],[127.04618,37.60904],[127.04644,37.60908],[127.04743,37.61041],[127.04634,37.61058],[127.04638,37.61162],[127.04559,37.6115],[127.04547,37.61163],[127.04623,37.61239],[127.04753,37.6129],[127.04796,37.61285],[127.04808,37.61339],[127.04912,37.61348],[127.04894,37.61259],[127.04927,37.61225],[127.04955,37.61141],[127.04936,37.61119],[127.04985,37.60925],[127.05013,37.60912],[127.05008,37.60868],[127.05028,37.60861],[127.05038,37.60824],[127.05092,37.60786],[127.04761,37.60613]]]}},{"type":"Feature","properties":{"name":"금호11구역주택재개발사업","cat":"재개발","gu":"성동구"},"geometry":{"type":"Polygon","coordinates":[[[127.02338,37.54631],[127.02347,37.5451],[127.02429,37.54506],[127.02385,37.54435],[127.0227,37.54347],[127.02237,37.54371],[127.0223,37.54408],[127.02104,37.54402],[127.02113,37.54416],[127.02061,37.54452],[127.02103,37.54495],[127.02098,37.54537],[127.02069,37.54551],[127.02099,37.54559],[127.02095,37.54587],[127.02144,37.54568],[127.02169,37.5453],[127.02263,37.54536],[127.02318,37.54584],[127.02286,37.54627],[127.02323,37.54649],[127.02338,37.54631]]]}},{"type":"Feature","properties":{"name":"무교1구역도시환경정비사업","cat":"재건축","gu":"종로구"},"geometry":{"type":"Polygon","coordinates":[[[126.97846,37.56893],[126.97856,37.56866],[126.97803,37.56868],[126.9779,37.56898],[126.97846,37.56893]]]}},{"type":"Feature","properties":{"name":"무교7구역도시환경정비사업","cat":"재건축","gu":"종로구"},"geometry":{"type":"Polygon","coordinates":[[[126.97981,37.56863],[126.97936,37.56857],[126.97937,37.56883],[126.97975,37.56886],[126.97981,37.56863]]]}},{"type":"Feature","properties":{"name":"신촌지역 마포4-9지구 도시정비형 재개발사업","cat":"재개발","gu":"서대문구"},"geometry":{"type":"MultiPolygon","coordinates":[[[[126.93819,37.54996],[126.93816,37.54996],[126.93802,37.55022],[126.93819,37.54996]]],[[[126.9377,37.55081],[126.93771,37.55075],[126.93766,37.55079],[126.9377,37.55081]]],[[[126.93718,37.55108],[126.93748,37.55106],[126.93758,37.55074],[126.93718,37.55108]]],[[[126.93752,37.55127],[126.93748,37.55119],[126.93747,37.55128],[126.93752,37.55127]]],[[[126.93641,37.55358],[126.9358,37.55324],[126.93557,37.55369],[126.93632,37.55407],[126.93641,37.55358]]]]}},{"type":"Feature","properties":{"name":"금호제19주택재개발구역","cat":"재개발","gu":"성동구"},"geometry":{"type":"Polygon","coordinates":[[[127.02534,37.55181],[127.026,37.55],[127.02597,37.54946],[127.0254,37.54942],[127.02531,37.54993],[127.02504,37.5502],[127.02339,37.55089],[127.02249,37.55106],[127.02295,37.55224],[127.02315,37.55184],[127.02359,37.55177],[127.02385,37.55238],[127.02368,37.55289],[127.02488,37.55236],[127.02534,37.55181]]]}},{"type":"Feature","properties":{"name":"남대문9-1구역도시환경정비사업","cat":"재건축","gu":"중구"},"geometry":{"type":"Polygon","coordinates":[[[126.98,37.56059],[126.97991,37.56019],[126.97919,37.5602],[126.97924,37.56048],[126.98,37.56059]]]}},{"type":"Feature","properties":{"name":"창신_숭인재정비촉진지구창신주거환","cat":"주거환경개선","gu":"종로구"},"geometry":{"type":"Polygon","coordinates":[[[127.00932,37.57918],[127.00915,37.57822],[127.00935,37.57755],[127.00993,37.57674],[127.00992,37.5752],[127.01055,37.57514],[127.01047,37.57487],[127.00961,37.57483],[127.0097,37.57388],[127.01004,37.57367],[127.00974,37.57324],[127.00982,37.57302],[127.00922,37.57303],[127.00922,37.57483],[127.00892,37.57535],[127.0088,37.57674],[127.00898,37.57698],[127.0086,37.5778],[127.00844,37.57917],[127.00932,37.57918]]]}},{"type":"Feature","properties":{"name":"구로5구역주택재개발사업","cat":"재개발","gu":"구로구"},"geometry":{"type":"Polygon","coordinates":[[[126.8931,37.49709],[126.89376,37.49518],[126.89271,37.49532],[126.89298,37.49547],[126.89259,37.49594],[126.89274,37.49631],[126.89238,37.49694],[126.8931,37.49709]]]}},{"type":"Feature","properties":{"name":"마포로1-3구역도시환경정비사업","cat":"재건축","gu":"마포구"},"geometry":{"type":"Polygon","coordinates":[[[126.94521,37.53936],[126.94477,37.53921],[126.94444,37.53949],[126.9447,37.53968],[126.94521,37.53936]]]}},{"type":"Feature","properties":{"name":"남서울 한양아파트","cat":"정비예정구역","gu":"금천구"},"geometry":{"type":"Polygon","coordinates":[[[126.9018,37.44861],[126.90255,37.44873],[126.90261,37.44859],[126.90231,37.44852],[126.90229,37.44821],[126.90197,37.44812],[126.90184,37.44841],[126.90258,37.44631],[126.90202,37.44621],[126.90214,37.4456],[126.90141,37.44532],[126.90085,37.44598],[126.90098,37.4449],[126.9006,37.4443],[126.89904,37.4445],[126.89833,37.44609],[126.89865,37.44611],[126.89866,37.44657],[126.90013,37.44685],[126.90004,37.44675],[126.90088,37.44642],[126.90086,37.44691],[126.90107,37.44725],[126.90082,37.44743],[126.90021,37.44738],[126.90028,37.44806],[126.90047,37.44842],[126.90089,37.44847],[126.90093,37.44899],[126.90126,37.44917],[126.90172,37.44908],[126.9018,37.44861]]]}},{"type":"Feature","properties":{"name":"서소문 도시정비형 재개발구역 제10지구","cat":"재건축","gu":"중구"},"geometry":{"type":"MultiPolygon","coordinates":[[[[126.97545,37.56326],[126.97558,37.56322],[126.97558,37.56312],[126.97545,37.56326]]],[[[126.9755,37.56277],[126.97533,37.56278],[126.97552,37.56298],[126.9755,37.56277]]],[[[126.97327,37.56271],[126.97349,37.56212],[126.97302,37.56198],[126.9728,37.56261],[126.97327,37.56271]]]]}},{"type":"Feature","properties":{"name":"세종로2구역도시환경정비사업","cat":"재건축","gu":"종로구"},"geometry":{"type":"Polygon","coordinates":[[[126.97596,37.57042],[126.97522,37.57042],[126.97506,37.57089],[126.97583,37.5709],[126.97596,37.57042]]]}},{"type":"Feature","properties":{"name":"다동16구역도시환경정비사업","cat":"재건축","gu":"종로구"},"geometry":{"type":"Polygon","coordinates":[[[126.9825,37.56814],[126.98213,37.56812],[126.98215,37.5687],[126.98251,37.56858],[126.9825,37.56814]]]}},{"type":"Feature","properties":{"name":"주택재개발사업구역","cat":"재개발","gu":"성동구"},"geometry":{"type":"Polygon","coordinates":[[[127.028,37.54738],[127.0275,37.54714],[127.02742,37.54668],[127.02672,37.54616],[127.02671,37.54591],[127.02575,37.54535],[127.02548,37.54539],[127.02561,37.54611],[127.02526,37.54652],[127.02576,37.54758],[127.02674,37.54758],[127.02709,37.54735],[127.02714,37.54796],[127.02744,37.54806],[127.0279,37.54781],[127.028,37.54738]]]}},{"type":"Feature","properties":{"name":"장위7구역","cat":"재개발","gu":"성북구"},"geometry":{"type":"Polygon","coordinates":[[[127.04957,37.62055],[127.04941,37.62041],[127.05152,37.61828],[127.05145,37.61806],[127.05029,37.6173],[127.05004,37.61734],[127.04932,37.61692],[127.04681,37.61843],[127.04721,37.61922],[127.04957,37.62055]],[[127.0497,37.61789],[127.0494,37.61751],[127.04993,37.61748],[127.05022,37.61779],[127.0497,37.61789]]]}},{"type":"Feature","properties":{"name":"서대문3-1구역도시환경정비사업","cat":"재건축","gu":"서대문구"},"geometry":{"type":"Polygon","coordinates":[[[126.96862,37.56307],[126.96886,37.56272],[126.96828,37.56245],[126.96828,37.56281],[126.96862,37.56307]]]}},{"type":"Feature","properties":{"name":"주거환경개선사업","cat":"주거환경개선","gu":"종로구"},"geometry":{"type":"Polygon","coordinates":[[[126.96496,37.57291],[126.96557,37.57202],[126.96523,37.57184],[126.96549,37.57176],[126.96549,37.57158],[126.96507,37.57152],[126.96502,37.57196],[126.9653,37.57208],[126.96527,37.57239],[126.96487,37.57217],[126.96449,37.57249],[126.96496,37.57291]]]}},{"type":"Feature","properties":{"name":"마포로1구역 도시정비형 재개발구역","cat":"재개발","gu":"마포구"},"geometry":{"type":"MultiPolygon","coordinates":[[[[126.95252,37.54475],[126.95291,37.54482],[126.95311,37.5442],[126.95472,37.54433],[126.95453,37.5436],[126.95502,37.54244],[126.95488,37.54234],[126.95422,37.54263],[126.95382,37.54193],[126.95093,37.54334],[126.95203,37.54498],[126.95252,37.54475]]],[[[126.95062,37.54295],[126.95164,37.54244],[126.94921,37.54074],[126.94683,37.53964],[126.94675,37.53876],[126.94621,37.53885],[126.94464,37.53784],[126.94438,37.53759],[126.94472,37.53738],[126.94431,37.53683],[126.94415,37.53557],[126.9436,37.53527],[126.94399,37.53764],[126.94428,37.53805],[126.94986,37.54214],[126.95062,37.54295]]],[[[126.94962,37.54436],[126.95047,37.54544],[126.95148,37.54507],[126.95036,37.5435],[126.94603,37.54546],[126.9463,37.54583],[126.94962,37.54436]]],[[[126.94335,37.53821],[126.94405,37.53892],[126.94384,37.53906],[126.94479,37.54004],[126.94492,37.54094],[126.94843,37.544],[126.95016,37.54322],[126.9484,37.54168],[126.94379,37.53832],[126.94335,37.53821]]]]}},{"type":"Feature","properties":{"name":"을지로2가10구역도시환경정비사업","cat":"재건축","gu":"종로구"},"geometry":{"type":"Polygon","coordinates":[[[126.98391,37.56674],[126.98391,37.56622],[126.98347,37.56623],[126.98292,37.56668],[126.98391,37.56674]]]}},{"type":"Feature","properties":{"name":"금호12구역주거환경개선사업","cat":"주거환경개선","gu":"중구"},"geometry":{"type":"Polygon","coordinates":[[[127.02445,37.55757],[127.02481,37.55588],[127.02381,37.55577],[127.02374,37.55619],[127.0241,37.55725],[127.02403,37.55766],[127.02377,37.55773],[127.02439,37.55776],[127.02459,37.55758],[127.02445,37.55757]]]}},{"type":"Feature","properties":{"name":"장위10구역","cat":"재개발","gu":"성북구"},"geometry":{"type":"MultiPolygon","coordinates":[[[[127.05342,37.6141],[127.05479,37.61279],[127.05492,37.61284],[127.05481,37.61277],[127.05516,37.61245],[127.0545,37.61212],[127.05347,37.61308],[127.05316,37.6128],[127.05323,37.61252],[127.05369,37.61262],[127.05362,37.61246],[127.05388,37.61263],[127.05443,37.61205],[127.05373,37.61173],[127.05369,37.61187],[127.0507,37.61126],[127.0503,37.61264],[127.05005,37.61279],[127.04894,37.61259],[127.04912,37.61348],[127.05035,37.61332],[127.05342,37.6141]]],[[[127.04953,37.61222],[127.04947,37.61193],[127.04928,37.61191],[127.04918,37.61216],[127.04953,37.61222]]]]}},{"type":"Feature","properties":{"name":"상도6구역주택재개발사업","cat":"재개발","gu":"동작구"},"geometry":{"type":"Polygon","coordinates":[[[126.95838,37.49979],[126.95983,37.49966],[126.95981,37.49903],[126.95931,37.49846],[126.9591,37.49776],[126.95919,37.49732],[126.95896,37.49717],[126.95882,37.49739],[126.95705,37.49785],[126.95762,37.49872],[126.95798,37.49861],[126.95809,37.50013],[126.95838,37.49979]]]}},{"type":"Feature","properties":{"name":"고덕주공7단지주택재건축사업","cat":"정비예정구역","gu":"강동구"},"geometry":{"type":"Polygon","coordinates":[[[127.17074,37.54971],[127.17029,37.55001],[127.16972,37.54983],[127.16923,37.54925],[127.16874,37.5479],[127.16722,37.54726],[127.16697,37.54812],[127.16555,37.54958],[127.1654,37.55039],[127.16814,37.55033],[127.17049,37.55065],[127.17074,37.54971]]]}},{"type":"Feature","properties":{"name":"개포주공5단지 주택재건축정비사업","cat":"정비예정구역","gu":"강남구"},"geometry":{"type":"Polygon","coordinates":[[[127.06777,37.4863],[127.06671,37.48818],[127.06921,37.48898],[127.06976,37.48789],[127.07056,37.48719],[127.06777,37.4863]]]}},{"type":"Feature","properties":{"name":"남대문17구역도시환경정비사업","cat":"재건축","gu":"중구"},"geometry":{"type":"Polygon","coordinates":[[[126.98147,37.56035],[126.98013,37.55987],[126.98026,37.56071],[126.98157,37.56066],[126.98147,37.56035]]]}},{"type":"Feature","properties":{"name":"봉천10-3구역주거환경개선사업","cat":"주거환경개선","gu":"관악구"},"geometry":{"type":"Polygon","coordinates":[[[126.95326,37.48316],[126.95297,37.4828],[126.952,37.48303],[126.95203,37.48323],[126.95326,37.48316]]]}},{"type":"Feature","properties":{"name":"종암2구역주택재개발사업","cat":"재개발","gu":"성북구"},"geometry":{"type":"Polygon","coordinates":[[[127.03166,37.60267],[127.03142,37.60252],[127.03107,37.60261],[127.0307,37.60228],[127.03095,37.60203],[127.03087,37.60176],[127.03176,37.60168],[127.03167,37.60054],[127.03142,37.60043],[127.03183,37.60016],[127.03165,37.59995],[127.03021,37.60025],[127.0289,37.59991],[127.02858,37.60004],[127.02839,37.59985],[127.02851,37.60034],[127.02826,37.60109],[127.0293,37.6018],[127.03015,37.60194],[127.03039,37.60233],[127.03132,37.60283],[127.03166,37.60267]]]}},{"type":"Feature","properties":{"name":"월곡2구역도시환경정비사업","cat":"재개발","gu":"성북구"},"geometry":{"type":"Polygon","coordinates":[[[127.03052,37.60437],[127.03054,37.60621],[127.03098,37.6062],[127.03178,37.60393],[127.0316,37.60385],[127.03052,37.60437]]]}},{"type":"Feature","properties":{"name":"상도4구역주택재개발사업","cat":"재개발","gu":"동작구"},"geometry":{"type":"Polygon","coordinates":[[[126.95365,37.50492],[126.95384,37.50407],[126.95485,37.50373],[126.95502,37.50385],[126.95529,37.50283],[126.95507,37.50215],[126.95641,37.50059],[126.95636,37.50001],[126.9569,37.4992],[126.95599,37.49857],[126.9557,37.49803],[126.95534,37.49793],[126.95525,37.49757],[126.95475,37.49718],[126.95446,37.49719],[126.95434,37.49739],[126.95374,37.49735],[126.95338,37.49781],[126.95286,37.49763],[126.95262,37.49776],[126.95299,37.49797],[126.95276,37.49824],[126.95285,37.49844],[126.95256,37.49864],[126.95285,37.49863],[126.95286,37.49886],[126.9525,37.49901],[126.95299,37.49911],[126.9532,37.49954],[126.95342,37.49951],[126.95366,37.50031],[126.95338,37.50054],[126.95351,37.50063],[126.95331,37.50101],[126.95353,37.50111],[126.95326,37.50219],[126.95339,37.50218],[126.95336,37.50271],[126.95369,37.50274],[126.9537,37.50309],[126.95408,37.50298],[126.95433,37.50363],[126.95339,37.50399],[126.9532,37.50424],[126.95349,37.50438],[126.95328,37.50453],[126.95344,37.50456],[126.95341,37.50481],[126.95365,37.50492]]]}},{"type":"Feature","properties":{"name":"화곡1주택재건축정비구역","cat":"정비예정구역","gu":"강서구"},"geometry":{"type":"Polygon","coordinates":[[[126.83858,37.54555],[126.83994,37.5455],[126.84011,37.54491],[126.84072,37.54497],[126.84133,37.54552],[126.8418,37.54549],[126.84198,37.54529],[126.84206,37.54432],[126.84151,37.54457],[126.83884,37.5444],[126.83815,37.54528],[126.83858,37.54555]]]}},{"type":"Feature","properties":{"name":"신사동 200번지 일대 주택정비형 재개발정비구역","cat":"재개발","gu":"은평구"},"geometry":{"type":"Polygon","coordinates":[[[126.90464,37.59531],[126.90729,37.59637],[126.90772,37.59593],[126.9088,37.59572],[126.90783,37.59384],[126.90577,37.59401],[126.90584,37.59354],[126.90544,37.59371],[126.90528,37.59504],[126.90464,37.59531]]]}},{"type":"Feature","properties":{"name":"서소문1-1지구","cat":"재건축","gu":"중구"},"geometry":{"type":"Polygon","coordinates":[[[126.9764,37.56337],[126.97605,37.56312],[126.97562,37.56316],[126.97548,37.5634],[126.97632,37.56363],[126.9764,37.56337]]]}},{"type":"Feature","properties":{"name":"서소문1-2지구","cat":"재건축","gu":"중구"},"geometry":{"type":"Polygon","coordinates":[[[126.9764,37.56337],[126.9761,37.5627],[126.97563,37.56286],[126.97562,37.56316],[126.97605,37.56312],[126.97613,37.56339],[126.9764,37.56337]]]}}]}